ST_NAME,PC_NAME,ST_CODE,PC_CODE,Res,Agricultural loan availability,Electricity for Agriculture,Higher price-realization for farm products,Irrigation Programmes,Subsidy for seeds and fertilizers,Accessibility of MP,Anti-terrorism,Better employment opportunities,Better electric supply,Better hospitals / Primary Healthcare Centres,Better Law and Order / Policing,Better public transport,Better roads,Better schools,Drinking water,Empowerment of Women,Environmental issues,Eradication of Corruption,Reservation for jobs and education,Security for women,Strong Defence/Military,Subsidized food distribution,Training for jobs,Trustworthiness of MP,Other,Better garbage clearance,Encroachment of public land / lakes etc,Facility for pedestrians and cyclists on roads,Lower food prices for Consumers,Traffic congestio,Const Avg
AN,Andaman & Nicobar Islands,U01,1,GEN,,,,,,,,,,,,,,,,,,,,,,,,,,,,,,,
AP,Zahirabad,S01,5,GEN,5.6,6.91,7.65,6.85,6.32,5.52,6.6,6.89,6.65,6.81,7.32,7.32,7.11,7.03,7.02,7.02,6.94,6.72,6.82,6.96,7.09,7.05,6.78,6.74,6.91,6.21,6.09,6.90,6.96,,6.79
AP,Araku,S01,18,ST,4.6,4.7,4.7,4.7,4.7,6.7,6.7,6.7,6.7,6.7,6.7,6.7,6.7,6.7,6.7,6.7,6.7,6.7,6.7,6.7,6.71,6.72,6.70,6.71,6.70,4.60,4.69,5.35,4.51,,6.08
AP,Khammam,S01,17,GEN,5.0,4.5,5.5,4.6,4.8,7.7,6.9,7.4,7.4,7.9,7.6,7.4,6.5,7.4,7.4,8.0,7.0,7.1,6.9,7.2,7.46,8.91,6.74,6.38,3.69,9.27,4.20,3.95,3.88,,6.50
AP,Medak,S01,6,GEN,8.0,6.6,5.3,6.9,7.8,6.8,6.3,6.6,6.7,7.1,6.8,6.8,7.4,7.1,7.2,6.7,6.5,6.7,6.7,6.3,6.08,6.72,6.60,6.69,6.21,5.88,6.87,7.35,7.35,,6.77
AP,Anakapalli,S01,22,GEN,6.6,6.4,6.6,6.6,6.6,6.7,6.5,6.5,6.6,6.6,6.5,6.6,6.6,6.6,6.5,6.5,6.6,6.5,6.5,6.5,6.57,6.59,6.56,6.59,6.54,6.65,6.44,6.62,6.60,,6.56
AP,Bhongir,S01,14,GEN,5.4,5.1,5.2,5.2,5.2,6.2,6.1,5.9,5.3,6.0,6.1,6.1,6.1,5.9,5.9,5.8,5.9,5.8,5.9,5.9,5.96,6.01,6.07,6.16,6.06,5.73,5.97,5.97,6.21,,5.83
AP,Chevella,S01,10,GEN,6.5,6.4,6.5,6.4,6.6,6.7,6.8,6.8,6.7,6.9,6.8,6.9,6.8,6.9,6.8,6.8,6.6,6.7,6.6,6.4,6.37,6.35,6.36,6.39,6.55,6.90,7.00,6.82,6.84,,6.65
AP,Srikakulam,S01,19,GEN,4.3,4.3,4.3,4.3,4.3,4.4,4.3,4.4,4.5,4.4,4.4,4.4,4.4,4.5,4.5,4.5,4.5,4.5,4.5,4.4,4.39,4.39,4.39,4.40,4.39,7.33,6.67,6.67,7.33,,4.76
AP,Eluru,S01,27,GEN,6.1,6.0,6.6,7.1,6.6,5.2,5.9,8.0,7.0,5.3,6.3,7.5,6.8,5.6,6.5,7.6,6.9,5.5,6.3,7.5,6.61,5.54,6.60,7.46,6.11,4.20,6.43,9.15,6.67,,6.52
AP,Secunderabad,S01,8,GEN,3.3,3.3,6.7,6.7,6.7,5.0,5.4,5.9,6.2,6.1,6.1,5.9,5.5,5.8,5.6,6.0,6.1,5.9,5.9,5.6,5.85,5.96,5.84,5.76,5.22,4.31,4.86,5.02,4.85,,5.56
AP,Peddapalle,S01,2,SC,6.9,7.3,7.1,7.1,7.1,5.8,6.8,6.9,6.9,7.3,7.2,7.5,7.5,7.5,7.4,7.2,7.3,7.3,7.0,7.0,7.19,7.16,7.06,6.81,6.73,6.28,6.93,7.33,7.15,,7.06
AP,Rajahmundry,S01,25,GEN,6.3,6.1,6.3,6.5,6.3,6.1,5.7,5.8,6.1,6.1,5.8,6.3,6.3,6.2,6.1,6.3,6.3,6.3,6.3,6.2,6.29,6.30,6.29,6.16,6.07,5.24,5.97,6.33,6.52,,6.16
AP,Nalgonda,S01,13,GEN,5.8,5.2,5.3,5.4,5.3,6.2,6.4,6.1,5.8,6.0,6.1,6.1,6.1,6.1,6.3,5.8,5.9,5.9,6.0,6.0,6.03,6.09,6.10,6.31,6.30,5.86,6.34,6.25,6.23,,5.97
AP,Narsapuram,S01,26,GEN,6.6,6.3,6.6,6.8,6.6,6.5,6.0,6.5,6.9,6.4,6.2,6.5,6.8,6.4,6.2,6.4,6.7,6.5,6.3,6.4,6.59,6.51,6.35,6.39,6.43,5.92,6.09,5.97,6.12,,6.42
AP,Nagarkurnool,S01,12,SC,5.7,5.2,5.6,5.1,5.5,5.6,6.0,5.8,5.5,5.7,5.7,5.9,6.0,6.2,6.0,5.8,5.5,5.6,5.9,5.6,5.54,5.76,5.69,5.70,6.67,5.86,5.47,5.69,4.21,,5.67
AP,Amlapuram,S01,24,SC,7.3,6.2,5.6,6.8,7.4,5.9,6.4,6.4,6.2,6.5,6.6,6.4,6.5,6.3,6.4,6.4,6.4,6.5,6.0,6.6,6.26,6.30,6.56,6.25,6.78,6.56,6.03,7.00,7.74,,6.49
AP,Narasaraopet,S01,31,GEN,4.7,5.8,7.8,6.8,5.6,4.7,6.7,7.6,6.2,5.3,6.7,7.3,6.1,5.6,6.7,7.0,6.0,5.7,6.6,6.9,5.91,5.73,6.78,6.84,5.99,4.33,6.57,7.77,6.58,,6.28
AP,Machilipatnam,S01,28,GEN,6.0,6.0,7.2,7.0,6.0,5.3,6.6,7.4,6.7,5.8,6.5,7.1,6.6,6.4,6.6,6.9,6.8,6.1,6.3,6.9,6.63,6.20,6.66,6.76,6.25,6.72,6.00,6.32,7.54,,6.53
AP,Guntur,S01,30,GEN,3.6,6.6,9.1,6.7,4.4,4.0,6.6,8.8,6.7,4.8,6.6,8.3,6.7,5.0,6.6,8.0,6.8,5.2,6.7,8.1,6.64,5.20,6.63,8.01,6.57,4.20,6.67,8.69,6.58,,6.49
AP,Ongole,S01,33,GEN,4.9,5.8,6.2,6.0,5.9,5.7,6.0,6.0,6.0,5.9,5.8,5.8,5.8,5.8,5.9,5.9,6.0,5.9,6.0,6.0,5.87,5.91,6.11,6.20,6.14,6.35,6.43,6.53,5.23,,5.93
AP,Bapatla,S01,32,SC,4.3,6.2,8.1,7.1,6.4,4.5,6.4,8.2,6.9,5.8,6.5,7.6,6.5,5.8,6.8,7.5,6.6,5.9,6.8,7.4,6.42,5.74,6.80,7.49,6.53,4.42,6.65,8.16,6.51,,6.55
AP,Kurnool,S01,35,GEN,6.6,6.3,6.0,6.1,6.4,5.7,6.0,5.6,5.7,5.4,5.8,5.9,6.3,6.0,6.1,5.8,5.7,5.4,5.6,5.4,5.60,5.62,5.74,5.83,5.77,5.77,6.28,5.79,5.86,,5.86
AP,Karimnagar,S01,3,GEN,6.7,6.1,6.2,6.0,6.7,6.3,6.7,6.2,6.7,7.0,6.7,7.0,7.1,7.4,7.1,7.0,6.6,6.1,6.3,6.3,6.54,6.69,5.96,6.05,5.91,5.09,5.57,5.72,5.74,,6.40
AP,Nizamabad,S01,4,GEN,5.0,6.2,5.3,6.1,5.3,5.7,5.6,5.9,5.6,6.0,5.6,5.9,5.5,5.7,5.2,5.9,5.6,5.9,5.7,6.1,5.60,6.04,5.60,6.04,5.34,6.14,6.29,6.13,6.37,,5.76
AP,Vizianagaram,S01,20,GEN,4.9,5.6,4.9,4.9,5.3,5.3,5.2,5.3,5.2,5.2,5.2,5.2,5.2,5.2,5.3,5.3,5.3,5.3,5.3,5.2,5.17,5.24,5.20,5.22,5.16,4.39,4.61,5.27,4.50,,5.13
AP,Kakinada,S01,23,GEN,6.3,6.2,6.3,6.3,6.2,6.2,6.1,6.2,6.2,6.1,6.1,6.1,6.2,6.2,6.1,6.2,6.0,6.1,6.0,6.1,6.16,6.20,6.22,6.22,6.28,6.59,6.46,6.59,6.57,,6.22
AP,Adilabad,S01,1,ST,6.8,7.5,7.3,7.4,7.4,7.0,7.7,7.6,7.8,7.7,7.6,7.9,7.8,7.7,7.7,7.5,7.7,7.6,7.6,7.6,7.61,7.54,7.72,7.51,7.36,6.67,10.00,10.00,6.67,,7.64
AP,Rajampet,S01,41,GEN,6.1,6.9,6.3,6.7,7.6,6.1,6.2,7.3,7.1,7.4,7.2,7.0,6.5,6.7,7.1,6.9,6.9,7.5,6.9,6.7,7.23,7.62,7.67,7.49,7.01,,,,6.67,,6.95
AP,Nellore,S01,39,GEN,4.1,6.6,8.8,6.5,4.5,5.0,6.6,7.9,6.3,5.3,6.7,8.0,6.9,5.6,6.6,7.6,6.4,5.3,6.7,8.1,6.93,5.54,6.82,7.43,5.84,5.25,6.44,7.60,6.35,,6.47
AP,Anantapur,S01,36,GEN,4.4,5.6,6.0,6.0,6.1,5.0,5.7,6.2,6.1,6.1,6.1,6.1,6.2,6.2,6.1,5.9,5.8,5.9,6.2,6.1,6.05,6.10,6.12,6.22,6.27,4.24,5.72,6.55,6.49,,5.92
AP,Kadapa,S01,38,GEN,,,,,,,,,,,,,,,,,,,,,,,,,,,,,,,
AP,Nandyal,S01,34,GEN,4.3,6.0,6.7,6.4,6.6,4.6,5.1,6.0,6.3,6.2,6.0,6.0,6.0,6.1,6.2,6.2,6.2,6.0,5.8,6.1,6.11,5.85,5.78,5.99,6.21,7.07,5.52,6.07,6.21,,5.99
AP,Mahabubabad,S01,16,ST,4.9,7.1,6.9,7.0,7.0,6.7,6.7,3.6,6.7,3.7,6.4,6.7,6.7,6.8,6.8,6.7,3.7,3.6,6.6,6.7,6.71,3.66,3.71,6.63,3.55,5.71,6.90,7.79,7.23,,5.96
AP,Chittoor,S01,42,SC,5.5,5.9,4.0,5.1,6.9,5.0,4.0,6.4,6.3,6.3,5.6,6.0,5.3,6.4,5.3,5.2,4.5,4.6,6.7,4.8,5.87,7.27,5.94,4.73,5.21,6.67,3.33,6.67,6.67,,5.59
AP,Tirupati,S01,40,SC,4.9,5.1,5.2,5.4,5.2,4.9,4.9,5.1,5.4,5.3,5.3,5.3,5.3,5.2,5.5,6.9,5.5,5.3,5.1,5.3,4.83,4.89,4.93,4.72,4.97,3.47,4.38,5.00,3.61,,5.06
AP,Hindupur,S01,37,GEN,5.9,5.6,5.5,5.2,5.1,6.7,6.8,6.6,6.2,6.4,6.5,6.4,6.1,6.0,5.9,6.1,6.4,6.6,6.7,6.5,6.61,6.38,6.50,6.66,6.71,7.90,7.77,8.20,8.41,,6.50
AP,Mahbubnagar,S01,11,GEN,7.3,8.0,6.7,7.5,7.1,7.4,7.9,7.4,7.7,7.1,7.8,7.5,7.9,7.4,7.9,7.3,7.6,7.5,7.8,7.3,7.71,7.74,7.35,7.30,7.51,7.28,9.14,9.32,8.84,,7.66
AP,Vijayawada,S01,29,GEN,5.5,5.1,7.7,8.1,5.3,5.3,5.6,7.8,7.3,5.5,5.8,7.4,7.8,7.2,7.0,7.4,6.8,5.5,6.2,7.3,6.80,6.36,6.67,6.75,5.75,4.76,6.12,8.53,7.01,,6.57
AP,Visakhapatnam,S01,21,GEN,6.6,6.6,6.7,6.7,6.6,6.7,6.4,6.3,6.6,6.6,6.4,6.5,6.5,6.5,6.5,6.6,6.6,6.6,6.6,6.5,6.36,6.60,6.55,6.46,6.43,6.30,5.56,5.93,5.56,,6.44
AP,Warangal,S01,15,SC,4.6,4.8,4.6,4.7,5.2,4.7,4.2,4.5,4.6,5.3,4.4,5.0,5.7,6.1,6.0,4.9,4.4,4.4,4.5,4.4,4.39,4.36,4.48,4.52,4.27,,,,,,4.76
AP,Hyderabad,S01,9,GEN,3.3,6.7,6.7,5.6,5.6,5.3,6.0,6.2,6.0,6.1,6.2,6.2,5.8,6.0,6.1,6.1,5.8,6.0,6.3,6.1,5.97,5.88,6.19,6.04,5.15,4.67,5.54,5.47,5.03,,5.79
AP,Malkajgiri,S01,7,GEN,4.9,5.3,4.7,4.9,4.9,5.1,5.6,5.7,6.3,5.9,6.1,6.1,6.4,6.1,6.3,5.9,5.7,5.5,5.6,5.7,5.60,5.56,5.46,5.19,6.00,7.55,5.56,5.17,6.62,,5.70
AR,Arunachal West,S02,1,GEN,,,,,,,,,,,,,,,,,,,,,,,,,,,,,,,
AR,Arunachal East,S02,2,GEN,,,,,,,,,,,,,,,,,,,,,,,,,,,,,,,
AS,Lakhimpur,S03,14,GEN,3.6,3.7,3.4,3.4,3.5,3.6,3.5,3.5,4.0,4.1,4.1,4.2,4.1,4.2,4.0,3.7,3.7,3.6,3.6,3.6,3.62,3.58,3.53,3.57,3.57,3.47,3.74,3.74,4.22,,3.73
AS,Dibrugarh,S03,13,GEN,6.1,3.4,3.4,3.7,5.1,4.3,8.1,3.5,5.1,6.8,7.0,4.6,4.6,5.9,4.7,3.9,3.6,3.5,4.2,4.2,7.94,5.49,3.67,4.27,4.11,4.58,4.17,4.31,3.33,,4.74
AS,Jorhat,S03,12,GEN,3.7,3.6,3.4,3.5,3.4,3.9,3.6,3.8,5.0,5.6,4.6,5.1,4.6,5.4,4.1,3.6,4.1,4.2,3.7,3.5,4.66,3.80,3.67,3.94,5.26,,,,,,4.15
AS,Tezpur,S03,9,GEN,4.4,4.5,5.3,4.3,4.3,4.2,4.9,5.2,7.3,7.6,5.2,7.0,7.4,7.6,5.4,5.1,4.8,4.1,5.1,4.3,4.70,5.27,5.32,5.04,6.67,3.33,5.00,5.00,6.67,,5.35
AS,Kaliabor,S03,11,GEN,5.1,4.6,4.6,4.7,4.8,5.1,4.5,4.7,4.8,5.1,5.2,5.4,5.6,5.5,5.3,5.1,5.0,5.0,5.0,5.1,5.11,4.97,4.68,4.90,5.24,6.77,5.16,4.77,5.09,,5.06
AS,Mangaldoi,S03,8,GEN,3.9,3.6,3.6,3.7,3.9,3.8,3.8,3.5,4.1,4.3,4.1,4.4,4.5,4.2,3.8,3.7,3.8,3.4,3.5,3.5,4.03,3.97,3.46,3.60,3.39,3.38,3.42,3.47,3.51,,3.77
AS,Nagaon,S03,10,GEN,,,,,,,,,,,,,,,,,,,,,,,,,,,,,,,
AS,Autonomous District,S03,3,ST,4.0,4.1,3.9,3.9,3.9,4.1,4.3,3.7,4.1,4.8,4.6,4.5,4.2,4.7,4.0,4.5,4.7,4.0,3.9,4.6,4.60,4.15,3.77,4.29,3.60,3.48,3.76,3.56,3.56,,4.11
AS,Dhubri,S03,4,GEN,3.3,3.3,3.4,3.3,4.2,3.9,3.8,3.8,3.6,3.9,3.8,3.8,4.6,4.0,6.5,4.0,3.8,3.8,3.8,3.8,3.80,3.84,3.80,3.81,5.58,,,,,,3.97
AS,Karimganj,S03,1,SC,4.3,4.7,5.0,5.3,5.2,4.5,4.7,4.7,4.8,5.3,5.3,5.3,5.3,5.3,4.8,4.7,4.6,4.5,4.8,4.9,5.49,5.31,4.62,5.27,5.26,5.08,4.88,4.49,5.25,,4.96
AS,Silchar,S03,2,GEN,4.8,4.8,4.8,4.8,4.8,6.1,5.0,5.0,5.2,5.8,5.0,5.0,5.6,5.5,5.7,5.4,5.2,5.0,5.0,5.0,5.30,5.70,4.99,5.34,5.60,5.59,5.56,5.56,5.70,,5.26
AS,Kokrajhar,S03,5,ST,4.2,4.0,4.2,4.0,5.1,5.7,5.2,5.4,6.0,4.9,5.7,5.3,5.0,5.9,4.9,4.7,4.8,5.4,5.4,4.7,5.88,4.63,4.15,5.80,6.52,3.33,6.67,6.67,3.33,,5.08
AS,Guwahati,S03,7,GEN,,,,,,,,,,,,,,,,,,,,,,,,,,,,,,,
AS,Barpeta,S03,6,GEN,6.5,4.6,4.4,5.4,5.5,4.1,4.2,4.4,6.5,6.6,4.7,5.9,6.9,7.6,5.8,4.3,4.2,4.4,4.5,4.0,4.44,5.83,4.14,4.16,4.50,3.82,3.58,3.33,3.41,,4.88
BR,Muzaffarpur,S04,15,GEN,,,,,,4.3,4.6,4.6,4.8,5.1,5.1,5.1,5.0,5.0,4.8,4.7,4.8,4.7,4.7,4.9,4.87,4.89,4.47,4.43,,6.42,4.17,6.71,6.67,,4.99
BR,Valmiki Nagar,S04,1,GEN,,,,,,4.8,5.5,5.2,5.3,5.9,6.0,5.6,5.6,5.9,5.1,5.6,5.8,5.8,5.6,5.2,5.68,5.50,5.72,5.74,,,,,,,5.56
BR,Araria,S04,9,GEN,3.8,3.8,4.0,3.7,4.1,3.7,3.7,3.8,3.8,4.1,4.3,4.3,4.3,4.3,3.9,3.8,3.9,3.9,3.8,3.9,3.88,4.14,3.92,3.77,,,,,,,3.93
BR,Gopalganj,S04,17,SC,,,,,,4.6,5.4,5.2,5.6,5.6,5.8,5.5,5.5,5.7,5.2,5.4,5.6,5.6,5.5,5.4,5.59,5.12,5.41,5.37,,5.00,5.08,5.92,6.17,,5.44
BR,Siwan,S04,18,GEN,,,,,,7.5,8.1,8.2,8.2,7.7,7.7,7.9,7.9,7.5,7.7,7.3,7.1,7.0,7.9,7.4,7.93,7.31,7.15,5.89,,7.60,7.43,6.90,6.93,,7.48
BR,Vaishali,S04,16,GEN,6.0,5.6,4.7,4.2,5.9,4.9,5.5,5.5,5.3,5.6,5.5,5.6,5.5,5.5,5.4,5.5,5.5,5.6,5.5,5.6,5.52,5.49,5.00,4.91,,,,,,,5.38
BR,Jhanjharpur,S04,7,GEN,,,,,,5.6,6.2,5.1,4.8,4.9,4.9,5.0,4.8,4.8,4.9,4.9,4.8,4.9,4.8,4.9,4.72,5.05,4.86,4.95,,5.92,5.50,5.17,6.17,,5.12
BR,Supaul,S04,8,GEN,,,,,,4.6,4.9,4.8,5.4,5.5,5.6,5.4,5.3,5.2,5.2,5.0,4.8,4.8,4.9,4.9,4.90,4.85,4.72,4.42,,6.58,5.67,5.92,6.08,,5.19
BR,Pashchim Champaran,S04,2,GEN,,,,,,5.3,5.4,5.3,5.7,5.4,5.5,5.5,5.8,5.5,5.2,5.7,5.5,5.6,5.3,5.5,5.52,5.14,5.14,5.58,,4.00,5.17,4.83,5.33,,5.33
BR,Madhubani,S04,6,GEN,,,,,,6.4,6.1,5.8,6.2,6.2,6.2,6.1,6.3,6.3,6.3,6.4,6.3,6.3,6.4,6.3,6.31,6.38,6.31,6.29,,,,,,,6.25
BR,Kishanganj,S04,10,GEN,,,,,,4.1,5.6,4.6,5.3,4.6,5.4,4.5,5.3,4.6,5.3,4.6,5.4,4.6,5.4,4.7,5.22,4.58,5.07,4.62,,5.76,4.53,5.93,4.77,,4.98
BR,Darbhanga,S04,14,GEN,,,,,,4.5,5.1,4.5,4.5,4.5,4.8,4.8,5.0,5.1,4.8,4.7,4.6,4.5,4.6,4.5,4.43,4.52,4.46,4.41,,5.49,5.70,5.44,5.91,,4.82
BR,Purnia,S04,12,GEN,,,,,,4.1,5.5,4.9,5.2,4.9,5.3,4.8,5.4,4.8,5.3,4.9,5.2,4.9,5.2,4.8,5.12,4.73,5.39,4.54,,3.70,5.89,4.51,4.51,,4.94
BR,Maharajganj,S04,19,GEN,,,,,,5.6,6.6,5.5,6.8,6.3,6.5,6.4,5.9,6.7,6.4,6.4,6.3,6.0,6.5,6.1,6.60,5.80,6.64,6.13,,6.93,7.50,7.40,6.77,,6.43
BR,Madhepura,S04,13,GEN,4.2,5.5,5.7,5.1,5.0,4.3,5.3,5.2,5.5,5.4,5.3,5.1,5.1,5.3,5.0,5.5,5.1,5.4,5.2,5.4,5.09,5.43,4.82,5.61,,,,,,,5.19
BR,Begusarai,S04,24,GEN,3.8,3.9,3.8,3.7,4.3,3.8,3.8,3.7,4.0,3.8,3.8,4.1,4.0,3.9,3.7,4.0,4.1,3.8,4.2,3.8,4.01,3.96,3.77,3.72,,,,,,,3.88
BR,Arrah,S04,32,GEN,4.8,4.2,5.2,4.8,4.6,4.8,3.9,4.0,4.7,4.8,4.3,4.9,4.7,4.9,4.8,4.5,4.3,4.7,4.7,4.6,4.50,4.83,4.38,4.26,,,,,,,4.59
BR,Sasaram,S04,34,SC,6.3,7.2,7.2,7.9,7.9,6.0,7.3,6.6,7.0,7.2,6.9,7.1,6.9,7.0,4.8,6.4,7.5,6.3,5.5,7.2,6.93,6.99,7.72,5.69,,,,,,,6.81
BR,Nawada,S04,39,GEN,,,,,,4.4,5.5,4.9,5.3,5.0,4.8,5.1,5.2,5.2,5.1,5.1,5.0,4.9,5.4,5.2,4.98,5.01,5.00,4.89,,3.67,6.00,4.08,4.25,,4.96
BR,Banka,S04,27,GEN,5.2,5.1,5.1,5.1,5.0,5.3,5.0,5.1,5.2,5.1,5.0,5.0,5.2,5.1,5.1,5.1,5.1,5.1,5.1,5.1,5.12,5.17,5.07,5.07,,,,,,,5.10
BR,Nalanda,S04,29,GEN,,,,,,5.0,4.9,4.9,5.3,5.0,4.9,5.1,5.3,5.2,5.0,5.1,5.0,5.1,5.1,5.1,5.02,5.11,5.15,5.43,,4.64,6.72,5.10,5.78,,5.17
BR,Katihar,S04,11,GEN,,,,,,4.5,4.9,4.6,4.5,4.6,4.6,4.5,4.5,4.5,4.3,4.5,4.4,4.6,4.4,4.7,4.36,4.78,4.38,4.99,,4.16,5.97,4.79,5.87,,4.67
BR,Samastipur,S04,23,SC,,,,,5.0,4.9,5.5,4.6,4.5,4.5,4.5,4.6,4.7,4.8,4.8,4.9,4.8,4.7,4.6,4.6,4.56,4.64,4.59,4.44,,,,,,,4.71
BR,Khagaria,S04,25,GEN,,,,,6.7,4.7,5.3,4.8,5.0,5.1,5.2,5.3,5.6,5.3,5.4,5.1,5.2,4.9,5.1,5.1,5.10,4.89,4.99,5.42,,6.58,6.67,6.58,6.58,,5.45
BR,Pataliputra,S04,31,GEN,,,,,,6.6,6.4,6.4,3.6,6.4,3.9,6.4,5.7,6.4,4.6,5.6,4.7,5.4,6.3,4.2,6.31,3.85,6.20,3.70,,6.67,4.67,4.78,5.00,,5.38
BR,Buxar,S04,33,GEN,,,,,,4.2,4.9,4.9,5.4,5.3,5.3,5.4,5.7,5.3,5.7,5.0,4.9,5.0,5.1,4.8,5.08,5.15,5.35,5.38,,4.30,5.82,5.32,4.47,,5.13
BR,Patna Sahib,S04,30,GEN,,,,,,4.6,5.1,5.1,5.2,5.2,5.1,5.0,5.2,5.2,5.2,5.1,5.2,5.2,5.1,5.1,5.17,5.21,5.19,5.09,,5.93,7.24,6.75,6.17,,5.36
BR,Bhagalpur,S04,26,GEN,3.9,3.9,4.0,4.0,4.3,3.9,3.9,3.8,4.1,3.9,3.9,4.2,4.1,4.0,3.9,4.1,4.1,3.8,4.2,3.9,4.13,4.05,3.94,3.85,,,,,,,3.99
BR,Munger,S04,28,GEN,,,,,,4.7,5.8,5.0,6.0,4.8,5.9,4.9,5.9,5.0,6.0,4.9,6.0,5.0,5.9,4.9,5.93,4.89,5.96,4.80,,5.81,4.55,5.77,4.55,,5.34
BR,Purba Champaran,S04,3,GEN,,,,,,5.8,4.6,5.4,5.1,5.1,5.8,5.1,5.8,6.1,4.8,5.3,5.2,5.2,5.4,5.3,5.22,5.31,4.93,5.95,,5.30,4.70,5.08,5.63,,5.31
BR,Sheohar,S04,4,GEN,,,,,,5.3,5.0,5.1,5.2,5.1,5.0,5.0,5.2,5.1,5.1,5.1,5.1,5.1,5.1,5.1,5.12,5.17,5.07,5.07,,3.97,3.89,4.13,4.05,,4.91
BR,Sitamarhi,S04,5,GEN,,,,,,6.4,5.8,5.7,5.7,5.9,5.6,5.8,5.8,5.9,5.8,6.1,6.0,6.1,5.9,5.9,5.99,6.03,6.01,6.21,,,,,,,5.92
BR,Ujiapur,S04,22,GEN,4.8,4.9,4.6,4.6,4.6,5.3,6.0,4.6,4.4,4.6,4.6,4.8,4.8,4.7,4.8,4.6,4.6,4.6,4.5,4.6,4.58,4.63,4.48,4.52,,,,,,,4.72
BR,Hajipur,S04,21,SC,,,,,,3.5,3.7,3.7,3.7,3.8,3.8,3.9,4.0,4.0,4.0,3.9,3.8,3.7,3.8,3.7,3.84,3.74,3.73,3.62,,4.15,4.00,4.15,4.15,,3.84
BR,Karakat,S04,35,GEN,,,,,,3.4,4.9,4.3,5.0,4.0,4.2,3.9,4.9,4.2,4.2,4.0,5.0,4.2,4.5,4.2,4.70,4.10,3.94,3.64,,4.83,4.50,5.08,4.00,,4.34
BR,Saran (Chhapra),S04,20,GEN,,,,,,,,,,,,,,,,,,,,,,,,,,,,,,,
BR,Jamui,S04,40,SC,,,,,,4.6,5.6,4.7,5.5,4.9,5.1,4.9,5.4,4.8,5.3,4.8,5.4,4.7,5.3,4.9,5.30,4.79,5.50,4.59,,3.59,5.56,4.87,4.19,,4.97
BR,Aurangabad,S04,37,GEN,4.5,5.1,4.3,4.6,4.4,4.2,3.9,4.0,5.3,5.5,4.7,4.9,5.5,5.7,5.8,4.1,5.0,4.5,5.4,4.5,6.02,5.69,4.28,4.53,5.24,6.42,4.64,5.99,6.70,,5.01
BR,Gaya,S04,38,SC,,,,,,5.5,5.5,5.4,5.3,5.3,5.7,5.5,5.5,5.7,5.5,5.6,5.4,5.6,5.6,5.7,5.49,5.47,5.60,5.56,,,,,,,5.52
BR,Jahanabad,S04,36,GEN,,,,,,5.3,5.5,4.9,5.2,4.6,5.2,4.9,5.3,5.1,4.9,4.9,5.0,5.4,4.8,5.2,4.85,5.11,5.21,4.79,,4.29,6.35,4.92,5.71,,5.10
CG,Janjgir-Champa,S26,3,SC,4.6,5.1,6.0,6.9,7.2,6.0,5.6,5.4,5.4,5.5,5.8,6.0,6.4,6.6,6.5,6.2,6.0,5.8,5.7,5.9,6.09,6.36,6.48,6.63,6.95,5.17,5.02,5.52,5.36,,5.93
CG,Raipur,S26,8,GEN,4.7,5.3,6.4,6.4,6.7,4.9,5.6,6.3,6.2,5.8,6.2,6.5,6.5,6.3,6.3,6.5,6.4,6.2,6.3,6.3,6.35,6.52,6.25,6.20,6.88,5.06,6.11,7.14,6.93,,6.18
CG,Surguja,S26,1,ST,6.0,6.7,7.4,7.1,7.3,6.4,6.8,7.5,7.2,7.4,7.5,7.2,7.3,7.3,7.3,7.1,7.2,7.0,7.1,7.0,7.36,7.45,7.44,7.37,7.60,6.51,6.83,7.33,7.69,,7.15
CG,Bilaspur,S26,5,GEN,4.4,5.7,7.6,6.4,5.4,4.9,6.1,6.9,6.4,5.7,6.4,7.3,6.7,6.0,6.3,6.5,5.9,5.6,6.2,6.7,6.27,6.22,6.29,6.40,6.64,7.28,7.55,6.48,7.62,,6.33
CG,Rajnandgaon,S26,6,GEN,4.1,5.0,6.6,7.0,7.7,5.7,6.3,5.9,5.4,6.0,6.7,7.1,7.0,7.1,6.9,6.8,6.7,6.3,6.3,6.4,6.35,6.61,6.63,6.83,5.80,4.39,6.03,7.17,6.79,,6.33
CG,Durg,S26,7,GEN,5.3,5.9,6.4,7.2,7.5,6.1,6.0,6.4,6.6,6.4,6.7,6.8,6.9,6.8,7.1,6.7,6.5,6.7,6.6,6.5,6.43,6.87,6.61,6.92,6.40,6.82,6.37,6.37,7.23,,6.59
CG,Mahasamund,S26,9,GEN,4.7,5.2,6.1,5.9,7.4,5.2,5.7,5.8,5.7,5.7,5.7,5.8,5.7,5.7,5.9,6.0,6.1,6.0,6.0,6.2,6.38,6.44,6.38,6.64,6.86,4.11,5.94,4.89,6.23,,5.87
CG,Raigarh,S26,2,ST,5.7,6.6,7.7,7.1,7.6,6.4,6.8,7.0,7.2,7.1,7.1,6.9,6.7,6.9,6.9,6.9,6.8,6.8,6.8,7.1,7.29,7.46,7.44,7.44,7.62,5.67,6.36,7.31,7.12,,6.96
CG,Kanker,S26,11,ST,7.3,7.7,8.2,7.3,6.9,7.4,7.3,7.8,7.5,7.3,7.3,7.3,7.3,7.3,7.3,7.3,7.3,7.3,7.1,7.2,7.19,7.40,7.44,7.21,7.11,7.50,6.56,6.67,6.67,,7.28
CG,Bastar,S26,10,ST,8.1,7.8,7.3,7.8,7.4,7.7,7.8,7.5,7.9,7.6,7.6,7.5,7.4,7.5,7.5,7.4,7.4,7.5,7.3,7.5,7.47,7.66,7.43,7.48,7.40,8.13,7.72,7.54,7.64,,7.58
CG,Korba,S26,4,GEN,6.2,6.6,7.0,7.6,8.0,6.1,6.3,6.5,6.7,6.6,6.8,7.1,7.1,7.2,7.2,7.3,7.2,7.2,7.0,7.2,7.31,7.25,7.24,7.29,7.54,7.63,7.97,7.40,7.06,,7.08
CH,Chandigarh,U02,1,GEN,,,,,,3.4,3.4,3.4,3.4,3.5,3.4,3.6,3.8,3.7,3.6,3.4,3.4,3.4,3.4,3.4,3.37,3.36,3.37,3.42,,3.82,3.51,4.04,3.51,,3.50
DD,Daman & Diu,U04,1,GEN,,,,,,,,,,,,,,,,,,,,,,,,,,,,,,,
DL,West Delhi,U05,6,GEN,,,,,,6.4,6.2,6.3,6.9,6.9,6.8,7.0,6.7,6.9,6.6,6.1,6.0,5.7,5.6,6.0,6.03,6.31,6.10,6.56,,6.84,6.90,6.80,6.34,,6.43
DL,North West Delhi,U05,5,SC,,,,,,5.0,6.1,4.6,5.6,5.1,4.9,5.3,5.3,5.1,5.3,5.5,5.5,5.3,4.9,4.6,4.92,4.46,4.27,5.21,,5.36,5.26,5.41,4.93,,5.13
DL,Chandni Chowk,U05,1,GEN,,,,,,5.8,6.2,5.0,7.6,7.0,6.7,7.3,6.9,7.1,7.5,6.4,6.6,6.3,6.0,6.1,6.61,5.30,4.61,6.29,,,,,,,6.38
DL,North East Delhi,U05,2,GEN,,,,,,5.9,5.2,5.8,5.4,5.7,5.5,5.6,5.7,5.7,5.6,5.7,5.7,5.7,5.7,5.5,5.65,5.73,5.79,5.61,,6.37,6.04,6.03,5.74,,5.72
DL,South Delhi,U05,7,GEN,,,,,,6.1,5.4,6.1,5.5,5.8,5.7,5.8,5.7,5.7,5.7,5.7,5.7,5.7,5.7,5.8,5.71,5.70,5.69,5.67,,6.07,5.65,5.89,5.72,,5.75
DL,East Delhi,U05,3,GEN,,,,,,5.2,5.4,5.5,5.8,5.6,5.7,5.6,5.6,5.5,5.7,5.6,5.4,5.7,5.6,5.3,5.48,5.58,5.38,5.17,,5.45,5.72,5.51,5.76,,5.53
DL,New Delhi,U05,4,GEN,,,,,,6.3,6.1,5.1,7.3,6.5,5.9,7.1,6.4,6.0,7.0,6.3,5.7,6.4,5.5,6.1,6.19,5.26,4.80,6.52,,,,,,,6.13
DN,Dadra & Nagar Haveli,U03,1,ST,4.3,7.4,7.9,6.5,6.6,4.9,7.4,7.9,6.6,5.6,6.8,7.4,6.4,5.4,6.8,7.2,6.3,6.2,6.7,6.9,6.28,6.08,6.61,6.46,7.23,5.43,6.67,8.89,6.27,,6.59
GA,South Goa,S05,2,GEN,5.1,5.3,5.1,5.4,5.5,5.3,5.4,4.9,6.4,6.1,5.9,6.7,6.9,7.1,6.8,5.5,4.9,4.4,5.0,5.4,5.54,5.82,5.18,5.63,6.86,5.32,4.87,5.10,5.51,,5.62
GA,North Goa,S05,1,GEN,6.8,7.1,6.8,6.9,7.3,7.6,7.0,7.0,8.2,8.2,7.4,7.6,8.1,8.4,8.4,7.8,7.2,6.9,7.2,7.1,7.08,7.49,6.71,8.27,7.26,7.75,7.38,7.61,7.74,,7.46
GJ,Bardoli,S06,23,ST,3.3,6.7,10.0,6.7,6.7,3.6,6.5,9.3,6.5,4.6,6.8,8.5,6.7,4.9,6.4,8.4,6.8,5.0,6.5,8.3,6.61,5.14,6.56,8.01,6.64,3.91,6.46,8.65,6.26,,6.56
GJ,Junagadh,S06,13,GEN,3.8,6.5,8.1,7.1,6.4,3.8,6.4,8.2,7.1,6.0,6.8,7.6,6.7,5.4,6.4,7.3,6.8,6.1,6.4,7.1,6.74,6.00,6.46,6.49,6.69,,,,,,6.49
GJ,Surat,S06,24,GEN,4.7,6.5,8.1,6.9,6.0,5.0,7.0,8.8,6.6,4.5,6.8,8.7,6.4,4.9,6.6,7.2,6.7,5.5,6.6,7.7,6.57,5.52,6.67,5.91,6.99,3.73,6.69,8.85,6.77,,6.51
GJ,Kheda,S06,17,GEN,4.1,6.7,7.8,6.6,6.9,4.3,6.6,7.9,7.1,5.9,7.2,7.3,6.7,6.2,6.8,6.6,5.8,6.2,7.7,6.2,6.72,7.22,7.95,6.96,6.73,,,,,,6.64
GJ,Ahmedabad West,S06,8,SC,5.0,6.1,6.6,6.7,6.8,5.2,6.1,7.0,7.2,5.9,5.9,7.8,7.0,5.2,6.7,8.2,6.4,5.5,6.4,6.9,7.10,6.48,6.34,6.67,6.33,5.00,6.16,7.24,7.15,,6.46
GJ,Jamnagar,S06,12,GEN,4.1,6.0,8.8,7.3,5.0,3.6,6.5,9.5,6.4,4.9,6.6,8.1,6.7,5.2,6.5,8.0,6.7,5.1,6.6,8.1,6.45,5.04,6.77,7.58,6.96,3.70,6.39,7.24,6.94,,6.44
GJ,Sabar Kantha,S06,5,GEN,3.9,6.4,8.5,6.6,5.9,3.8,6.2,9.2,6.6,5.3,6.2,7.7,6.5,5.5,6.7,7.6,6.6,5.6,6.5,7.5,6.75,5.69,6.89,7.54,6.93,5.78,5.22,7.79,7.60,,6.51
GJ,Banas Kantha,S06,2,GEN,3.7,6.4,9.3,7.1,4.7,3.9,6.7,8.3,7.2,6.0,6.3,6.3,6.3,6.3,7.1,6.2,6.3,6.5,7.2,6.4,5.67,7.16,7.37,5.60,6.67,3.33,6.67,10.00,6.67,,6.46
GJ,Patan,S06,3,GEN,3.9,5.1,7.7,8.6,6.2,4.5,6.6,7.6,6.6,5.3,6.6,7.6,6.7,5.9,6.3,7.3,6.7,6.1,6.4,6.8,6.67,6.09,6.70,6.91,7.03,4.38,5.26,7.59,8.10,,6.45
GJ,Panch Mahals,S06,18,GEN,5.5,6.9,7.5,6.4,7.2,4.0,6.4,8.8,8.2,6.5,5.7,6.7,6.8,5.2,5.7,8.1,8.2,6.5,5.5,6.4,7.06,6.04,5.99,7.31,6.80,4.34,6.07,8.15,7.48,,6.60
GJ,Dohad,S06,19,ST,5.0,8.1,6.5,5.7,8.5,4.3,6.7,9.3,6.0,5.3,7.3,7.4,6.0,5.3,7.3,7.1,6.3,6.6,7.5,5.8,6.87,7.85,6.66,8.60,9.05,10.00,,6.67,,,6.95
GJ,Vadodara,S06,20,GEN,,,,,,,,,,,,,,,,,,,,,,,,,,,,,,,
GJ,Anand,S06,16,GEN,5.1,5.8,6.1,6.4,6.4,5.1,5.6,6.6,6.2,6.0,6.2,6.5,6.6,6.1,6.1,6.5,6.5,5.9,6.1,6.4,6.16,5.96,6.19,6.37,5.96,5.17,5.83,6.78,7.33,,6.13
GJ,Amreli,S06,14,GEN,4.4,7.1,7.0,6.7,5.0,4.0,6.4,7.7,6.2,5.6,6.6,7.1,6.5,5.9,6.4,6.9,6.4,6.2,6.5,6.6,6.36,6.14,6.22,6.51,5.85,4.22,6.54,8.63,6.76,,6.29
GJ,Ahmadabad (East),S06,7,GEN,,,,,,,,,,,,,,,,,,,,,,,,,,,,,,,
GJ,Rajkot,S06,10,GEN,3.4,6.5,8.6,6.6,5.9,3.4,6.6,9.3,5.8,5.2,7.1,6.7,7.3,6.8,5.4,6.8,7.6,6.0,6.1,7.0,6.40,6.98,6.71,5.82,6.98,3.46,6.60,8.91,6.84,,6.44
GJ,Surendranagar,S06,9,GEN,4.2,6.4,7.1,6.5,5.9,4.7,6.2,7.5,7.3,4.9,6.0,8.3,6.7,5.6,5.9,7.0,7.0,5.7,6.8,7.0,7.15,6.55,6.27,7.74,5.98,3.94,6.18,8.92,6.62,,6.41
GJ,Navsari,S06,25,GEN,,,,,,,,,,,,,,,,,,,,,,,,,,,,,,,
GJ,Bharuch,S06,22,GEN,,,,,,,,,,,,,,,,,,,,,,,,,,,,,,,
GJ,Chhota Udaipur,S06,21,ST,3.8,5.7,8.0,7.8,6.7,4.0,6.2,8.8,7.2,4.7,6.1,8.4,7.1,4.9,6.1,8.0,7.0,5.5,6.0,7.4,7.16,5.64,6.02,6.79,7.12,5.38,6.43,6.73,6.92,,6.47
GJ,Porbandar,S06,11,GEN,3.4,6.7,9.8,6.5,5.6,3.8,6.3,9.5,7.1,4.7,6.3,8.3,6.6,4.7,6.3,8.6,7.0,4.8,6.3,8.0,6.62,4.66,6.47,8.32,6.87,4.02,6.53,9.27,6.34,,6.52
GJ,Valsad,S06,26,ST,5.1,5.3,7.5,6.6,6.4,3.6,6.8,9.7,7.0,4.9,6.6,8.4,6.4,4.4,6.5,8.3,6.9,5.4,6.7,7.4,6.46,5.53,6.65,7.13,7.06,4.05,5.94,7.87,7.07,,6.47
GJ,Gandhinagar,S06,6,GEN,4.1,6.7,8.6,6.3,4.6,3.5,6.7,9.3,6.1,4.7,7.0,8.4,6.2,5.1,6.9,8.3,6.4,5.1,6.2,8.3,6.65,5.72,6.74,7.41,7.26,3.81,6.69,8.33,6.23,,6.46
GJ,Mahesana,S06,4,GEN,5.7,7.0,7.3,7.2,6.7,3.4,6.7,8.9,6.6,3.9,7.1,9.4,6.7,3.9,6.8,8.5,6.3,4.7,7.1,7.7,5.66,5.00,6.55,6.69,6.06,5.63,6.79,7.24,7.86,,6.51
GJ,Bhavnagar,S06,15,GEN,4.7,5.6,8.4,7.4,6.3,4.5,6.2,8.3,7.4,6.3,6.1,7.2,7.1,6.2,6.3,7.4,7.7,6.4,6.1,7.1,7.15,6.39,6.56,7.44,7.42,3.88,6.23,9.43,5.90,,6.66
HP,Hamirpur,S08,3,GEN,6.7,7.3,7.5,7.7,7.3,5.5,5.8,5.7,6.0,6.0,5.9,6.0,5.8,5.9,6.0,5.9,5.8,5.7,5.7,5.8,5.87,6.05,5.60,5.45,3.33,3.88,3.53,3.53,3.53,,5.68
HP,Kangra,S08,1,GEN,7.1,7.5,7.3,7.5,6.7,7.1,7.7,6.7,7.4,6.9,7.5,7.1,7.3,7.2,7.6,7.3,7.5,7.1,7.4,7.2,7.51,6.83,7.56,7.29,,,,,,,7.26
HP,Shimla,S08,4,SC,6.9,7.7,7.2,7.5,6.9,5.9,7.4,6.2,7.2,6.8,7.3,7.1,7.2,7.1,7.6,7.4,7.4,7.3,7.5,7.3,7.41,6.72,7.30,7.08,,,,,,,7.13
HP,Mandi,S08,2,GEN,7.0,7.5,7.4,7.5,7.3,5.8,7.6,6.3,7.1,7.4,8.1,7.4,7.5,7.3,7.7,7.9,7.5,6.9,7.2,7.9,8.04,7.68,7.04,6.71,,,,,,,7.33
HR,Ambala,S07,1,SC,,,,,,7.6,7.0,5.5,5.6,6.5,6.7,6.1,6.0,6.6,7.3,7.7,7.7,7.2,6.7,6.5,6.96,6.51,5.84,6.83,7.23,7.04,6.58,6.20,6.47,,6.68
HR,Krukshetra,S07,2,GEN,4.7,6.6,7.1,6.5,5.6,6.2,6.8,5.2,6.1,6.3,6.5,6.2,6.2,6.5,6.4,6.8,6.5,6.2,6.5,6.4,6.85,6.24,5.97,6.54,,,,,,,6.28
HR,Sirsa,S07,3,SC,,,,,,5.9,7.0,5.3,5.3,5.9,5.7,5.9,6.2,5.9,5.8,5.8,5.9,6.0,5.8,5.7,5.79,5.76,5.03,4.81,,5.24,7.08,6.45,5.41,,5.81
HR,Karnal,S07,5,GEN,5.8,5.4,5.0,5.5,5.5,5.4,4.9,5.0,5.1,5.1,5.2,5.3,5.1,5.2,5.6,5.4,5.6,5.7,5.5,5.6,5.66,5.47,5.37,5.51,,,,,,,5.37
HR,Sonipat,S07,6,GEN,,,,,,4.4,6.1,4.4,6.4,6.4,7.3,6.9,6.6,7.5,6.4,6.0,6.5,5.5,5.3,6.3,6.74,4.98,4.64,4.52,4.86,6.36,7.02,6.62,4.17,,5.92
HR,Hisar,S07,4,GEN,4.5,4.5,4.9,4.3,4.4,5.1,4.7,4.8,4.8,4.8,4.9,5.1,5.4,5.3,5.7,5.4,5.0,4.9,4.8,4.9,4.80,5.12,4.86,4.30,3.98,,,,,,4.85
HR,Rohtak,S07,7,GEN,6.8,6.3,6.3,6.7,6.6,7.9,6.7,6.1,6.2,6.4,6.8,8.1,8.1,7.1,6.6,6.6,6.2,5.9,6.3,6.0,6.38,6.08,5.78,7.87,,,,,,,6.65
HR,Bhiwani - Mahendragarh,S07,8,GEN,5.1,6.5,6.7,6.5,5.1,6.4,7.1,5.6,6.1,6.5,6.2,6.2,6.2,6.4,6.3,6.0,6.1,6.3,6.1,6.3,6.29,6.52,5.49,5.03,4.31,,,,,,6.05
HR,Gurgaon,S07,9,GEN,,,,,,5.9,5.3,4.5,5.1,5.6,5.5,5.6,5.4,5.5,5.4,5.4,5.5,5.7,5.5,5.5,5.36,5.46,5.44,5.82,4.73,4.95,5.16,5.05,5.48,,5.36
HR,Faridabad,S07,10,GEN,5.2,5.4,5.2,5.3,5.1,5.6,5.5,5.6,5.6,5.8,5.8,5.7,5.8,5.8,5.7,5.8,5.6,5.6,5.6,5.7,5.63,5.46,5.85,5.90,,,,,,,5.59
JH,Jamshedpur,S27,9,GEN,4.6,4.7,4.4,4.1,4.1,4.7,4.0,3.9,4.3,4.2,4.3,4.4,4.5,4.2,4.1,4.0,4.2,4.0,4.0,4.2,4.11,4.31,4.20,4.85,,,,,,,4.25
JH,Singhbhum,S27,10,ST,5.6,5.4,4.7,3.5,3.9,5.7,3.9,3.6,4.1,3.9,4.0,4.3,4.5,4.2,3.9,3.8,4.1,3.7,3.9,4.0,4.29,4.40,4.66,5.89,,,,,,,4.33
JH,Rajmahal,S27,1,ST,,,,,,4.3,5.2,4.8,5.3,4.9,5.3,5.5,4.8,4.8,4.6,5.0,5.3,5.3,5.3,5.0,5.30,5.22,4.74,4.66,,6.12,6.37,6.20,6.24,,5.22
JH,Dumka,S27,2,ST,,,,,,5.6,4.1,4.0,4.0,4.0,4.0,4.0,4.0,3.9,3.9,4.0,4.0,3.9,3.9,3.9,3.93,3.97,3.89,3.96,,4.11,4.07,3.98,3.94,,4.04
JH,Godda,S27,3,GEN,7.3,7.0,7.4,7.2,7.2,7.2,7.1,7.0,7.2,7.3,7.3,7.0,6.3,6.3,6.4,5.0,5.4,5.3,5.1,6.0,5.74,5.58,5.51,5.31,,,,,,,6.41
JH,Palamu,S27,13,SC,,,,,,6.8,5.5,5.5,5.8,5.7,5.6,5.8,6.3,6.4,6.3,5.8,5.8,5.5,5.9,5.6,5.74,5.62,5.77,5.30,,7.53,5.47,5.27,7.00,,5.90
JH,Hazaribagh,S27,14,GEN,5.5,5.1,4.7,3.7,4.0,5.3,3.7,3.8,4.3,4.1,3.9,4.2,4.6,4.5,4.2,4.1,4.2,4.0,4.1,4.2,4.31,4.35,4.71,5.45,,,,,,,4.37
JH,Dhanbad,S27,7,GEN,,,,,,7.9,6.6,6.1,6.2,6.4,6.8,8.1,8.0,7.0,6.6,6.6,6.2,5.9,6.3,6.0,6.39,6.09,5.81,7.81,,,,,,,6.68
JH,Kodarma,S27,5,GEN,,,,,,4.3,5.3,4.8,5.1,4.8,5.1,4.7,5.0,4.6,5.1,4.7,5.1,4.7,5.0,4.8,4.98,4.78,4.92,5.20,,6.32,3.85,6.41,4.33,,4.94
JH,Lohardaga,S27,12,ST,,,,,,6.3,8.1,7.6,7.5,6.8,7.1,7.1,7.2,6.9,7.1,7.1,7.1,7.2,7.2,7.3,6.96,7.10,7.01,7.02,,7.29,6.96,6.88,7.42,,7.14
JH,Khunti,S27,11,ST,6.6,5.8,6.1,4.8,6.8,7.5,6.4,6.7,6.5,7.1,5.9,5.9,5.4,5.3,4.7,5.6,6.2,4.4,6.3,5.2,6.36,5.94,5.97,6.75,,,,,,,6.01
JH,Chatra,S27,4,GEN,5.4,5.9,6.0,5.9,5.5,4.6,6.1,6.2,6.2,5.9,6.0,5.8,6.0,5.9,6.0,6.0,6.1,6.0,6.1,6.0,6.08,5.88,6.02,5.94,,,,,,,5.89
JH,Ranchi,S27,8,GEN,4.8,4.7,4.6,3.9,3.6,4.9,4.2,4.0,4.1,3.9,3.9,4.2,4.5,4.4,4.2,4.0,4.0,3.9,3.9,3.8,3.95,4.14,4.32,4.78,,,,,,,4.19
JH,Giridih,S27,6,GEN,,,,,,5.7,6.4,6.4,6.5,6.3,6.1,6.1,6.0,6.1,6.2,6.1,6.1,6.1,6.1,6.2,6.20,6.21,6.06,5.79,,5.35,6.95,6.95,6.50,,6.19
JK,Leh (Ladakh),S09,4,GEN,,,,,,,,,,,,,,,,,,,,,,,,,,,,,,,
JK,Jammu,S09,6,GEN,,,,,,,,,,,,,,,,,,,,,,,,,,,,,,,
JK,Srinagar,S09,2,GEN,,,,,,,,,,,,,,,,,,,,,,,,,,,,,,,
JK,Anantnag,S09,3,GEN,,,,,,,,,,,,,,,,,,,,,,,,,,,,,,,
JK,Baramula,S09,1,GEN,,,,,,,,,,,,,,,,,,,,,,,,,,,,,,,
JK,Udhampur,S09,5,GEN,,,,,,,,,,,,,,,,,,,,,,,,,,,,,,,
JK,,,-1,,,,,,,,,,,,,,,,,,,,,,,,,,,,,,,,
KA,Gulbarga,S10,5,SC,6.5,7.3,6.0,6.1,5.9,6.2,6.5,6.4,6.2,6.1,6.3,6.2,6.2,6.3,6.4,6.0,6.1,6.0,6.2,6.3,6.01,6.20,6.26,6.20,4.14,6.36,6.94,6.53,6.48,,6.22
KA,Bijapur,S10,4,SC,6.6,6.6,6.3,6.1,6.6,6.6,6.2,6.1,6.6,6.6,6.4,6.3,6.2,6.7,6.7,6.4,6.3,6.4,6.7,6.6,6.71,6.56,6.22,6.79,6.40,5.02,5.49,5.63,5.81,,6.33
KA,Chikkodi,S10,1,GEN,3.8,5.1,5.2,5.1,4.9,4.4,4.6,4.6,4.6,4.4,4.8,4.6,4.7,4.7,4.7,4.6,4.5,4.6,4.6,4.7,4.48,4.67,4.62,4.71,4.68,3.96,4.01,4.10,4.25,,4.56
KA,Raichur,S10,6,ST,5.6,5.7,5.4,5.5,5.6,5.2,5.6,5.6,5.8,5.7,5.5,5.6,5.6,6.0,5.8,5.8,5.7,5.5,5.5,5.5,5.50,5.70,5.44,5.37,5.30,5.85,5.98,5.83,6.15,,5.64
KA,Koppal,S10,8,GEN,6.6,6.4,6.6,7.0,6.6,6.7,6.9,6.5,7.3,6.6,6.9,6.8,6.7,6.8,6.6,6.5,6.9,7.1,6.7,6.7,6.73,6.61,6.74,7.27,6.21,7.31,7.82,6.53,6.84,,6.79
KA,Haveri,S10,10,GEN,4.9,5.8,6.4,6.7,7.5,4.7,5.5,6.3,6.6,6.4,6.7,7.3,7.7,7.9,8.3,7.4,7.6,7.1,6.7,6.7,6.44,7.05,6.57,6.47,5.30,5.99,7.90,8.15,8.60,,6.77
KA,Davanagere,S10,13,GEN,6.5,4.5,6.7,3.8,9.8,6.0,4.2,7.8,6.3,6.0,5.0,6.1,6.9,7.1,6.7,6.2,5.6,5.5,6.1,4.6,4.75,9.60,8.22,4.41,5.56,10.00,6.67,6.67,6.64,,6.34
KA,Chikkaballapura,S10,27,GEN,6.3,7.7,7.9,7.0,6.1,6.1,5.3,5.5,5.1,5.0,5.3,5.1,4.8,5.0,4.9,4.9,4.8,4.7,4.6,4.7,4.88,4.70,4.79,4.86,5.69,6.18,6.41,7.98,6.34,,5.60
KA,Udupi Chikmagalur,S10,15,GEN,,,,,,,,,,,,,,,,,,,,,,,,,,,,,,,
KA,Tumkur,S10,19,GEN,6.2,5.6,5.4,5.4,5.5,6.0,5.8,5.6,5.6,5.5,5.6,5.7,5.9,5.8,6.1,6.1,5.8,5.9,5.8,5.8,5.68,6.09,5.48,5.36,5.00,6.22,5.73,5.40,5.28,,5.70
KA,Kolar,S10,28,SC,7.0,6.7,6.4,6.8,6.8,7.0,6.7,6.4,6.4,6.6,6.9,7.3,7.6,7.7,6.5,6.5,6.5,6.1,6.4,6.3,6.58,6.61,6.21,6.75,6.20,3.85,3.93,4.02,5.47,,6.35
KA,Bangalore Rural,S10,23,GEN,6.8,6.5,6.3,6.3,7.3,6.6,6.5,6.7,6.7,6.8,6.9,6.8,6.7,6.6,6.8,6.8,6.7,7.0,6.9,6.6,6.75,6.62,6.69,6.75,6.98,6.40,6.27,6.83,7.07,,6.71
KA,Dharwad,S10,11,GEN,4.7,3.5,3.4,3.4,5.8,5.8,6.4,3.4,8.8,4.2,9.1,6.8,4.2,7.3,6.9,4.4,6.8,7.2,4.1,8.0,8.95,7.33,3.74,6.16,6.67,5.94,6.48,7.53,6.24,,5.97
KA,Bangalore North,S10,24,GEN,5.5,5.2,6.4,5.9,5.9,6.3,6.0,6.3,6.7,6.3,6.4,6.5,6.9,7.4,7.0,6.9,6.4,6.6,6.5,6.5,6.54,6.77,6.62,6.63,6.45,6.37,6.46,6.84,6.44,,6.44
KA,Dakshina Kannada,S10,17,GEN,8.3,7.2,8.3,7.3,8.0,8.0,7.5,7.9,7.1,8.3,7.4,7.5,7.8,8.4,8.2,8.0,7.5,7.3,8.0,8.2,7.80,8.07,7.75,7.56,7.40,7.98,7.26,8.47,7.50,,7.79
KA,Mysore,S10,21,GEN,5.6,6.3,6.7,7.0,6.9,6.5,6.7,7.0,6.9,7.1,6.9,7.0,7.2,7.2,7.1,7.0,7.0,7.0,7.0,7.1,6.88,7.30,6.92,6.97,6.86,6.50,6.25,6.82,7.19,,6.86
KA,Chamrajnagar,S10,22,SC,8.8,8.8,8.8,8.8,8.8,8.7,9.5,7.7,7.9,7.9,8.3,8.6,8.9,8.6,8.7,8.6,8.7,8.7,8.3,8.5,8.35,8.67,8.19,8.52,8.67,5.21,6.50,5.02,5.06,,8.13
KA,Mandya,S10,20,GEN,6.2,6.5,6.4,6.8,7.1,6.4,7.2,6.9,6.9,7.2,7.1,7.0,6.8,6.6,6.5,6.3,6.4,6.4,6.5,6.3,6.20,6.36,6.29,6.37,6.53,6.16,6.24,6.73,6.87,,6.59
KA,Bellary,S10,9,ST,5.8,6.2,6.4,6.6,6.7,5.6,6.3,6.1,5.8,6.5,6.4,6.5,6.2,6.5,6.5,6.4,6.0,6.2,6.1,6.4,6.38,5.94,6.31,6.21,6.46,4.61,5.45,5.78,5.40,,6.13
KA,Chitradurga,S10,18,SC,6.3,6.8,6.6,6.6,6.5,7.2,7.4,7.2,6.3,6.3,6.9,6.7,6.6,7.0,7.4,6.7,6.2,6.7,7.4,6.5,5.97,6.70,7.50,6.30,4.97,6.25,6.82,6.01,6.37,,6.63
KA,Bidar,S10,7,GEN,6.2,7.6,7.0,7.4,7.0,6.4,7.3,6.6,7.2,6.9,7.2,6.8,7.1,7.0,7.3,7.0,7.3,7.1,7.4,7.3,7.49,7.25,7.74,7.48,7.65,6.25,8.18,7.13,7.59,,7.16
KA,Uttara Kannada,S10,12,GEN,6.4,6.1,5.9,5.6,5.5,5.9,6.0,5.8,5.8,5.6,5.8,5.8,5.8,5.6,5.6,5.9,5.7,5.7,5.5,5.6,5.52,5.61,5.63,5.49,5.58,8.33,7.53,7.39,7.39,,6.00
KA,Shimoga,S10,14,GEN,6.0,7.0,6.8,6.6,7.0,6.2,6.8,6.7,6.6,6.4,6.5,6.6,6.5,6.6,6.7,6.7,6.8,6.8,6.9,7.0,6.84,6.77,7.03,7.09,6.89,5.51,6.98,6.71,6.58,,6.67
KA,Hassan,S10,16,GEN,6.3,5.6,5.1,5.6,6.0,6.6,5.7,5.9,5.8,6.5,6.1,6.7,6.7,6.4,5.9,6.4,5.8,6.1,6.3,5.8,5.81,6.31,6.06,6.56,6.34,5.50,5.71,5.77,6.21,,6.05
KA,Belgaum,S10,2,GEN,6.5,6.5,6.9,6.9,6.7,6.7,6.8,7.1,6.9,6.7,6.8,7.0,7.1,7.1,6.9,7.1,7.0,6.7,6.6,6.9,6.85,6.93,6.96,7.18,7.12,5.82,6.23,5.99,5.60,,6.74
KA,Bangalore South,S10,26,GEN,6.4,8.2,8.0,8.1,6.3,6.3,6.5,6.4,6.8,6.5,6.3,6.9,6.5,6.4,6.9,6.5,6.5,6.9,6.6,6.4,6.87,6.63,6.45,6.89,6.81,6.11,6.87,6.63,6.55,,6.73
KA,Bangalore Central,S10,25,GEN,6.0,6.7,6.7,6.7,6.7,6.9,7.6,7.3,7.7,7.7,8.0,7.8,8.0,7.8,7.9,7.6,7.9,7.7,7.8,7.6,7.67,7.51,7.72,7.55,7.72,7.16,7.64,7.51,7.96,,7.46
KA,Bagalkot,S10,3,GEN,6.7,6.7,6.7,6.7,6.7,6.7,6.7,6.7,6.7,6.7,6.7,6.7,6.7,6.7,6.7,6.7,6.7,6.7,6.7,6.7,6.69,6.69,6.69,6.67,6.72,8.01,8.05,8.05,8.06,,6.87
KL,Malappuram,S11,6,GEN,6.8,6.7,7.3,5.8,7.5,6.9,9.5,6.4,7.6,8.1,7.4,7.4,8.7,8.9,6.7,6.5,7.0,5.4,6.4,7.6,9.59,7.12,6.34,6.93,6.54,5.70,6.54,6.41,4.05,,7.02
KL,Pathanamthitta,S11,17,GEN,6.4,6.7,7.1,6.4,6.3,6.4,6.5,7.1,7.4,7.7,7.0,7.1,7.5,7.6,7.9,7.1,6.7,6.6,6.9,7.1,6.95,6.98,6.55,6.04,5.41,6.95,6.06,6.72,6.61,,6.82
KL,Mavelikkara,S11,16,SC,7.6,9.3,9.4,9.5,9.4,9.0,8.6,9.8,9.6,9.5,9.3,9.0,8.8,8.6,8.1,8.6,9.0,9.1,9.0,9.1,9.22,9.17,9.25,9.54,9.75,8.80,9.61,9.45,9.23,,9.11
KL,Thiruvananthapuram,S11,20,GEN,4.1,6.4,7.0,7.0,6.7,6.2,7.2,7.0,7.2,7.0,7.0,6.9,6.9,7.2,7.0,6.8,6.8,6.6,6.7,7.1,7.29,7.42,6.98,6.89,7.14,4.44,6.55,7.30,7.30,,6.77
KL,Palakkad,S11,8,GEN,,,,,,,,,,,,,,,,,,,,,,,,,,,,,,,
KL,Thrissur,S11,10,GEN,,,,,,,,,,,,,,,,,,,,,,,,,,,,,,,
KL,Alathur,S11,9,SC,6.8,7.2,7.0,7.3,7.0,6.0,6.6,6.7,6.7,6.6,6.8,6.8,6.8,6.7,6.7,6.8,6.9,6.9,6.8,6.7,6.74,6.75,6.77,6.63,6.23,5.60,6.37,6.28,6.21,,6.67
KL,Kasaragod,S11,1,GEN,6.2,6.8,6.4,6.0,6.2,6.7,6.0,6.9,7.5,6.7,6.3,6.7,7.2,7.0,6.6,6.9,7.2,6.8,6.4,6.7,7.04,6.75,6.53,6.79,6.47,6.63,5.46,6.99,7.98,,6.69
KL,Attingal,S11,19,GEN,6.6,6.7,6.1,6.3,6.2,6.9,7.2,6.8,6.8,6.7,6.8,6.8,6.7,7.1,6.9,6.4,6.7,6.3,6.9,6.7,6.84,6.68,6.70,6.68,6.82,6.77,7.12,6.74,6.13,,6.68
KL,Vadakara,S11,3,GEN,6.9,6.7,6.2,6.0,6.0,6.1,6.4,7.1,7.0,6.7,6.7,7.0,7.2,7.6,7.6,7.5,7.4,7.0,6.8,6.8,6.74,6.48,6.33,6.15,5.44,6.70,6.65,6.65,6.88,,6.71
KL,Kozhikode,S11,5,GEN,7.0,6.6,6.3,7.1,6.2,9.7,8.9,6.4,6.9,7.5,7.3,6.5,6.6,7.8,6.9,7.5,7.1,7.3,6.4,7.8,7.39,6.01,6.18,9.87,7.91,7.00,5.33,6.67,4.58,,7.06
KL,Kannur,S11,2,GEN,8.7,6.6,6.5,6.5,8.2,5.3,6.6,3.7,9.6,6.9,9.5,6.7,6.8,9.4,6.7,9.4,7.6,6.6,6.7,9.6,9.77,7.71,4.91,7.08,6.69,6.67,6.53,5.45,4.72,,7.14
KL,Chalakudy,S11,11,GEN,6.4,5.9,6.0,6.2,6.0,6.3,6.6,6.2,6.5,6.6,6.3,6.3,6.2,6.4,6.3,6.4,6.2,6.1,6.3,6.4,6.52,6.43,6.27,6.35,6.10,7.15,6.99,6.88,6.84,,6.37
KL,Idukki,S11,13,GEN,6.2,6.6,6.8,7.2,7.0,6.0,5.9,6.9,7.5,7.3,6.1,6.8,7.8,7.5,7.5,6.9,6.9,6.6,6.8,7.2,6.97,6.77,6.47,6.68,6.38,6.90,6.16,7.06,6.88,,6.82
KL,Alappuzha,S11,15,GEN,9.0,7.2,8.2,8.6,8.9,9.1,7.4,7.9,8.0,8.3,8.2,8.4,8.6,8.6,8.7,8.3,8.3,8.4,8.3,8.4,8.20,8.59,8.74,9.17,8.87,8.40,8.47,8.27,4.48,,8.27
KL,Kottayam,S11,14,GEN,7.2,7.2,7.0,6.8,6.1,6.1,6.3,7.5,7.7,7.7,7.4,7.2,7.1,7.2,7.1,6.9,6.9,6.8,6.6,6.5,6.52,6.50,6.35,6.39,5.96,5.46,6.93,7.78,6.61,,6.81
KL,Kollam,S11,18,GEN,8.5,8.3,7.9,7.9,8.7,9.7,9.5,9.1,8.0,8.0,7.8,7.2,8.4,8.5,7.3,7.5,7.4,7.5,7.4,8.9,9.42,9.44,9.23,9.59,9.63,8.65,9.51,9.77,9.94,,8.57
KL,Ernakulam,S11,12,GEN,7.8,8.3,7.3,7.3,7.3,7.5,7.5,7.5,7.4,7.5,7.4,7.3,7.3,7.3,7.3,7.2,7.3,7.1,7.1,7.0,7.15,7.17,6.94,7.28,7.26,6.32,6.21,6.16,6.43,,7.19
KL,Wayanad,S11,4,GEN,6.1,6.8,7.6,7.5,6.6,6.4,6.2,7.2,7.3,7.0,6.6,6.6,6.6,6.6,6.5,6.7,6.6,6.4,6.6,6.7,6.78,6.69,6.64,6.36,6.18,5.57,5.44,7.35,7.59,,6.67
KL,Ponnani,S11,7,GEN,7.3,6.7,7.8,5.7,8.0,7.7,8.0,6.6,7.2,8.1,7.2,7.3,8.5,8.3,6.2,6.0,7.0,5.6,6.3,7.3,9.58,7.64,6.61,6.82,6.65,5.04,7.33,7.69,7.47,,7.16
MN,Inner Manipur,S14,1,GEN,3.6,3.7,3.8,4.1,4.3,3.8,5.8,3.9,4.0,6.1,5.5,5.5,4.2,5.9,4.0,3.9,3.9,3.9,4.8,4.4,4.53,4.95,3.81,3.80,3.77,3.54,3.99,4.03,4.00,,4.33
MN,Outer Manipur,S14,2,ST,,,,,,,,,,,,,,,,,,,,,,,,,,,,,,,
MP,Bhind,S12,2,SC,3.6,4.5,3.9,4.6,4.2,3.6,4.8,3.6,4.6,3.9,4.4,4.5,4.9,4.7,4.7,3.9,4.2,4.3,4.0,4.4,5.10,4.48,3.74,4.30,3.33,,,,,,4.24
MP,Balaghat,S12,15,GEN,3.5,3.7,3.4,3.7,3.5,3.5,3.4,3.6,4.1,3.6,3.6,3.8,4.0,3.8,3.9,3.5,3.5,3.5,3.6,3.6,3.46,3.75,3.47,3.58,,,,,,,3.63
MP,Hoshangabad,S12,17,GEN,3.5,3.5,3.4,3.5,3.5,3.6,3.4,3.4,3.8,3.4,3.4,3.4,3.5,3.4,3.4,3.4,3.4,3.4,3.4,3.4,3.38,3.41,3.35,3.55,,,,,,,3.45
MP,Dhar,S12,25,ST,,,,,,4.4,4.0,3.7,5.6,4.3,4.5,4.4,5.1,5.1,5.0,3.7,4.0,3.7,3.6,3.8,3.95,4.63,3.70,4.22,3.33,5.46,4.28,4.50,5.46,,4.35
MP,Indore,S12,26,GEN,4.3,4.4,4.2,4.2,4.3,3.5,3.4,3.5,4.0,3.6,3.5,3.5,3.8,3.6,3.6,3.4,3.4,3.4,3.4,3.4,3.45,3.70,3.45,3.52,,,,,,,3.68
MP,Gwalior,S12,3,GEN,3.7,3.6,3.6,3.6,3.7,3.6,4.0,3.7,4.0,3.9,4.1,3.9,3.8,4.0,4.0,3.9,3.9,3.8,3.7,3.8,3.95,3.78,3.86,4.13,,,,,,,3.84
MP,Sidhi,S12,11,GEN,3.4,3.4,3.4,3.4,3.4,3.4,3.4,3.4,3.4,3.4,3.4,3.4,3.4,3.4,3.4,3.4,3.4,3.4,3.4,3.4,3.36,3.35,3.35,3.35,,,,,,,3.36
MP,Rajgarh,S12,20,GEN,3.8,4.9,3.7,4.0,3.5,3.6,4.5,3.6,6.1,4.5,4.6,4.4,5.0,5.5,3.9,4.1,4.1,4.3,3.9,4.6,5.06,5.25,3.72,3.79,3.33,,,,,,4.31
MP,Sagar,S12,5,GEN,5.1,5.2,5.0,5.0,4.9,4.6,4.6,4.7,5.1,4.7,4.7,4.8,4.7,4.7,4.7,4.6,4.6,4.7,4.6,4.6,4.60,4.74,4.64,4.70,,,,,,,4.75
MP,Damoh,S12,7,GEN,,,,,,5.1,4.8,5.0,6.3,5.6,6.1,5.8,5.6,5.9,5.9,5.4,5.4,4.9,5.6,6.0,5.32,5.94,4.50,5.03,3.81,6.73,6.11,6.57,6.29,,5.57
MP,Shahdol,S12,12,ST,,,,,,3.4,3.4,3.3,3.4,3.4,3.4,3.3,3.4,3.4,3.4,3.3,3.3,3.3,3.3,3.3,3.33,3.33,3.34,3.35,,3.38,3.33,3.35,3.33,,3.35
MP,Dewas,S12,21,SC,4.7,6.4,4.3,4.7,4.4,4.7,5.9,4.4,8.2,5.3,6.2,6.0,5.9,6.9,5.8,4.5,5.2,5.2,4.6,5.4,6.06,6.02,4.35,5.19,,,,,,,5.43
MP,Ujjain,S12,22,SC,3.5,3.5,3.5,3.4,3.4,3.4,3.4,3.4,3.4,3.4,3.4,3.4,3.5,3.4,3.6,3.4,3.4,3.4,3.4,3.4,3.39,3.41,3.37,3.47,,,,,,,3.42
MP,Bhopal,S12,19,GEN,3.5,4.0,3.4,3.8,3.7,3.4,4.1,3.5,4.1,3.5,3.5,4.0,4.2,4.2,3.8,3.4,4.0,3.7,3.5,3.7,4.17,3.86,3.38,3.47,,,,,,,3.74
MP,Vidisha,S12,18,GEN,3.5,3.7,3.5,3.5,3.6,3.8,3.5,3.4,3.7,3.6,3.5,3.7,3.7,3.7,3.5,3.5,3.5,3.4,3.4,3.5,3.46,3.44,3.42,3.61,,,,,,,3.54
MP,Ratlam,S12,24,ST,3.5,3.4,3.4,3.4,3.4,3.4,3.3,3.4,3.3,3.3,3.3,3.3,3.4,3.4,3.4,3.4,3.4,3.4,3.3,3.3,3.33,3.33,3.33,3.35,,,,,,,3.36
MP,Rewa,S12,10,GEN,3.4,3.5,3.4,3.5,3.5,3.8,4.0,3.7,4.1,3.9,4.0,3.9,3.9,3.9,3.8,4.0,4.1,4.0,3.8,3.8,3.87,3.84,3.62,3.68,,,,,,,3.78
MP,Satna,S12,9,GEN,3.4,3.4,3.4,3.4,3.4,3.5,3.4,3.4,3.9,3.6,3.8,3.7,3.9,3.8,4.0,3.5,3.4,3.4,3.4,3.4,3.54,3.71,3.39,3.50,,,,,,,3.54
MP,Mandsaur,S12,23,GEN,3.4,3.5,3.4,3.5,3.4,3.5,3.3,3.4,3.6,3.6,3.4,3.5,3.5,3.5,3.5,3.4,3.4,3.4,3.4,3.4,3.37,3.50,3.38,3.42,,,,,,,3.43
MP,Guna,S12,4,GEN,3.9,4.9,4.3,4.8,4.0,4.3,5.2,4.4,5.5,5.2,5.2,5.2,5.1,5.4,4.9,4.5,4.8,4.8,4.9,4.9,5.76,4.70,4.53,4.50,4.29,,,,,,4.80
MP,Chhindwara,S12,16,GEN,3.4,3.3,3.4,3.4,3.3,5.0,3.4,3.4,4.3,3.4,3.4,3.4,3.8,3.5,3.4,3.4,3.4,3.4,3.4,3.4,3.37,3.38,3.38,4.43,,,,,,,3.55
MP,Betul,S12,29,ST,3.4,3.4,3.4,3.4,3.4,3.5,3.4,3.4,3.5,3.6,3.4,3.5,3.7,3.5,4.1,3.5,3.4,3.5,3.5,3.4,3.46,3.46,3.42,3.57,,,,,,,3.48
MP,Khargone,S12,27,ST,,,,,,3.5,3.7,3.5,4.5,4.0,4.3,4.1,4.4,4.5,4.5,3.6,3.8,3.7,3.8,3.9,4.53,4.37,3.82,3.53,,3.87,4.45,4.25,4.53,,4.05
MP,Jabalpur,S12,13,GEN,4.4,4.7,4.8,4.5,4.4,4.1,4.0,4.2,5.6,4.9,5.2,5.3,5.3,5.3,5.3,4.6,4.6,4.4,4.7,4.9,4.55,5.19,4.06,4.45,,,,,,,4.72
MP,Mandla,S12,14,ST,4.0,3.8,3.6,3.8,3.6,3.7,3.7,3.6,3.7,3.7,3.7,3.6,3.5,3.6,3.5,3.5,3.7,3.6,3.6,3.6,3.63,3.67,3.66,3.68,,,,,,,3.66
MP,Morena,S12,1,GEN,4.6,4.7,4.6,4.8,4.6,4.1,4.5,3.6,4.2,3.9,5.0,4.4,4.0,4.3,4.3,4.4,5.6,4.6,4.1,4.6,4.95,4.32,4.28,4.79,,,,,,,4.46
MP,Tikamgarh,S12,6,SC,3.4,3.6,3.5,3.6,3.5,4.2,3.4,3.5,4.1,3.7,3.6,3.6,3.9,3.7,3.6,3.4,3.4,3.4,3.4,3.4,3.42,3.84,3.44,3.52,,,,,,,3.59
MP,Khajuraho,S12,8,GEN,,,,,,4.1,3.8,3.8,6.0,4.9,5.3,4.9,4.7,5.2,5.2,4.0,4.7,3.9,4.0,4.0,4.41,4.60,3.81,4.00,3.33,4.53,4.81,4.68,4.32,,4.45
MP,Khandwa,S12,28,GEN,,,,,,3.5,3.4,3.4,3.7,3.5,3.5,3.5,4.2,3.5,3.7,3.4,3.4,3.5,3.4,3.4,3.58,3.72,3.47,3.59,3.33,3.73,3.69,3.42,3.43,,3.54
ML,Tura,S15,2,ST,3.4,3.4,3.4,3.4,3.4,,6.7,,,,,6.7,,,3.3,6.7,,,,,,,,,,6.67,6.11,6.06,6.30,,5.02
ML,Shillong,S15,1,ST,3.7,3.8,3.9,4.0,4.7,4.5,4.9,4.1,4.1,5.2,5.8,5.9,6.0,6.0,5.9,5.7,5.2,4.6,4.5,5.0,5.43,5.71,5.73,5.43,5.01,5.04,6.68,5.36,5.53,,5.08
MH,Buldana,S13,5,GEN,3.8,3.9,4.0,4.0,4.0,4.4,4.5,4.5,5.0,5.1,5.2,5.0,5.0,5.1,5.0,5.1,5.0,4.8,4.7,4.7,4.79,4.70,4.65,4.72,4.24,3.33,4.07,3.70,3.67,,4.50
MH,Madha,S13,43,GEN,5.5,5.5,5.5,5.6,5.6,5.6,5.6,5.6,5.5,5.5,5.5,5.6,5.5,5.6,5.6,5.5,5.4,5.4,5.5,5.5,5.59,5.60,5.61,5.61,5.61,3.96,3.87,4.39,4.62,,5.36
MH,Satara,S13,45,GEN,5.9,5.1,5.2,6.0,5.3,5.8,6.4,5.9,6.1,6.8,7.6,6.3,6.4,6.4,6.3,6.3,5.7,6.1,6.0,6.6,6.58,5.98,6.07,6.02,5.83,6.02,6.70,6.55,5.84,,6.13
MH,Jalgaon,S13,3,GEN,6.1,7.5,6.3,7.1,6.2,7.0,6.1,6.6,7.7,6.3,6.5,7.4,7.7,7.5,7.3,6.3,6.6,6.6,6.7,6.7,6.89,7.10,6.38,7.31,7.12,6.38,6.34,6.45,6.71,,6.79
MH,Akola,S13,6,GEN,5.3,6.1,6.0,6.1,6.2,5.7,5.9,6.1,6.3,6.2,6.3,6.2,6.4,6.6,6.9,6.5,6.5,6.3,6.4,6.4,6.61,6.47,6.37,6.38,6.58,5.76,6.07,6.02,6.12,,6.23
MH,Sangli,S13,44,GEN,6.2,5.2,5.2,5.9,5.5,6.3,6.2,5.9,5.9,6.5,6.4,6.0,5.8,6.0,5.9,6.2,6.2,6.3,6.3,6.4,6.30,6.00,6.11,6.09,6.00,6.14,6.86,6.39,6.72,,6.09
MH,Solapur,S13,42,SC,5.6,5.3,5.3,5.3,5.4,5.4,6.3,4.9,4.3,4.2,4.3,4.1,4.1,4.1,4.2,4.9,5.1,5.3,5.5,5.7,5.88,5.63,5.73,5.53,5.55,3.87,3.82,4.31,4.76,,4.99
MH,Amravati,S13,7,SC,5.8,6.4,6.3,6.4,6.1,5.9,6.5,6.6,6.7,6.9,6.8,6.6,6.7,6.8,6.7,6.7,6.7,6.7,6.7,6.7,6.70,6.66,6.49,6.49,6.45,5.00,6.67,5.00,6.67,,6.44
MH,Ramtek,S13,9,SC,4.8,5.2,5.1,5.7,6.4,4.5,4.7,4.9,5.1,5.2,5.3,5.3,5.3,5.5,5.4,5.4,5.2,5.2,5.2,5.1,5.26,5.13,5.08,5.19,5.52,5.60,5.42,5.43,5.09,,5.25
MH,Nandurbar,S13,1,ST,6.4,7.3,7.5,6.3,7.0,5.8,6.4,7.0,7.1,6.4,6.5,6.7,7.2,6.7,7.4,6.6,6.4,6.5,6.9,6.6,6.37,6.98,6.27,6.65,7.13,5.88,6.94,6.84,6.41,,6.70
MH,Bhandara - Gondiya,S13,11,GEN,5.1,5.2,4.9,5.3,5.1,5.4,5.5,5.5,5.5,5.4,5.4,5.4,5.4,5.3,5.3,5.4,5.5,5.5,5.5,5.4,5.50,5.43,5.48,5.45,5.48,5.87,5.90,5.90,5.89,,5.44
MH,Wardha,S13,8,GEN,7.2,7.5,7.2,7.4,6.7,6.8,7.1,7.2,7.4,7.5,7.4,7.3,7.5,7.4,7.4,7.2,7.3,7.2,7.3,7.1,7.18,7.00,6.97,6.94,6.64,5.80,6.36,5.96,6.23,,7.04
MH,Shirur,S13,36,GEN,6.3,6.5,6.3,6.4,6.2,6.6,5.6,5.8,7.1,6.4,6.0,6.8,7.2,7.2,7.5,6.6,6.4,5.9,5.7,6.3,5.60,5.66,5.55,6.43,6.28,6.54,4.73,4.99,4.30,,6.16
MH,Beed,S13,39,GEN,5.2,5.4,5.6,5.5,5.8,6.0,5.7,6.1,6.5,6.6,6.3,6.2,6.3,6.3,6.3,6.1,6.2,6.1,6.0,6.2,6.17,6.00,6.00,6.38,5.40,6.07,6.08,5.85,6.08,,6.01
MH,Maval,S13,33,GEN,7.8,7.8,7.8,7.8,7.8,9.1,9.1,9.1,9.1,9.1,9.1,9.1,9.1,9.1,9.1,9.1,9.1,9.1,9.1,9.1,9.11,9.11,9.10,9.11,9.10,6.27,6.26,6.30,6.32,,8.50
MH,Parbhani,S13,17,GEN,3.7,6.0,6.0,5.8,6.4,4.5,6.6,6.4,6.1,6.6,6.2,6.0,5.8,6.1,6.1,6.1,6.1,6.0,6.1,6.2,7.24,6.95,6.39,6.64,6.50,6.85,7.49,7.38,7.06,,6.25
MH,Raigarh,S13,32,GEN,6.8,6.8,6.8,6.8,6.8,6.8,6.8,6.8,6.9,6.8,6.8,6.8,6.8,6.8,6.8,6.8,6.8,6.8,6.8,6.8,6.77,6.76,6.76,6.76,6.75,3.78,3.78,3.74,3.73,,6.37
MH,Osmanabad,S13,40,GEN,4.2,3.9,4.3,4.8,4.6,4.7,4.9,4.2,3.8,3.8,3.8,3.7,3.7,3.8,3.8,4.2,4.5,4.5,4.8,5.1,5.52,5.35,5.46,5.37,5.35,3.39,3.36,3.62,4.71,,4.38
MH,Hatkanangle,S13,48,GEN,7.1,7.2,8.3,7.3,6.9,7.2,7.2,7.3,7.7,7.2,7.2,6.9,6.9,6.9,6.7,7.0,7.0,6.9,6.9,7.0,7.11,6.80,6.43,7.15,8.89,5.85,5.54,5.22,4.93,,6.92
MH,Dhule,S13,2,GEN,6.6,7.8,7.3,6.8,6.9,6.9,7.8,7.2,6.8,6.6,6.7,6.9,6.9,6.9,6.8,6.8,7.1,6.7,6.9,6.8,6.80,6.91,6.96,6.97,6.83,6.93,7.71,6.73,7.25,,6.97
MH,Garhchiroli - Chimur,S13,12,ST,,,,,,,,,,,,,,,,,,,,,,,,,,,,,,,
MH,Raver,S13,4,GEN,6.2,7.6,6.6,6.9,6.2,7.4,6.5,7.0,7.2,6.7,6.7,6.9,7.0,7.1,7.2,6.7,6.4,6.5,6.8,6.8,6.56,6.90,6.93,7.12,7.59,6.64,6.41,6.31,5.77,,6.77
MH,Biwandi,S13,23,GEN,3.4,4.8,4.5,4.2,4.2,3.9,4.0,4.1,4.5,4.8,4.2,4.2,4.2,4.3,4.6,4.6,4.2,4.1,4.2,4.1,4.29,4.21,4.14,4.50,4.22,5.96,3.80,3.57,3.53,,4.25
MH,Dindori,S13,20,ST,7.6,6.6,6.3,6.6,7.0,8.1,7.1,6.4,6.2,6.6,6.7,6.8,7.0,7.2,6.7,6.8,7.1,6.9,6.7,6.7,6.90,6.99,6.80,6.45,6.52,8.73,6.94,5.82,5.98,,6.82
MH,Jalna,S13,18,GEN,5.6,4.9,4.5,4.6,5.6,6.1,3.9,4.1,6.1,6.1,4.4,4.5,5.6,6.8,7.2,6.0,4.8,4.2,4.4,4.5,4.99,4.21,3.99,6.35,7.66,7.44,5.94,3.38,3.43,,5.21
MH,Aurangabad,S13,19,GEN,,,,,,,,,,,,,,,,,,,,,,,,,,,,,,,
MH,Chandrapur,S13,13,GEN,6.6,7.8,7.5,7.5,7.2,6.0,7.7,7.6,7.7,7.4,7.5,7.6,7.7,7.6,7.7,7.6,7.6,7.6,7.9,7.9,7.64,7.46,7.54,6.47,6.16,,,,,,7.40
MH,Nashik,S13,21,GEN,7.3,6.5,6.7,5.7,6.4,7.0,7.1,6.9,6.3,5.5,5.9,6.6,7.0,7.4,7.0,6.7,6.4,6.2,6.5,6.9,6.85,6.68,6.71,6.49,6.41,5.91,6.21,6.11,6.20,,6.53
MH,Shirdi,S13,38,SC,7.0,6.9,7.0,7.3,7.7,7.1,7.1,7.2,7.4,7.4,7.4,7.7,7.7,7.7,7.6,7.5,7.4,7.4,7.5,7.4,7.40,7.41,7.55,7.44,7.51,7.17,7.00,6.73,7.16,,7.33
MH,Hingoli,S13,15,GEN,8.3,6.1,6.4,7.2,7.2,7.3,6.8,6.7,6.8,7.0,6.9,6.9,6.7,6.7,7.0,6.8,6.7,6.8,6.9,6.8,6.98,7.01,7.08,7.13,7.28,7.23,7.05,6.29,6.59,,6.91
MH,Ahmednagar,S13,37,GEN,4.8,5.8,5.7,5.8,5.9,5.4,6.6,6.2,6.1,6.7,6.2,6.1,5.8,6.5,5.8,6.1,6.0,6.3,6.2,5.8,8.43,6.59,6.39,7.51,7.84,7.30,6.61,6.96,6.90,,6.35
MH,Palghar,S13,22,ST,5.3,4.9,4.5,4.5,4.3,5.1,4.3,4.2,4.9,4.5,4.3,4.2,4.7,5.1,4.9,4.4,4.2,4.2,4.2,4.1,4.15,4.03,4.16,4.28,5.19,5.70,4.19,4.78,4.15,,4.52
MH,Latur,S13,41,SC,5.6,5.8,5.0,5.3,4.8,6.0,6.3,5.2,6.0,5.6,5.0,5.6,5.8,6.2,5.8,5.4,5.1,4.8,5.5,5.2,6.45,5.54,6.22,5.77,5.31,5.12,5.58,5.44,5.40,,5.54
MH,Baramati,S13,35,GEN,5.5,6.0,7.0,6.5,6.0,5.7,6.0,7.4,6.5,5.9,6.6,6.9,6.5,6.1,6.8,6.8,6.3,6.4,6.7,6.8,6.44,6.27,6.68,6.65,6.42,8.67,7.33,9.33,10.00,,6.76
MH,Ratnagiri - Sindhudurg,S13,46,GEN,4.1,5.1,5.4,6.0,4.8,3.8,4.2,4.5,5.0,5.8,5.7,5.3,4.9,4.6,4.5,4.7,4.7,5.0,5.1,5.0,5.00,5.05,4.63,3.83,10.00,3.96,5.72,5.44,4.98,,5.06
MH,Kolhapur,S13,47,GEN,5.5,6.4,6.9,6.8,6.6,7.0,7.0,6.7,6.8,6.7,7.0,6.8,6.7,6.8,6.1,6.3,6.5,6.8,6.8,7.1,7.02,6.41,6.65,7.19,6.67,6.38,6.03,5.06,6.01,,6.57
MH,Thane,S13,25,GEN,,,,,,4.3,3.4,4.1,6.3,6.2,4.3,6.0,5.0,6.6,7.3,3.8,3.6,3.5,5.9,3.6,7.88,5.52,3.96,3.96,4.97,6.60,3.62,4.49,4.96,,5.00
MH,Mumbai North,S13,26,GEN,6.7,6.7,10.0,,,6.7,5.7,5.8,5.3,5.2,5.2,4.9,5.0,5.3,5.3,5.2,5.1,4.7,5.0,5.1,5.37,4.70,4.88,5.22,4.55,5.84,4.92,4.70,4.53,,5.46
MH,Mumbai North-West,S13,27,GEN,5.0,5.0,8.3,8.3,8.3,5.3,6.2,5.5,6.8,6.3,6.4,6.8,7.1,6.8,7.0,6.2,6.6,5.9,5.6,6.7,7.19,6.17,5.36,6.36,6.98,5.52,5.40,6.74,5.94,,6.41
MH,Mumbai North-East,S13,28,GEN,3.3,3.3,3.3,3.3,3.3,4.6,5.0,5.4,6.1,5.8,5.7,5.9,5.7,5.6,5.3,5.1,5.0,5.1,5.1,5.0,5.00,4.98,5.05,5.05,5.57,4.84,5.03,5.52,5.28,,4.95
MH,Mumbai North-Central,S13,29,GEN,,,,,,4.8,3.6,3.8,4.6,3.9,3.6,3.9,4.3,5.2,4.9,4.1,3.7,3.6,3.6,3.7,3.69,3.55,3.53,4.11,5.45,6.06,4.38,3.52,3.62,,4.13
MH,Mumbai South,S13,31,GEN,,,,,,4.5,4.5,4.5,4.8,5.1,5.0,4.8,4.7,4.8,4.6,4.6,4.5,4.7,4.6,4.6,4.60,4.41,4.41,4.56,3.33,4.28,4.68,5.24,5.62,,4.64
MH,Mumbai South-Central,S13,30,GEN,3.3,,,,,4.1,4.5,4.7,5.4,5.5,5.6,5.5,5.4,5.3,5.3,4.8,4.6,4.6,4.6,4.7,5.02,4.85,4.61,4.62,5.21,4.41,4.62,4.99,4.98,,4.85
MH,Kalyan,S13,24,GEN,4.9,5.6,5.6,5.7,5.3,5.0,5.3,5.6,5.4,5.4,5.4,5.6,5.6,5.4,5.5,5.4,5.2,5.0,5.2,5.1,5.30,5.45,5.23,5.29,6.02,5.57,5.02,4.86,4.92,,5.34
MH,Pune,S13,34,GEN,6.7,7.3,7.3,5.3,4.7,6.1,3.8,4.2,9.0,5.9,4.8,7.2,8.0,6.6,8.4,5.2,4.9,3.5,4.0,5.2,3.45,3.94,3.85,5.50,4.55,6.75,4.36,6.05,3.87,,5.54
MH,Nanded,S13,16,GEN,3.5,6.0,6.5,6.2,5.6,4.6,6.4,6.4,6.5,6.4,6.4,6.5,6.3,6.5,6.4,6.4,6.5,6.2,6.4,6.5,7.23,6.68,6.61,6.72,7.11,7.33,7.69,7.36,8.17,,6.45
MH,Yavatmal - Washim,S13,14,GEN,5.32,6.16,5.76,6.39,5.87,5.81,5.93,6.19,6.02,6.31,6.15,6.58,6.29,6.53,6.24,6.87,6.51,6.4,6.26,6.56,6.37,6.25,6.17,5.86,6.14,5.51,5.56,6.09,5.29,,6.12
MH,Nagpur,S13,10,GEN,5.9,5.3,5.7,4.7,4.7,5.5,5.9,5.8,6.0,6.0,6.7,6.8,7.0,7.0,7.1,6.7,6.8,6.8,6.9,7.0,7.39,7.26,7.36,7.25,7.41,5.81,6.20,6.31,7.20,,6.42
MZ,Mizoram,S16,1,ST,,,,,,,,,,,,,,,,,,,,,,,,,,,,,,,
NL,Nagaland,S17,1,GEN,,,,,,,,,,,,,,,,,,,,,,,,,,,,,,,
OD,Bhadrak,S18,7,SC,6.4,5.7,5.0,5.4,6.0,7.0,5.7,4.4,5.0,5.3,5.3,5.5,6.0,6.3,6.0,5.4,5.5,5.3,5.6,5.2,5.58,5.40,5.42,5.38,,,,,,,5.57
OD,Jajapur,S18,8,SC,3.6,3.9,4.2,4.5,4.5,4.4,5.0,4.8,5.0,4.8,4.8,4.6,4.7,4.5,4.6,4.5,4.4,4.5,4.5,4.4,4.51,4.48,4.45,4.35,,,,,,,4.49
OD,Sambalpur,S18,3,GEN,5.3,6.1,5.6,5.7,5.4,5.4,5.5,5.6,6.1,6.1,5.9,6.1,6.1,6.4,6.0,6.2,5.8,5.6,5.9,5.6,5.69,5.87,5.32,5.40,,,,,,,5.77
OD,Baleshwar,S18,6,GEN,,,,,,,,,,,,,,,,,,,,,,,,,,,,,,,
OD,Kendujhar,S18,4,ST,,,,,,,,,,,,,,,,,,,,,,,,,,,,,,,
OD,Mayurbhanj,S18,5,ST,5.0,5.3,5.3,5.2,5.0,5.0,5.5,4.9,5.4,5.3,5.3,5.1,5.5,5.7,5.4,5.5,5.3,5.0,5.4,5.2,5.28,5.17,5.14,5.21,10.00,5.97,6.28,5.56,5.64,,5.49
OD,Sundargarh,S18,2,ST,,,,,,6.9,6.6,6.0,6.4,6.4,6.2,6.6,6.4,6.3,6.4,6.3,6.4,6.6,6.3,6.2,6.67,6.57,6.16,6.21,,,,,,,6.39
OD,Bargarh,S18,1,GEN,,,,,,5.3,5.4,5.6,5.9,5.9,5.9,5.9,5.9,6.1,5.9,6.2,5.8,5.8,5.8,5.7,5.49,5.51,5.42,5.15,6.67,6.33,5.56,7.81,7.03,,5.92
OD,Dhenkanal,S18,9,GEN,5.1,5.4,5.1,5.2,5.2,5.9,6.1,5.5,5.7,5.8,5.8,6.0,5.7,5.7,5.8,6.0,5.8,5.9,5.5,5.6,5.83,5.72,5.69,6.00,,7.29,6.75,6.46,6.13,,5.80
OD,Bolangir,S18,10,GEN,4.8,5.4,4.8,4.9,5.0,4.8,5.4,5.1,5.1,5.1,5.4,5.3,5.4,5.2,5.1,5.1,5.3,5.6,5.4,5.2,5.22,5.20,5.24,5.42,,,,,,,5.18
OD,Kalahandi,S18,11,GEN,,,,,,3.7,5.7,5.4,6.7,6.4,6.4,6.9,8.1,8.1,7.5,6.4,5.1,5.0,5.4,6.1,5.40,4.62,4.04,4.01,,5.63,6.58,6.33,5.27,,5.86
OD,Kandhamal,S18,13,GEN,4.9,4.6,4.5,4.5,5.2,5.3,4.8,4.6,6.1,5.9,5.6,5.8,5.8,5.8,5.5,5.9,5.5,4.9,5.4,5.8,5.12,4.79,5.44,5.40,,,,,,,5.29
OD,Kendrapara,S18,15,GEN,,,,,,4.1,4.0,4.1,6.5,6.1,6.8,6.7,6.1,6.9,6.1,6.0,4.6,4.5,6.4,6.0,5.26,6.22,4.34,5.87,3.33,4.63,5.04,7.64,4.15,,5.47
OD,Cuttack,S18,14,GEN,,,,,,5.4,6.5,5.7,5.8,5.8,5.9,5.8,5.6,5.6,5.8,5.4,5.3,5.6,5.5,5.3,5.38,5.39,5.20,5.70,5.47,4.66,5.79,5.21,4.99,,5.52
OD,Bhubaneswar,S18,18,GEN,8.5,8.1,6.4,5.3,5.9,7.6,7.9,8.9,8.7,8.7,8.6,8.7,8.6,8.5,8.3,8.1,8.0,7.8,7.7,7.7,7.62,8.30,6.23,8.10,,,,,,,7.84
OD,Aska,S18,19,GEN,5.2,5.0,4.3,5.4,4.4,3.8,4.3,6.0,8.0,7.6,7.0,7.0,7.3,8.0,6.7,5.5,4.8,4.7,4.8,5.8,5.67,5.00,5.60,4.69,,,,,,,5.68
OD,Jagatsinghpur,S18,16,SC,,,,,,5.4,5.3,4.3,6.8,5.7,5.9,6.3,6.4,6.2,5.8,5.5,5.3,5.2,4.6,4.5,5.10,5.48,4.25,5.25,3.33,,,,,,5.32
OD,Nabarangapur,S18,12,ST,5.2,5.2,4.9,5.1,4.9,6.4,6.5,6.4,6.5,6.7,6.8,6.9,6.9,7.0,7.0,6.6,6.7,6.6,6.9,6.9,6.63,6.68,6.66,6.84,,,,,,,6.37
OD,Koraput,S18,21,ST,5.8,5.6,5.4,5.2,5.6,5.6,5.8,5.6,5.5,5.6,5.7,5.9,6.0,6.2,5.8,6.0,5.8,5.6,5.8,5.6,5.63,5.64,5.58,5.66,,,,,,,5.68
OD,Puri,S18,17,GEN,6.5,6.6,8.2,6.9,7.8,7.2,8.5,7.4,8.0,7.7,8.7,8.1,7.9,7.0,7.2,8.1,8.8,8.2,5.6,7.1,8.82,7.73,7.19,8.13,,,,,,,7.64
OD,Berhampur.,S18,20,GEN,5.6,5.7,5.8,6.0,5.6,5.3,5.8,5.9,6.0,5.9,5.8,5.8,6.1,5.9,5.8,5.9,5.8,5.8,5.9,5.9,5.68,5.76,5.60,5.62,,,,,,,5.78
PB,Jalandhar,S19,4,SC,,,,,,3.4,3.4,3.4,3.5,3.4,3.4,3.4,3.5,3.4,3.4,3.4,3.4,3.4,3.4,3.4,3.41,3.37,3.41,3.41,,3.78,3.54,3.81,3.69,,3.47
PB,Hoshiarpur,S19,5,SC,,,,,,3.4,3.4,3.4,3.4,3.4,3.4,3.4,3.4,3.4,3.4,3.3,3.4,3.4,3.4,3.3,3.34,3.38,3.34,3.37,,3.55,3.44,3.51,3.46,,3.39
PB,Fatehgarh Sahib,S19,8,SC,,,,,,3.5,3.5,3.6,3.8,3.8,3.7,3.6,3.6,3.7,3.7,3.6,3.6,3.6,3.7,3.6,3.58,3.49,3.58,3.61,,3.38,3.36,3.42,3.42,,3.58
PB,Firozpur,S19,10,GEN,,,,,,3.4,3.4,3.4,3.4,3.4,3.4,3.4,3.4,3.4,3.4,3.4,3.4,3.4,3.4,3.3,3.35,3.35,3.35,3.42,,3.51,3.49,3.47,3.44,,3.39
PB,Patiala,S19,13,GEN,,,,,,4.0,3.8,3.8,4.2,3.8,3.8,4.1,4.4,4.4,4.4,4.0,4.0,3.8,3.8,3.8,3.79,3.74,3.72,3.83,,3.68,3.65,3.68,3.77,,3.92
PB,Bathinda,S19,11,GEN,,,,,,3.6,3.4,3.4,4.1,3.5,3.5,3.5,4.0,3.9,4.3,3.5,3.6,3.4,3.4,3.4,3.42,3.46,3.45,3.63,,4.07,4.22,4.58,3.50,,3.69
PB,Gurdaspur,S19,1,GEN,,,,,,3.4,3.4,3.4,3.4,3.4,3.4,3.4,3.6,3.4,3.4,3.4,3.4,3.4,3.3,3.4,3.35,3.37,3.35,3.38,,5.56,3.61,3.61,3.61,,3.50
PB,Amritsar,S19,2,GEN,,,,,,3.4,3.3,3.3,3.3,3.3,3.3,3.3,3.5,3.4,3.5,3.4,3.3,3.3,3.3,3.4,3.33,3.34,3.33,3.34,,3.71,4.42,3.43,3.39,,3.42
PB,Khadoor Sahib,S19,3,GEN,,,,,,,,,,,,,,,,,,,,,,,,,,,,,,,
PB,Anandpur Sahib,S19,6,GEN,,,,,,3.4,3.4,3.4,3.4,3.4,3.4,3.4,3.4,3.4,3.5,3.4,3.4,3.4,3.4,3.3,3.35,3.34,3.34,3.34,,3.51,3.36,3.46,3.46,,3.39
PB,Sangrur,S19,12,GEN,3.5,3.5,3.4,3.5,3.4,3.7,3.4,3.5,3.9,3.5,3.4,3.4,4.2,3.7,4.4,3.4,3.4,3.4,3.4,3.4,3.37,3.43,3.41,3.75,,,,,,,3.54
PB,Ludhiana,S19,7,GEN,3.6,3.7,3.6,3.5,3.6,3.7,3.5,3.5,4.0,3.7,3.8,3.6,3.6,3.6,3.7,3.6,3.7,3.5,3.5,3.5,3.58,3.51,3.51,3.73,,,,,,,3.63
PB,Faridkot,S19,9,SC,4.0,3.7,3.8,3.9,4.2,3.7,3.7,3.6,3.6,3.5,3.5,3.6,3.5,3.6,3.6,3.4,3.5,3.5,3.5,3.5,3.56,3.50,3.41,3.71,,,,,,,3.62
PY,Puducherry,U07,1,GEN,,,,,,,,,,,,,,,,,,,,,,,,,,,,,,,
RJ,Churu,S20,3,GEN,,,,,,6.8,6.5,6.9,7.9,6.3,6.5,6.4,5.7,6.6,6.8,6.3,6.7,6.1,6.8,6.0,6.77,7.92,6.45,7.24,,5.26,6.76,5.65,8.80,,6.65
RJ,Bikaner,S20,2,SC,,,,,,4.7,5.0,5.0,5.3,5.0,5.1,5.2,4.9,5.1,5.1,5.0,5.2,5.3,5.0,5.1,5.03,5.19,4.99,4.84,,4.70,4.92,5.27,5.16,,5.04
RJ,Jhunjhunun,S20,4,GEN,,,,,,7.3,6.2,6.8,6.8,7.6,6.7,7.0,6.5,7.2,6.6,7.1,6.8,7.3,6.6,7.0,6.67,6.86,6.57,6.67,,7.08,6.17,5.85,7.23,,6.80
RJ,Alwar,S20,8,GEN,3.5,4.1,3.5,3.5,3.5,3.9,4.2,4.1,4.5,4.4,4.4,4.7,5.1,5.1,5.2,4.4,4.2,4.2,4.5,4.2,4.22,5.10,4.11,4.00,,,,,,,4.28
RJ,Jodhpur,S20,16,GEN,,,,,,6.6,6.8,6.6,7.3,7.1,6.9,7.1,7.1,7.1,7.0,6.9,6.9,7.1,6.7,7.0,6.99,6.95,6.96,6.36,,6.98,7.19,6.88,6.88,,6.93
RJ,Sikar,S20,5,GEN,,,,,,5.5,6.1,5.5,6.1,5.8,5.8,6.1,6.2,5.8,6.3,5.9,5.6,5.5,5.6,5.6,5.37,5.80,5.48,5.26,,5.28,4.97,5.95,6.00,,5.72
RJ,Nagaur,S20,14,GEN,,,,,,7.9,7.6,6.9,7.8,8.0,7.9,7.8,7.7,7.7,7.4,7.0,6.9,6.5,6.6,6.8,7.01,7.39,6.99,7.12,,7.07,8.43,8.34,7.28,,7.39
RJ,Tonk - Sawai Madhopur,S20,12,GEN,6.8,7.1,6.5,6.5,5.5,6.8,6.8,6.7,7.3,7.4,7.3,7.0,6.8,6.8,7.1,6.7,6.6,6.4,6.6,6.6,6.66,6.77,6.47,6.49,,,,,,,6.73
RJ,Bharatpur,S20,9,SC,4.2,4.3,4.1,4.1,4.2,4.4,4.2,4.2,4.5,4.4,4.3,4.2,4.3,4.3,4.2,4.2,4.2,4.2,4.3,4.2,4.21,4.56,4.12,4.01,,,,,,,4.24
RJ,Barmer,S20,17,GEN,,,,,,5.0,5.5,5.6,5.4,5.7,5.6,5.6,5.4,5.5,5.6,5.5,5.7,5.5,5.5,5.6,5.73,5.34,5.40,5.31,,4.87,5.09,5.45,5.53,,5.45
RJ,Ajmer,S20,13,GEN,,,,,,7.0,8.1,7.6,9.0,8.0,8.3,7.8,8.1,8.7,7.5,8.3,7.9,7.6,7.0,8.2,8.51,7.88,6.71,7.04,,7.38,7.60,7.86,7.35,,7.79
RJ,Karauli - Dhaulpur,S20,10,SC,,,,,,,,,,,,,,,,,,,,,,,,,,,,,,,
RJ,Jhalawar - Baran,S20,25,GEN,,,,,,6.5,7.8,6.6,7.1,6.9,6.8,6.7,7.0,6.8,7.0,6.8,6.9,7.0,6.7,6.9,6.63,6.97,6.85,6.58,,7.95,6.92,7.80,7.51,,6.98
RJ,Rajsamand,S20,22,GEN,,,,,,7.8,7.6,7.1,7.0,7.5,7.2,7.4,7.3,7.0,6.7,7.1,7.3,7.4,7.2,7.4,7.18,7.21,6.78,5.72,,7.03,7.68,7.09,6.16,,7.12
RJ,Jalore,S20,18,GEN,,,,,,6.6,5.9,5.6,5.6,5.4,5.6,5.6,5.6,5.6,5.3,5.5,6.0,6.0,6.0,5.8,5.83,5.55,5.61,6.14,,5.02,5.88,6.21,5.67,,5.73
RJ,Bhilwara,S20,23,GEN,,,,,,6.2,6.6,6.5,7.9,7.2,6.9,6.9,7.3,7.0,7.3,6.8,7.1,7.1,7.2,7.2,6.95,6.96,6.27,6.70,,7.62,7.14,8.25,7.03,,7.04
RJ,Kota,S20,24,GEN,,,,,,4.7,4.5,4.5,4.6,4.8,4.5,4.5,4.8,4.6,4.5,4.5,4.5,4.4,4.5,4.4,4.52,4.89,4.44,4.48,,5.42,5.28,5.20,5.51,,4.69
RJ,Pali,S20,15,GEN,,,,,,7.8,6.6,6.6,7.3,6.4,7.3,7.1,6.0,6.9,6.6,6.3,6.7,6.6,6.5,6.6,7.32,6.65,6.87,6.45,,5.73,6.09,6.48,5.82,,6.63
RJ,Ganganagar,S20,1,SC,,,,,,4.0,4.3,4.1,4.2,4.2,4.3,4.3,4.2,4.3,4.2,4.3,4.3,4.3,4.2,4.3,4.24,4.21,3.99,4.09,,4.27,4.22,3.91,4.06,,4.19
RJ,Dausa,S20,11,ST,6.1,6.5,6.7,6.3,6.0,6.1,6.5,7.4,6.7,6.6,7.1,6.6,6.1,6.6,6.6,6.3,6.6,6.7,6.3,6.6,6.70,6.33,6.63,5.99,,,,,,,6.50
RJ,Chittaurgarh,S20,21,GEN,,,,,,7.6,6.9,6.5,7.5,6.4,7.0,7.2,6.8,6.9,7.2,6.6,6.8,7.1,6.7,6.9,7.22,6.84,6.61,6.83,,6.01,6.15,6.32,6.64,,6.81
RJ,Jaipur,S20,7,GEN,,,,,,7.3,8.6,4.9,5.6,7.0,7.2,6.3,5.7,7.0,5.8,7.1,7.2,6.4,7.1,6.9,7.10,7.22,5.40,5.72,,5.52,8.27,7.04,5.42,,6.60
RJ,Banswara,S20,20,ST,4.5,4.3,5.0,4.5,4.6,4.3,6.8,3.6,5.2,5.1,6.8,4.5,4.1,5.1,4.1,5.8,6.5,3.8,4.8,5.4,5.34,5.67,4.35,6.10,,,,,,,5.01
RJ,Udaipur,S20,19,ST,3.7,4.1,4.5,4.4,4.2,4.2,5.7,4.3,4.7,4.6,5.3,4.7,4.5,4.5,4.3,4.7,5.5,4.6,4.7,4.6,4.82,5.08,5.08,5.15,,,,,,,4.66
RJ,Jaipur Rural,S20,6,GEN,,,,,,5.7,6.9,6.3,6.6,6.1,6.7,6.1,6.5,6.3,6.1,6.1,6.5,6.0,6.5,6.5,6.63,6.31,5.84,5.87,,5.08,5.48,5.19,5.48,,6.11
SK,Sikkim,S21,1,GEN,,,,,,,,,,,,,,,,,,,,,,,,,,,,,,,
TN,Erode,S22,17,GEN,5.8,6.4,4.5,4.5,6.8,5.6,3.7,6.6,7.2,6.9,4.7,9.3,8.7,9.4,8.2,6.7,6.2,3.9,4.2,6.8,3.76,7.03,5.91,3.71,6.67,9.25,6.76,6.68,3.56,,6.19
TN,Tenkasi,S22,37,SC,,,,,,,,,,,,,,,,,,,,,,,,,,,,,,,
TN,Tirunelveli,S22,38,GEN,5.1,5.8,5.9,6.1,6.2,5.8,6.0,6.0,5.7,5.6,5.6,5.9,6.4,6.1,6.2,5.6,5.7,5.8,6.0,6.0,5.73,5.84,6.02,6.77,5.70,5.59,6.27,6.43,4.94,,5.89
TN,Kanniyakumari,S22,39,GEN,,,,,,,,,,,,,,,,,,,,,,,,,,,,,,,
TN,Coimbatore,S22,20,GEN,4.4,5.5,4.8,5.2,4.4,4.7,5.2,4.9,5.2,4.9,5.2,5.0,5.2,5.0,5.3,5.0,5.3,4.8,5.4,5.3,5.21,5.00,5.23,5.00,5.40,4.90,5.16,5.19,4.76,,5.05
TN,Mayiladuthurai,S22,28,GEN,,,,,,,,,,,,,,,,,,,,,,,,,,,,,,,
TN,Perambalur,S22,25,GEN,7.2,8.3,7.2,6.4,3.6,6.2,6.5,5.6,6.3,6.0,4.9,6.9,6.3,6.1,6.6,6.5,5.3,4.9,6.0,6.0,5.57,6.10,5.90,6.00,6.79,4.02,4.69,5.03,5.63,,5.94
TN,Dindigul,S22,22,GEN,7.3,7.6,6.4,6.4,7.4,6.9,6.3,6.7,7.2,7.6,7.5,8.2,8.5,8.5,8.3,7.4,7.0,6.9,7.2,7.3,7.23,6.93,7.08,7.11,6.19,7.97,6.33,7.03,6.67,,7.21
TN,Arakkonam,S22,7,GEN,7.1,6.1,4.6,4.6,5.1,7.0,6.9,5.3,6.3,6.9,6.0,7.0,7.2,7.3,8.2,6.0,5.4,5.3,5.1,6.2,7.07,8.43,5.89,5.77,6.18,6.03,7.40,5.43,7.47,,6.32
TN,Chennai South,S22,3,GEN,,,,,,,,,,,,,,,,,,,,,,,,,,,,,,,
TN,Krishnagiri,S22,9,GEN,7.8,6.9,7.7,7.7,7.8,7.0,7.1,6.6,7.1,6.5,6.3,6.8,6.5,6.6,6.2,6.9,6.7,5.8,6.9,7.0,6.30,6.97,7.16,7.09,6.40,6.13,6.39,6.55,5.29,,6.76
TN,Arani,S22,12,GEN,4.8,5.6,5.0,4.6,4.0,5.8,5.0,6.1,6.4,6.3,6.1,7.1,6.6,6.5,6.1,6.1,5.8,5.9,5.6,6.1,5.24,6.31,5.95,5.69,6.40,3.97,5.20,5.05,5.78,,5.69
TN,Tiruvannamalai,S22,11,GEN,6.2,6.6,5.4,5.2,5.6,5.5,5.2,5.8,6.3,5.4,6.1,6.9,6.4,6.7,5.8,6.3,5.5,4.8,5.5,5.9,4.32,5.37,6.15,6.47,6.77,6.04,5.19,5.79,4.77,,5.79
TN,Sriperumbudur,S22,5,GEN,5.5,5.8,5.7,5.4,5.7,5.2,6.0,6.7,6.0,6.1,6.0,6.9,6.6,6.6,5.7,6.0,5.9,5.8,6.1,6.2,5.85,6.53,6.59,6.02,6.61,5.66,6.20,6.37,6.42,,6.07
TN,Vellore,S22,8,GEN,3.9,4.8,7.7,6.3,6.1,4.1,6.5,8.7,5.1,7.7,5.8,8.4,8.1,8.1,5.6,6.8,5.5,6.0,7.3,6.9,6.75,6.57,6.83,5.47,6.90,5.15,7.30,6.95,6.00,,6.45
TN,Kancheepuram,S22,6,SC,6.8,6.6,5.6,5.4,5.3,6.7,5.7,6.5,8.0,7.2,6.9,7.0,7.3,7.1,7.2,6.8,6.7,6.5,6.6,6.4,6.01,6.39,6.06,6.10,6.20,5.51,6.19,5.24,4.92,,6.37
TN,Kallakurichi,S22,14,GEN,6.3,7.3,5.2,4.6,5.4,5.5,6.3,5.2,6.5,6.6,6.8,7.4,6.8,7.9,7.1,6.8,5.8,5.3,6.2,6.1,7.85,6.75,5.48,5.14,6.24,5.49,5.79,6.35,5.90,,6.21
TN,Nilgiris,S22,19,SC,4.5,5.4,5.4,5.3,5.1,4.4,5.1,4.7,5.2,4.9,5.3,4.9,5.3,4.9,5.3,4.8,5.3,4.8,5.2,4.9,5.26,4.90,5.04,5.00,5.16,4.26,5.46,4.83,5.18,,5.02
TN,Chidambaram,S22,27,SC,5.3,5.9,6.0,5.9,5.4,5.9,6.4,6.9,6.6,6.9,6.7,6.7,6.4,6.6,6.4,6.5,6.6,6.5,6.5,6.6,6.40,6.45,6.55,6.63,5.78,5.55,6.58,6.83,6.34,,6.33
TN,Chennai North,S22,2,GEN,,,,,,,,,,,,,,,,,,,,,,,,,,,,,,,
TN,Chennai Central,S22,4,GEN,,,,,,,,,,,,,,,,,,,,,,,,,,,,,,,
TN,Thoothukkudi,S22,36,GEN,,,,,,,,,,,,,,,,,,,,,,,,,,,,,,,
TN,Nagappattinam,S22,29,SC,5.8,4.7,5.3,5.2,5.8,5.5,5.8,5.0,5.0,6.6,6.2,7.0,7.1,6.8,6.8,5.8,5.4,4.8,5.0,5.5,5.64,5.04,4.81,5.93,5.95,7.40,6.16,6.20,5.25,,5.77
TN,Tiruvallur,S22,1,SC,5.8,5.6,5.0,5.1,5.6,6.8,6.1,6.0,5.8,6.7,5.8,5.7,5.2,6.0,5.5,5.5,5.5,5.4,5.3,5.2,5.50,5.85,5.28,5.46,5.45,6.31,5.92,5.64,6.09,,5.69
TN,Viluppuram,S22,13,SC,6.9,6.2,5.9,5.9,6.8,5.1,4.9,5.9,6.2,6.8,6.6,6.9,7.0,6.9,6.5,5.9,5.7,5.5,5.7,5.8,5.69,5.61,5.31,5.01,3.64,7.44,5.27,6.32,6.22,,5.98
TN,Cuddalore,S22,26,GEN,5.1,5.8,5.8,5.8,6.3,4.7,6.6,4.8,5.7,5.9,6.0,5.1,6.2,5.2,5.9,5.9,5.5,5.9,5.7,5.5,5.52,5.42,4.48,3.70,3.36,6.64,5.92,4.53,7.59,,5.53
TN,Shivaganga,S22,31,GEN,,,,,,,,,,,,,,,,,,,,,,,,,,,,,,,
TN,Theni,S22,33,GEN,7.0,7.6,7.1,6.7,7.1,6.2,6.4,6.4,6.6,6.8,7.0,7.6,7.7,7.7,7.4,6.9,6.6,6.6,6.7,6.7,6.96,7.16,7.29,7.28,5.42,7.12,6.85,7.03,7.03,,6.93
TN,Ramanathapuram,S22,35,GEN,,,,,,,,,,,,,,,,,,,,,,,,,,,,,,,
TN,Namakkal,S22,16,GEN,6.7,6.8,4.4,4.0,4.5,5.2,3.5,6.4,6.6,6.0,7.7,7.7,8.1,8.3,7.5,7.0,6.9,6.5,6.2,6.6,3.55,5.36,6.05,6.12,5.96,6.46,5.98,5.93,5.44,,6.11
TN,Thanjavur,S22,30,GEN,3.6,3.5,3.7,3.6,3.6,3.9,3.6,3.8,4.0,4.1,4.1,4.2,4.1,4.3,4.2,4.2,4.0,4.0,4.0,4.2,3.81,4.04,3.97,3.72,4.02,4.31,3.78,3.87,4.15,,3.94
TN,Tiruchirappalli,S22,24,GEN,5.5,5.5,4.5,6.4,6.6,4.3,4.5,6.6,6.7,7.9,5.0,7.4,7.6,6.8,7.2,6.6,6.5,4.7,6.0,6.8,4.68,6.48,5.86,3.91,6.06,9.07,6.57,6.45,4.33,,6.09
TN,Pollachi,S22,21,GEN,5.6,6.0,5.3,4.5,4.0,4.6,5.4,4.8,5.4,4.8,5.4,4.9,5.2,4.8,5.3,4.9,5.2,4.9,5.3,5.0,5.30,4.85,5.24,5.02,5.32,4.80,5.32,5.20,5.17,,5.08
TN,Karur,S22,23,GEN,5.5,6.3,4.6,4.0,6.4,5.7,3.4,6.7,6.7,6.8,6.3,9.6,9.0,9.2,5.0,6.5,6.5,4.1,6.0,7.0,3.44,6.41,4.73,3.42,,6.79,6.57,6.58,3.61,,5.96
TN,Dharmapuri,S22,10,GEN,3.9,5.5,5.7,5.8,5.9,5.5,5.2,6.5,6.0,6.0,6.2,6.5,6.4,6.6,6.0,6.1,6.1,5.9,6.1,6.3,5.77,6.14,6.19,6.32,6.30,5.86,6.47,6.51,6.16,,5.99
TN,Madurai,S22,32,GEN,6.2,5.3,5.1,5.1,6.5,6.0,5.4,5.7,5.2,5.7,5.3,5.8,5.4,5.6,5.2,5.7,5.5,5.9,5.6,6.0,5.71,5.86,5.52,5.75,5.54,6.17,5.20,5.23,5.22,,5.59
TN,Virudunagar,S22,34,GEN,6.7,5.0,6.7,8.3,8.3,8.3,6.7,6.7,8.3,6.7,6.7,6.7,6.7,6.7,8.3,8.3,6.7,6.7,6.7,5.0,5.00,6.67,6.67,5.00,6.67,,,,,,6.80
TN,Tiruppur,S22,18,GEN,4.6,5.7,5.9,5.8,5.3,4.8,6.1,6.4,6.4,6.2,6.2,6.3,6.1,6.0,5.9,6.1,6.1,6.1,6.2,6.4,6.16,6.09,6.12,6.24,5.91,4.95,6.10,6.88,6.49,,5.98
TN,Salem,S22,15,GEN,6.8,6.6,6.5,6.2,5.3,6.3,3.4,6.5,6.4,6.6,6.5,6.6,6.5,6.4,6.5,6.4,6.3,6.3,6.2,6.5,3.46,6.68,6.52,6.31,6.26,7.06,6.40,6.40,5.88,,6.20
TR,Tripura East,S23,2,ST,6.4,5.7,6.5,6.9,7.4,6.9,6.5,6.1,7.0,7.0,7.0,7.0,7.7,7.5,7.4,6.9,6.3,5.7,6.2,6.6,7.48,6.81,6.13,6.68,6.81,6.67,6.60,6.86,6.87,,6.74
TR,Tripura West,S23,1,GEN,6.4,5.7,5.5,5.1,5.5,6.0,6.9,5.9,6.8,6.1,6.0,6.4,7.4,6.6,6.2,5.4,5.7,4.9,5.6,6.2,6.42,5.46,5.03,5.54,5.78,5.39,5.51,5.38,5.02,,5.86
UK,Almora,S28,3,SC,,,,,,6.7,6.7,6.4,6.7,6.4,6.4,6.4,6.4,6.4,6.4,6.4,6.6,6.6,6.5,6.4,6.42,6.43,6.43,6.41,,7.04,5.93,7.31,5.83,,6.49
UK,Hardwar,S28,5,GEN,8.1,8.0,8.1,8.1,8.0,7.1,7.2,6.7,6.8,7.1,6.8,7.1,6.8,7.1,6.8,7.1,6.8,6.7,7.1,7.1,7.12,6.78,7.13,7.17,,,,,,,7.20
UK,Tehri Garhwal,S28,1,GEN,,,,,,,,,,,,,,,,,,,,,,,,,,,,,,,
UK,Garhwal,S28,2,GEN,,,,,,,,,,,,,,,,,,,,,,,,,,,,,,,
UK,Nainital - Udhamsingh Nagar,S28,4,GEN,4.9,6.3,4.9,5.9,5.2,6.5,6.5,6.4,6.7,6.7,6.6,6.7,6.4,6.9,6.6,6.4,6.4,6.4,6.5,6.4,6.59,6.62,6.44,6.41,,,,,,,6.31
UP,Saharanpur,S24,1,GEN,4.7,4.7,5.1,5.1,4.9,4.7,5.4,4.9,5.3,5.4,5.3,5.3,5.3,5.2,5.1,5.2,5.6,5.2,5.3,5.1,5.20,5.23,5.05,5.16,4.51,,,,,,5.11
UP,Kairana,S24,2,GEN,5.0,5.1,5.7,5.1,5.3,5.1,5.5,5.4,5.6,5.3,5.6,5.7,5.8,5.7,5.7,5.6,5.5,5.8,5.6,5.7,5.83,5.75,5.28,5.41,,,,,,,5.50
UP,Nagina,S24,5,SC,4.5,4.6,4.6,4.5,4.5,4.9,4.7,4.5,4.8,4.8,4.6,4.9,4.6,4.6,4.7,4.5,4.8,4.7,4.5,4.6,4.71,4.91,4.44,4.27,,,,,,,4.63
UP,Muzaffarnagar,S24,3,GEN,5.0,4.6,5.8,4.8,4.8,4.5,5.6,5.0,5.3,5.4,5.4,5.4,5.3,5.3,5.3,5.4,5.7,5.4,5.5,5.4,5.39,5.14,5.07,5.34,,,,,,,5.23
UP,Baghpat,S24,11,GEN,5.4,5.2,5.4,5.3,5.6,5.7,6.0,5.5,5.6,5.5,5.5,5.5,5.3,5.5,5.4,5.3,5.5,5.4,5.1,5.3,5.24,5.25,4.89,5.00,,,,,,,5.38
UP,Amroha,S24,9,GEN,4.2,5.6,4.8,4.8,4.7,4.2,4.9,4.7,5.4,5.0,5.0,5.0,5.1,5.1,5.1,4.9,4.8,4.9,5.0,5.0,5.03,5.28,4.68,4.64,4.76,4.15,4.80,5.01,4.99,,4.88
UP,Sambhal,S24,8,GEN,3.8,5.4,4.4,5.0,4.7,4.3,5.2,4.7,5.0,4.9,5.1,4.9,5.0,4.9,5.0,4.6,4.9,4.9,4.8,4.7,4.82,5.07,4.71,4.46,5.19,,,,,,4.81
UP,Meerut,S24,10,GEN,5.3,4.5,5.7,4.6,4.9,4.8,6.5,5.3,5.1,4.7,5.1,4.9,4.9,5.0,4.9,5.1,6.3,5.3,5.0,4.9,5.10,4.99,4.76,5.27,,,,,,,5.12
UP,Lalganj,S24,68,SC,3.5,4.1,5.0,4.7,3.8,3.5,4.2,3.8,4.8,4.7,4.4,4.4,4.4,4.4,4.4,3.7,5.2,4.0,4.7,4.7,4.69,4.67,4.38,3.96,,,,,,,4.34
UP,Jalaun,S24,45,GEN,3.9,4.5,5.4,4.2,4.2,4.2,5.0,4.6,4.7,4.6,4.5,4.6,4.6,4.6,4.8,4.6,5.0,4.6,4.5,4.5,5.11,4.50,4.50,4.25,4.19,,,,,,4.56
UP,Rampur,S24,7,GEN,4.1,5.6,4.4,4.7,4.9,4.4,5.0,4.8,4.8,4.9,4.8,5.0,4.9,4.9,4.9,4.8,5.1,4.8,5.0,4.8,4.86,4.96,4.69,4.53,,,,,,,4.81
UP,Ghaziabad,S24,12,GEN,4.7,4.3,4.8,4.4,5.0,4.4,5.6,4.9,4.5,4.2,4.6,4.3,4.3,4.6,4.4,4.6,5.6,5.3,4.6,4.4,4.43,4.24,4.12,4.46,,4.42,4.75,5.29,4.46,,4.63
UP,Pilibhit,S24,26,GEN,4.7,6.5,7.5,6.4,6.0,5.7,6.3,6.7,6.3,6.3,6.3,6.3,6.2,6.2,6.3,6.2,6.2,6.3,6.1,6.4,6.19,6.32,5.99,6.33,,,,,,,6.23
UP,Bulandshahr,S24,14,SC,,,,,,3.5,3.5,3.5,3.7,3.6,3.5,3.7,3.9,3.7,3.8,3.5,3.5,3.5,3.7,3.5,3.61,4.16,3.49,3.44,3.33,4.35,3.71,3.60,3.85,,3.65
UP,Kheri,S24,28,GEN,,,,,,5.8,6.2,6.0,6.3,6.1,6.1,6.2,6.0,6.3,6.3,6.4,6.3,6.1,6.2,6.6,6.19,6.13,6.31,6.06,5.19,6.87,7.55,7.22,7.22,,6.32
UP,Bareilly,S24,25,GEN,4.1,4.6,4.1,4.3,4.2,4.3,3.9,4.0,5.6,4.2,4.7,5.3,5.4,4.3,5.6,4.2,4.2,4.0,4.5,4.0,3.91,5.66,4.15,4.23,,,,,,,4.47
UP,Aonla,S24,24,GEN,8.1,8.2,6.6,8.2,7.9,6.7,6.8,6.7,7.8,7.7,7.2,6.7,6.2,6.3,6.6,4.8,4.5,4.5,4.5,5.0,4.87,5.76,5.23,4.29,,,,,,,6.29
UP,Budaun,S24,23,GEN,5.1,4.9,4.8,5.0,4.8,5.4,4.9,4.8,5.3,5.0,4.8,5.2,5.3,5.0,5.3,4.9,4.9,4.8,5.1,4.8,4.93,5.16,4.84,4.88,,,,,,,4.99
UP,Shahjahanpur,S24,27,SC,4.8,4.2,4.8,4.6,4.5,4.7,3.9,4.7,5.1,4.7,4.7,5.1,4.9,4.9,5.1,4.5,4.3,4.5,4.8,4.4,4.41,5.41,4.26,4.16,3.33,5.79,4.38,4.21,5.38,,4.63
UP,Bahraich,S24,56,SC,,,,,,5.3,6.3,5.0,5.7,4.6,5.7,4.7,5.9,4.8,5.7,4.6,5.7,4.7,5.6,4.4,5.68,4.46,5.49,4.31,,5.79,6.21,6.13,5.25,,5.29
UP,Aligarh,S24,15,GEN,4.6,4.8,3.8,4.5,4.6,4.3,4.6,4.4,4.6,4.6,4.6,4.3,4.2,4.0,3.9,3.8,3.7,3.7,3.7,3.8,3.74,3.86,3.67,3.73,,,,,,,4.14
UP,Dhaurahra,S24,29,GEN,,,,,,6.8,6.9,7.1,6.6,7.2,6.7,6.8,6.6,6.8,6.5,6.8,6.6,6.5,6.6,6.9,6.44,6.75,6.54,6.25,5.33,6.83,7.73,6.69,7.54,,6.73
UP,Etah,S24,22,GEN,,,,,,3.7,4.0,3.9,4.1,4.0,4.0,4.2,4.1,4.2,4.1,4.1,4.1,4.0,4.1,4.0,3.98,4.04,3.77,3.64,4.00,4.10,4.16,4.40,4.26,,4.03
UP,Mathura,S24,17,GEN,4.1,4.6,4.0,4.0,4.4,3.9,3.8,4.2,4.6,4.3,4.7,4.6,4.9,4.4,4.1,3.8,3.8,3.8,4.4,4.0,3.76,4.90,3.73,3.68,3.52,,,,,,4.15
UP,Farrukhabad,S24,40,GEN,3.5,5.5,4.4,5.1,4.3,3.5,4.9,4.5,5.0,5.2,5.3,4.9,5.5,4.9,4.8,4.9,5.0,4.7,5.1,4.8,4.72,4.68,4.70,4.29,6.67,4.02,5.90,4.07,4.48,,4.81
UP,Hardoi,S24,31,SC,3.7,5.2,4.9,4.8,4.2,3.7,4.9,5.3,4.6,4.7,5.3,4.7,4.7,5.2,4.8,4.6,5.0,4.6,4.7,5.1,4.47,4.57,4.65,4.36,,,,,,,4.70
UP,Hathras,S24,16,SC,5.0,6.0,4.5,4.7,5.5,4.9,5.0,5.0,7.7,5.8,5.1,6.3,7.1,5.8,7.6,4.9,4.9,4.9,5.9,4.9,5.28,8.16,4.44,4.48,,,,,,,5.57
UP,Domriaganj,S24,60,GEN,,,,,,5.1,5.8,5.3,6.2,6.7,7.0,6.0,5.5,6.2,5.9,6.0,5.9,5.7,6.0,5.6,5.83,5.55,5.92,5.43,,4.97,5.96,4.97,6.12,,5.81
UP,Sitapur,S24,30,GEN,6.7,6.6,6.7,6.6,6.5,6.6,6.7,6.9,6.7,6.9,6.6,6.7,6.6,6.9,6.6,7.0,6.7,6.7,6.8,7.0,6.54,6.69,6.68,6.29,,,,,,,6.69
UP,Firozabad,S24,20,GEN,3.4,4.1,4.3,4.9,4.5,3.9,4.6,4.7,4.8,5.2,4.9,4.9,4.8,4.8,4.7,4.8,4.7,4.8,4.8,4.7,4.69,4.52,4.59,4.42,7.92,,,,,,4.73
UP,Maharajganj,S24,63,GEN,,,,,,,,,,,,,,,,,,,,,,,,,,,,,,,
UP,Mainpuri,S24,21,GEN,,,,,,3.9,4.7,4.6,4.8,4.9,5.0,5.1,5.1,5.1,5.3,4.8,4.7,4.6,4.7,4.4,4.54,4.50,4.64,4.53,6.00,6.03,5.02,5.42,5.02,,4.89
UP,Kaisarganj,S24,57,GEN,,,,,,6.3,6.3,6.5,5.7,6.0,6.0,6.1,6.0,5.9,5.7,6.3,5.9,5.9,5.8,5.8,5.79,5.76,5.78,5.26,,6.19,6.33,6.25,5.81,,5.97
UP,Gonda,S24,59,GEN,4.8,5.1,5.1,5.2,4.9,5.7,5.3,5.3,4.5,5.2,5.3,5.3,4.9,5.1,5.2,5.3,5.0,5.3,5.0,5.2,5.03,5.25,4.98,5.32,,,,,,,5.13
UP,Misrikh,S24,32,SC,4.6,5.5,4.6,5.0,5.1,4.8,4.7,4.7,4.6,5.3,4.8,5.0,5.0,5.0,4.8,5.1,4.9,4.9,5.0,4.9,4.79,5.09,4.80,4.93,,,,,,,4.90
UP,Barabanki,S24,53,SC,5.3,5.7,5.7,5.9,5.7,5.8,5.6,5.8,5.4,5.9,5.4,5.9,5.4,5.8,5.4,5.8,5.2,5.8,5.4,5.9,5.30,5.75,5.37,6.10,,,,,,,5.63
UP,Kushi Nagar,S24,65,GEN,,,,,,7.3,4.4,5.3,6.1,8.7,9.1,8.0,8.5,7.6,6.0,6.2,5.9,5.4,4.9,6.5,7.73,7.19,4.40,7.48,6.67,9.10,5.13,6.41,7.56,,6.72
UP,Fatehpur Sikri,S24,19,GEN,,,,,,4.0,3.7,4.2,4.7,4.4,4.5,4.5,4.7,4.6,5.0,4.1,4.1,4.0,4.6,4.0,3.94,5.18,3.72,3.72,4.13,4.22,4.64,4.47,4.22,,4.30
UP,Azamgarh,S24,69,GEN,5.0,6.0,5.7,6.1,5.3,5.0,5.8,5.3,6.5,6.7,7.0,6.2,5.8,6.0,5.8,6.0,6.0,5.7,6.0,5.7,6.02,5.31,5.75,5.33,,,,,,,5.83
UP,Bansgaon,S24,67,SC,3.9,6.1,6.0,6.1,5.4,4.6,5.8,5.1,5.7,6.9,6.8,5.6,6.2,6.7,5.6,6.0,5.6,5.9,5.6,5.3,5.68,5.18,5.56,5.98,,,,,,,5.73
UP,Amethi,S24,37,GEN,4.8,5.0,3.8,6.3,5.4,5.1,5.5,5.8,7.0,6.1,4.4,4.7,6.9,6.8,4.9,4.5,4.6,5.8,4.6,5.8,5.14,7.01,4.65,4.31,,,,,,,5.36
UP,Akbarpur,S24,44,SC,3.6,3.7,3.6,3.7,3.6,3.9,3.8,3.9,3.8,3.9,3.9,4.0,3.9,4.0,4.2,4.1,4.1,3.9,3.8,3.8,3.76,3.62,3.65,3.57,,,,,,,3.82
UP,Rae Bareli,S24,36,GEN,5.3,7.5,4.5,6.8,5.1,5.4,6.1,7.2,7.6,6.8,5.4,5.5,7.7,7.4,6.6,5.3,5.0,5.7,5.2,6.3,5.91,6.86,5.95,5.56,4.44,7.08,6.22,5.39,6.36,,6.07
UP,Mohanlalganj,S24,34,SC,5.4,5.1,5.8,5.7,5.5,5.7,5.3,5.9,5.3,5.8,5.4,5.7,5.6,5.7,5.6,5.7,5.6,5.8,5.7,5.6,5.52,5.55,5.72,5.92,,,,,,,5.61
UP,Deoria,S24,66,GEN,5.4,8.2,7.9,6.7,5.3,5.4,6.9,6.3,7.3,7.4,7.2,5.8,5.6,7.3,7.2,6.9,7.5,7.1,7.2,6.8,7.23,5.94,6.29,6.17,,,,,,,6.71
UP,Sant Kabir Nagar,S24,62,GEN,5.4,6.2,5.9,5.9,5.0,5.6,5.9,4.4,6.3,7.8,7.8,5.9,4.9,6.3,6.4,5.6,6.1,5.5,6.2,5.7,6.46,5.27,5.73,5.87,3.33,5.60,5.67,5.98,5.88,,5.80
UP,Faizabad,S24,54,GEN,,,,,,7.5,6.7,7.6,6.7,7.3,7.1,7.3,7.2,7.2,7.1,7.2,7.1,7.2,7.1,7.3,7.05,7.01,7.07,6.65,,8.26,6.50,7.11,6.69,,7.12
UP,Etawah,S24,41,SC,,,,,,3.9,4.8,4.3,4.6,4.5,4.8,4.6,4.9,4.9,5.0,4.9,4.9,4.9,4.9,4.9,5.00,4.80,4.97,4.58,4.74,3.74,4.70,4.34,4.15,,4.67
UP,Sultanpur,S24,38,GEN,,,,,,3.6,3.7,3.6,4.5,4.8,4.2,3.9,4.1,4.2,4.4,3.6,4.7,4.2,4.0,3.8,4.71,4.37,4.02,3.99,,4.24,4.27,4.72,4.64,,4.18
UP,Salempur,S24,71,GEN,5.2,5.8,5.3,5.7,4.8,5.2,5.7,4.6,6.0,8.3,8.3,6.5,5.4,6.5,5.8,5.5,5.8,6.0,5.9,5.6,6.14,4.97,5.83,5.72,,,,,,,5.86
UP,Ghosi,S24,70,GEN,,,,,,5.2,5.8,5.1,6.3,7.0,7.0,5.8,5.5,6.0,5.7,6.0,5.8,5.5,6.3,6.0,5.91,5.62,6.13,5.52,,5.02,5.54,5.28,5.28,,5.78
UP,Chandauli,S24,76,GEN,,,,,,7.9,6.4,6.6,6.9,6.9,6.5,7.2,6.7,6.8,6.9,6.4,7.1,6.9,6.7,6.7,6.36,6.86,6.79,6.53,,,,,,,6.79
UP,Allahabad,S24,52,GEN,,,,,,4.7,4.5,4.5,6.8,6.0,4.0,4.6,6.6,7.0,5.1,4.2,4.9,4.8,5.1,5.1,4.73,6.49,4.40,4.07,,6.13,4.13,4.04,6.64,,5.15
UP,Mirzapur,S24,79,GEN,,,,,,5.8,4.2,4.6,5.9,5.7,5.2,5.8,5.5,5.5,6.2,5.6,5.0,5.2,5.5,5.6,5.04,6.10,5.08,5.28,,6.22,5.50,4.62,6.27,,5.45
UP,Robertsganj,S24,80,SC,4.4,3.9,4.3,4.6,4.3,4.5,3.7,4.1,4.7,4.5,4.2,4.5,4.6,4.5,4.9,4.2,4.0,4.2,4.4,4.2,4.26,4.93,4.12,4.16,,,,,,,4.34
UP,Fatehpur,S24,49,GEN,4.3,4.3,4.3,4.5,4.4,5.1,4.9,4.8,5.2,5.1,5.0,5.1,4.8,5.0,5.1,5.1,4.9,4.9,5.0,5.0,4.88,4.98,4.75,4.76,3.89,,,,,,4.81
UP,Jaunpur,S24,73,GEN,,,,,,5.8,4.0,4.5,6.2,5.2,4.8,5.8,5.3,5.4,6.0,5.1,4.8,5.5,5.4,5.1,4.99,6.01,4.83,5.20,,6.33,5.53,5.72,5.85,,5.36
UP,Pratapgarh,S24,39,GEN,3.8,4.1,4.4,5.1,3.6,3.7,4.1,3.8,4.4,4.6,4.5,4.0,4.3,4.1,5.0,3.6,4.7,4.2,4.3,4.0,4.56,4.59,4.13,3.64,,,,,,,4.21
UP,Hamirpur,S24,47,GEN,,,,,,,,,,,,,,,,,,,,,,,,,,,,,,,
UP,Kaushambi,S24,50,SC,5.3,5.2,3.9,7.1,5.4,5.8,5.0,5.5,7.0,6.3,4.2,4.5,6.7,7.3,5.0,4.5,4.9,5.3,4.9,5.4,4.38,6.83,4.26,4.43,,,,,,,5.38
UP,Ballia,S24,72,GEN,,,,,,5.3,5.3,4.5,6.1,7.7,7.6,6.4,5.4,6.4,5.7,5.8,5.8,5.9,5.9,5.5,6.28,5.01,5.95,5.48,,5.86,5.25,5.43,5.21,,5.81
UP,Jhansi,S24,46,GEN,4.7,4.8,5.2,5.1,4.8,5.3,5.2,5.2,5.5,5.3,5.3,5.2,5.2,5.3,5.3,5.0,5.1,5.1,5.3,5.1,5.10,5.04,5.02,4.62,,,,,,,5.11
UP,Ghazipur,S24,75,GEN,,,,,,5.6,4.0,5.1,6.2,5.5,4.6,5.9,5.6,5.2,5.9,5.3,5.0,5.2,5.7,5.1,4.97,6.15,4.81,5.35,,7.06,5.42,5.44,6.80,,5.47
UP,Machhlishahr,S24,74,SC,4.5,4.1,4.6,4.6,4.3,4.7,3.8,4.2,4.9,4.4,4.3,4.9,4.6,4.6,5.0,4.4,4.3,4.3,4.5,4.3,4.47,4.88,4.16,4.35,,,,,,,4.47
UP,Phulpur,S24,51,GEN,,,,,,5.6,6.7,4.9,6.9,6.2,5.3,6.4,6.2,5.5,6.5,5.9,6.0,6.1,6.5,5.5,6.32,6.19,5.42,5.59,,6.02,5.71,6.08,6.73,,6.01
UP,Sant Ravi Das Nagar (Bhadohi),S24,78,GEN,,,,,,,,,,,,,,,,,,,,,,,,,,,,,,,
UP,Ambedkar Nagar,S24,55,GEN,,,,,,6.5,8.6,6.5,7.2,4.9,8.0,6.4,8.5,5.7,7.5,5.7,8.1,5.9,7.8,5.7,7.85,5.62,7.89,5.60,,5.17,8.25,5.42,7.92,,6.80
UP,Banda,S24,48,GEN,3.7,4.4,5.5,5.0,4.2,3.8,4.0,4.3,4.6,4.4,4.4,4.4,4.3,4.3,4.3,3.9,4.8,4.0,4.5,4.5,4.57,4.59,4.51,3.90,3.33,3.75,3.90,4.77,4.40,,4.31
UP,Kanpur,S24,43,GEN,,,,,,3.5,4.4,3.5,3.9,3.9,4.1,4.0,4.1,4.1,4.1,3.7,3.6,3.5,3.5,3.5,3.74,3.66,3.45,3.48,3.33,3.69,3.50,3.64,3.78,,3.74
UP,Unnao,S24,33,GEN,3.9,4.4,3.6,4.3,4.0,4.0,5.5,4.3,5.0,4.3,4.2,4.4,4.8,4.9,4.5,4.3,3.9,4.5,4.0,4.6,4.35,4.58,4.10,4.05,,,,,,,4.35
UP,Kannauj,S24,42,GEN,,,,,,4.2,4.8,4.4,4.7,4.8,4.9,4.6,5.1,4.8,5.0,5.0,4.9,4.8,5.0,4.6,4.90,4.70,4.70,4.48,5.24,4.06,6.19,4.83,4.83,,4.82
UP,Lucknow,S24,35,GEN,,,,,,6.2,5.5,5.8,5.6,5.8,5.7,5.7,5.6,5.8,5.6,5.8,5.6,5.9,5.6,5.7,5.61,5.66,5.66,5.66,7.33,5.60,6.08,5.46,6.25,,5.80
UP,Varanasi,S24,77,GEN,,,,,,6.8,5.6,5.7,5.7,5.9,5.7,6.0,5.6,6.0,5.9,5.9,5.7,5.9,5.8,5.9,5.69,5.67,5.62,5.18,,7.75,6.42,6.92,6.75,,5.99
UP,Gorakhpur,S24,64,GEN,4.8,6.0,5.3,5.5,5.3,5.9,6.3,4.8,6.1,7.8,7.7,6.3,5.7,6.5,6.0,5.7,5.8,5.4,6.0,5.7,6.32,5.44,5.52,6.08,6.00,,,,,,5.93
UP,Basti,S24,61,GEN,5.3,4.5,6.0,4.9,5.6,5.4,6.1,5.0,4.8,4.3,5.9,5.2,5.7,4.7,5.4,4.9,5.6,4.7,5.4,4.9,5.58,4.75,5.54,4.67,,,,,,,5.19
UP,Shrawasti,S24,58,GEN,,,,,,5.4,5.8,6.6,6.1,6.4,6.1,6.5,6.2,6.5,6.3,6.3,6.2,6.4,6.1,6.4,6.03,6.05,5.69,5.15,,6.38,5.80,6.34,5.84,,6.10
UP,Agra,S24,18,SC,,,,,,4.3,4.0,4.3,5.4,4.3,4.3,4.8,5.3,4.8,5.4,4.0,4.3,4.1,4.8,4.0,4.13,5.60,3.85,3.83,4.00,5.02,4.55,3.57,5.42,,4.50
UP,Gautam Buddha Nagar,S24,13,GEN,,,,,,4.4,4.6,4.6,4.7,4.7,4.6,4.6,4.9,4.7,5.0,4.3,4.3,4.3,4.5,4.1,4.37,4.79,4.29,4.20,4.41,4.74,4.68,4.57,5.26,,4.56
UP,Bijnor,S24,4,GEN,,,,,,4.4,5.4,4.4,5.2,6.0,5.4,6.1,5.6,5.8,5.5,4.7,5.2,4.7,5.1,4.9,4.83,5.53,4.35,4.31,3.33,5.00,4.50,6.42,6.00,,5.11
UP,Moradabad,S24,6,GEN,,,,,,4.0,5.0,4.8,5.0,4.9,4.9,4.9,4.9,4.8,5.0,4.4,4.7,4.6,4.7,4.5,4.86,5.04,4.42,4.11,5.33,4.24,5.50,5.26,5.28,,4.79
WB,Darjiling,S25,4,GEN,,,,,,,,,,,,,,,,,,,,,,,,,,,,,,,
WB,Arambag,S25,29,SC,5.5,6.1,7.3,7.1,6.8,5.3,6.4,7.5,6.8,6.0,6.4,6.9,6.6,5.9,6.2,6.6,6.5,6.4,6.6,6.7,6.46,6.26,6.42,6.53,6.58,3.33,10.00,6.67,3.33,,6.38
WB,Barasat,S25,17,GEN,6.4,6.9,6.9,7.8,7.4,6.0,7.1,7.4,7.6,7.1,8.1,7.9,7.6,6.7,7.9,8.2,7.9,6.9,7.6,7.9,7.82,7.20,7.78,7.79,7.45,6.41,6.92,7.57,9.02,,7.42
WB,Medinipur,S25,34,GEN,,,,,,,,,,,,,,,,,,,,,,,,,,,,,,,
WB,Tamluk,S25,30,GEN,,,,,,,,,,,,,,,,,,,,,,,,,,,,,,,
WB,Murshidabad,S25,11,GEN,,,,,,,,,,,,,,,,,,,,,,,,,,,,,,,
WB,Krishnanagar,S25,12,GEN,,,,,,,,,,,,,,,,,,,,,,,,,,,,,,,
WB,Birbhum,S25,42,GEN,,,,,,,,,,,,,,,,,,,,,,,,,,,,,,,
WB,Bolpur,S25,41,SC,,,,,,,,,,,,,,,,,,,,,,,,,,,,,,,
WB,Barddhaman - Durgapur,S25,39,GEN,,,,,,,,,,,,,,,,,,,,,,,,,,,,,,,
WB,Puruliya,S25,35,GEN,,,,,,,,,,,,,,,,,,,,,,,,,,,,,,,
WB,Barddhaman Purba,S25,38,SC,,,,,,,,,,,,,,,,,,,,,,,,,,,,,,,
WB,Bankura,S25,36,GEN,,,,,,,,,,,,,,,,,,,,,,,,,,,,,,,
WB,Asansol,S25,40,GEN,,,,,,,,,,,,,,,,,,,,,,,,,,,,,,,
WB,Ranaghat,S25,13,SC,,,,,,,,,,,,,,,,,,,,,,,,,,,,,,,
WB,Bishnupur,S25,37,SC,,,,,,,,,,,,,,,,,,,,,,,,,,,,,,,
WB,Jangipur,S25,9,GEN,,,,,,,,,,,,,,,,,,,,,,,,,,,,,,,
WB,Balurghat,S25,6,GEN,,,,,,,,,,,,,,,,,,,,,,,,,,,,,,,
WB,Maldah Uttar,S25,7,GEN,,,,,,,,,,,,,,,,,,,,,,,,,,,,,,,
WB,Kolkata Uttar,S25,24,GEN,,,,,,,,,,,,,,,,,,,,,,,,,,,,,,,
WB,Jhargram,S25,33,ST,,,,,,,,,,,,,,,,,,,,,,,,,,,,,,,
WB,Kolkata Dakshin,S25,23,GEN,,,,,,,,,,,,,,,,,,,,,,,,,,,,,,,
WB,Uluberiya,S25,26,GEN,5.0,6.6,7.9,7.1,6.5,4.4,6.1,7.9,6.5,5.4,6.1,7.1,6.6,5.9,6.4,7.1,6.8,6.0,6.5,7.1,6.59,6.16,6.58,6.75,6.55,3.61,6.33,8.00,6.73,,6.42
WB,Mathurapur,S25,20,SC,5.0,5.9,6.8,6.5,6.0,7.9,7.9,8.0,8.2,8.6,7.9,8.0,8.0,7.6,7.8,8.3,8.4,8.4,8.5,8.4,8.04,7.69,7.72,7.63,7.55,5.00,5.28,6.92,7.44,,7.42
WB,Jaynagar,S25,19,SC,4.7,6.2,8.1,6.8,6.5,6.6,7.0,7.6,7.4,6.5,6.9,7.7,7.8,8.1,8.1,8.2,7.8,6.9,6.8,6.8,6.89,7.34,7.47,7.62,7.64,6.67,6.67,6.67,10.00,,7.21
WB,Diamond Harbour,S25,21,GEN,3.9,6.6,8.8,7.1,6.3,4.4,6.8,8.7,7.1,6.2,7.4,8.0,7.4,6.9,7.3,7.8,7.6,7.0,7.4,7.6,7.48,7.21,7.40,7.32,7.12,4.87,6.67,7.37,7.59,,7.00
WB,Kanthi,S25,31,GEN,,,,,,,,,,,,,,,,,,,,,,,,,,,,,,,
WB,Basirhat,S25,18,GEN,5.8,5.9,6.3,7.1,7.1,4.4,6.0,7.5,6.6,5.6,6.2,6.8,6.6,6.5,6.3,6.9,6.5,6.2,6.6,6.7,6.60,6.60,6.67,6.63,6.45,4.17,6.67,7.92,6.25,,6.39
WB,Bangaon,S25,14,SC,,,,,,,,,,,,,,,,,,,,,,,,,,,,,,,
WB,Koch Bihar,S25,1,SC,,,,,,,,,,,,,,,,,,,,,,,,,,,,,,,
WB,Alipurduars,S25,2,ST,,,,,,,,,,,,,,,,,,,,,,,,,,,,,,,
WB,Jalpaiguri,S25,3,SC,,,,,,,,,,,,,,,,,,,,,,,,,,,,,,,
WB,Barakpur,S25,15,GEN,,,,,,,,,,,,,,,,,,,,,,,,,,,,,,,
WB,Haora,S25,25,GEN,,,,,,,,,,,,,,,,,,,,,,,,,,,,,,,
WB,Jadavpur,S25,22,GEN,8.7,6.7,6.7,8.3,7.5,5.8,6.8,7.9,7.1,7.1,7.6,7.9,7.6,7.3,7.4,7.5,7.2,7.0,7.3,7.6,7.38,7.10,7.34,7.42,7.42,5.74,6.67,7.24,7.77,,7.27
WB,Hugli,S25,28,GEN,,,,,,,,,,,,,,,,,,,,,,,,,,,,,,,
WB,Shrirampur,S25,27,GEN,,,,,,,,,,,,,,,,,,,,,,,,,,,,,,,
WB,Baharampur,S25,10,GEN,,,,,,,,,,,,,,,,,,,,,,,,,,,,,,,
WB,Maldah Dakshin,S25,8,GEN,,,,,,,,,,,,,,,,,,,,,,,,,,,,,,,
WB,Raiganj,S25,5,GEN,,,,,,,,,,,,,,,,,,,,,,,,,,,,,,,
WB,Ghatal,S25,32,GEN,,,,,,,,,,,,,,,,,,,,,,,,,,,,,,,
WB,Dum Dum,S25,16,GEN,,,,,,5.2,6.5,7.8,7.5,6.9,7.1,7.4,7.0,6.4,6.9,7.6,7.5,6.8,7.1,7.6,7.06,6.45,6.76,7.17,7.38,5.02,6.47,6.61,7.56,,6.90
GJ,Kachchh,S06,1,SC,,,,,,,,,,,,,,,,,,,,,,,,,,,,,,,
LD,Lakshadweep,U06,1,ST,,,,,,,,,,,,,,,,,,,,,,,,,,,,,,,
