Constituency;State;Agricultural loan availability;Electricity for Agriculture;Higher price-realization for farm products;Irrigation Programmes;Subsidy for seeds and fertilizers;Accessibility of MP;Anti-terrorism;Better employment opportunities;Better electric supply;Better hospitals / Primary Healthcare Centres;Better Law and Order / Policing;Better public transport;Better roads;Better schools;Drinking water;Empowerment of Women;Environmental issues;Eradication of Corruption;Reservation for jobs and education;Security for women;Strong Defence/Military;Subsidized food distribution;Training for jobs;Trustworthiness of MP;Other;Better garbage clearance;Encroachment of public land / lakes etc;Facility for pedestrians and cyclists on roads;Lower food prices for Consumers;Traffic congestion;Const Avg
Adilabad;Andhra Pradesh;6.7;7.5;7.3;7.9;8.0;6.8;7.4;7.7;7.9;7.9;7.8;8.0;8.0;8.0;7.9;7.8;7.7;7.4;7.7;7.6;7.7;7.6;7.6;7.5;7.6;3.3;;;;;7.5
Agra;UP;;;;;;8.5;9.2;9.2;8.4;8.7;8.4;7.9;8.0;8.6;8.0;8.0;8.2;8.5;7.6;8.5;8.9;8.4;8.1;8.1;;9.1;8.2;8.1;9.2;;8.4
Ahmedabad West;Gujarat;3.4;6.6;7.1;7.1;6.4;5.5;6.8;7.3;7.0;6.8;5.6;6.7;7.7;5.5;6.3;7.2;6.7;6.9;6.7;5.4;7.3;7.1;6.1;7.1;6.7;5.3;6.6;7.6;6.8;;6.5
Ahmednagar;Maharashtra;9.4;9.3;8.9;8.7;9.4;9.1;8.7;9.0;9.0;9.4;8.8;8.9;9.2;9.3;9.3;9.1;8.9;9.1;9.1;9.3;8.8;9.0;8.8;8.5;6.3;9.3;8.4;8.7;8.8;;8.9
Ajmer;Rajasthan;;;;;;6.8;8.0;6.6;7.2;7.2;7.3;7.2;7.1;7.9;6.8;7.0;7.5;7.3;6.5;7.1;7.3;7.3;6.2;7.2;;7.2;7.7;7.2;6.8;;7.1
Akabarpur;UP;9.2;9.7;9.6;9.8;9.6;9.6;9.8;9.7;9.7;9.8;9.7;9.7;9.7;9.7;9.7;9.6;9.6;9.7;9.7;9.7;9.7;9.7;9.7;9.7;;;;;;;9.7
Akola;Maharashtra;6.0;6.9;6.9;7.1;7.1;6.9;7.1;7.1;7.3;7.4;7.4;7.3;7.4;7.5;7.6;7.4;7.3;7.3;7.2;7.4;7.5;7.6;7.5;7.6;7.6;6.4;6.4;6.7;6.1;;7.1
Alappuzha;Kerala;9.7;8.9;8.9;9.5;9.6;9.6;7.5;8.5;8.2;8.9;8.8;9.4;9.4;9.2;9.4;9.0;8.7;8.7;8.5;8.9;8.4;9.0;9.0;9.6;9.2;9.5;9.2;9.2;9.6;;9.0
Alathur;Kerala;7.2;8.0;7.8;7.9;8.0;6.3;7.1;7.2;7.3;7.3;7.3;7.4;7.2;7.2;7.2;7.1;7.2;7.2;7.3;7.3;7.2;7.2;7.3;7.2;6.5;5.9;6.9;6.8;6.8;;7.2
Aligarh;UP;8.9;9.8;9.6;9.7;9.4;6.2;9.1;9.5;9.9;9.8;9.8;9.5;9.9;9.9;9.6;9.2;8.8;8.8;8.8;9.1;8.8;9.2;8.6;8.1;;;;;;;9.2
Allahabad;UP;;;;;;6.1;9.1;9.1;7.1;7.8;8.7;8.2;8.2;7.6;7.5;8.1;5.9;9.0;6.6;9.0;8.3;8.1;8.1;7.2;;6.0;7.5;6.5;8.3;;7.7
Almora;Uttarakhand;;;;;;6.9;6.4;6.9;6.7;6.9;6.9;6.9;6.9;6.9;6.9;6.9;6.7;6.7;6.7;6.9;6.7;6.9;6.9;6.9;;7.1;6.9;6.6;8.1;;6.9
Alwar;Rajasthan;9.8;9.9;10.0;10.0;9.7;6.3;10.0;10.0;10.0;9.9;10.0;9.9;9.9;9.9;9.9;10.0;10.0;9.7;9.7;10.0;9.9;9.9;9.9;4.8;;;;;;;9.5
Amalapuram;Andhra Pradesh;4.6;6.6;7.0;7.3;8.1;5.9;6.4;6.7;6.7;6.9;6.9;6.3;6.6;6.7;6.6;6.9;6.9;6.6;6.7;6.8;6.4;6.7;6.4;6.7;7.0;3.5;7.4;8.4;7.2;;6.6
Ambala;Haryana;;;;;;6.4;6.6;7.9;7.6;7.2;7.2;7.6;7.8;7.4;6.8;6.3;6.2;6.5;7.3;7.1;7.2;7.3;8.0;6.8;;7.4;6.8;5.7;6.2;;7.0
Ambedkar Nagar;UP;;;;;;5.4;7.8;7.5;9.8;6.7;8.3;6.1;7.1;5.8;7.9;5.9;4.3;6.1;5.7;4.9;3.8;6.3;5.9;7.4;;6.0;6.3;5.8;8.8;;6.5
Amethi;UP;6.9;9.4;7.5;8.5;8.7;6.1;9.6;9.0;8.6;8.3;7.9;8.0;8.7;8.3;6.9;6.8;5.6;8.6;6.8;9.3;8.3;8.7;7.9;6.7;;;;;;;8.0
Amravati;Maharashtra;6.7;7.4;7.8;7.5;7.5;7.1;7.5;7.7;7.9;7.8;7.8;7.9;8.0;8.1;8.0;7.8;7.7;7.8;7.6;7.7;7.6;7.6;7.6;7.5;7.4;6.7;6.7;8.3;8.3;;7.6
Amreli;Gujarat;4.9;6.9;7.9;6.7;5.3;4.0;6.2;7.7;6.2;5.4;6.4;7.1;6.4;5.8;6.2;6.6;6.4;6.4;6.7;7.0;6.6;6.4;6.6;6.8;6.1;3.5;6.8;9.1;6.9;;6.4
Amritsar;Punjab;;;;;;5.9;6.3;7.3;6.4;6.4;6.4;6.1;6.4;6.4;6.7;6.3;6.2;6.4;6.2;6.4;6.1;6.6;5.7;5.2;;6.8;7.0;7.6;7.1;;6.4
Amroha;UP;9.0;8.4;8.2;8.4;8.5;9.3;8.3;8.2;8.2;8.4;8.3;8.2;8.2;8.5;8.2;8.2;8.0;8.3;8.2;8.2;8.0;7.9;8.3;8.2;8.6;9.2;7.9;8.3;8.4;;8.3
Anakapalli;Andhra Pradesh;6.0;5.8;6.1;6.1;6.0;6.1;5.9;5.9;6.1;5.8;6.0;5.8;5.9;5.9;6.3;6.3;6.3;6.1;6.1;6.3;6.3;6.2;6.1;6.3;6.4;5.8;5.1;5.5;6.1;;6.0
Anand;Gujarat;4.5;5.9;7.0;6.6;6.1;5.0;5.8;6.8;6.3;5.6;6.2;7.1;6.6;5.8;6.1;6.8;6.4;5.7;6.1;7.0;6.5;5.8;6.3;6.8;6.4;5.2;6.2;7.6;7.0;;6.2
Anandpur Sahib;Punjab;;;;;;4.6;6.1;7.8;6.1;7.0;6.4;6.7;6.8;6.6;6.5;7.1;5.7;7.0;7.1;6.7;6.5;7.8;7.0;4.3;;6.7;3.8;6.2;5.5;;6.4
Anantapur;Andhra Pradesh;4.2;5.4;5.4;5.5;5.2;4.2;4.8;4.9;5.5;5.5;5.4;5.0;5.3;5.1;5.2;5.0;5.4;5.1;5.4;5.2;5.2;5.1;5.3;5.2;5.2;4.1;5.0;5.0;5.5;;5.1
Aonla;UP;9.7;8.3;9.2;9.5;9.4;8.8;8.3;8.3;9.0;8.2;9.1;8.0;7.5;7.9;7.8;7.8;6.1;6.2;5.7;5.9;6.1;6.8;6.7;5.9;;;;;;;7.8
Arakkonam;Tamil Nadu;6.3;7.2;8.8;8.8;8.2;6.4;6.4;8.0;7.0;6.4;7.3;6.3;6.1;6.0;5.1;7.4;7.9;8.1;8.2;7.1;6.2;4.9;7.5;7.6;7.1;7.2;5.9;7.9;5.9;;7.0
Araku;Andhra Pradesh;5.4;5.6;5.7;5.6;5.6;6.9;7.0;7.0;7.0;7.0;7.0;7.0;7.0;7.0;7.0;7.0;7.0;7.0;7.0;7.0;7.0;7.0;7.0;7.0;7.0;7.1;7.5;7.3;7.7;;6.8
Arambagh;West Bengal;6.3;7.5;8.7;7.7;7.8;6.6;7.6;8.7;8.1;7.4;7.8;8.2;7.9;7.5;7.8;8.4;8.0;7.7;7.8;8.1;7.8;7.6;7.8;8.2;7.9;3.3;6.7;6.7;3.3;;7.4
Arani;Tamil Nadu;8.6;7.3;7.6;6.8;7.7;7.3;4.8;7.6;7.8;7.9;7.2;7.8;7.9;7.9;7.5;7.8;7.4;7.5;7.3;7.2;5.5;6.9;7.3;7.0;6.5;5.9;6.8;6.1;6.9;;7.2
Araria;Bihar;6.8;6.6;5.8;6.8;7.0;6.3;6.0;6.7;7.2;7.8;7.9;7.8;7.8;7.9;7.6;7.6;7.2;7.5;7.6;7.7;7.8;7.9;7.5;7.2;;;;;;;7.2
Arrah;Bihar;8.5;9.1;8.5;8.7;8.7;8.9;8.8;8.7;8.9;8.9;8.9;8.7;8.7;8.8;8.5;8.4;8.6;8.6;8.5;8.6;8.7;8.6;8.5;8.5;;;;;;;8.7
Aska;Odisha;9.8;9.7;9.6;9.7;9.8;8.5;8.4;9.0;9.9;9.9;9.8;9.9;9.9;9.9;9.9;9.8;9.6;9.4;9.6;9.8;9.4;9.5;9.8;8.4;;;;;;;9.5
Attingal;Kerala;8.1;7.4;7.2;7.4;7.5;7.8;7.4;7.9;8.0;8.3;7.9;8.0;8.2;8.2;8.6;7.8;7.6;8.2;7.8;8.0;7.4;7.8;7.8;7.6;6.8;8.2;7.5;7.8;7.9;;7.8
Aurangabad;Bihar;9.7;9.7;9.6;9.6;9.4;9.5;8.0;8.9;9.0;8.8;8.6;8.3;9.1;8.4;9.0;6.9;8.1;8.1;7.6;7.5;9.2;8.3;8.8;9.4;9.2;9.3;7.8;8.9;8.4;;8.7
Autonomous District;Assam;8.3;7.6;8.1;8.3;8.4;8.9;9.0;9.5;9.5;9.5;9.5;9.4;9.5;9.5;9.4;9.2;8.9;9.1;9.2;8.8;8.8;9.4;9.3;8.6;9.4;9.7;9.7;9.7;9.9;;9.1
Azamgarh;UP;8.4;6.9;7.1;7.4;7.8;8.4;7.0;8.0;7.3;7.6;7.4;7.2;7.2;7.3;7.2;7.2;7.2;7.5;7.5;7.6;7.1;8.1;7.3;7.4;;;;;;;7.5
Badagara;Kerala;9.2;9.0;9.4;8.9;9.2;7.5;7.7;7.6;7.7;7.8;7.6;7.5;7.9;8.3;8.0;7.7;7.6;8.0;7.7;7.4;7.5;7.7;7.3;6.8;6.5;7.4;7.4;6.7;6.7;;7.8
Badaun;UP;8.6;8.8;9.0;8.3;8.8;8.8;9.2;9.3;8.9;8.7;8.5;8.5;8.6;8.6;8.6;8.6;8.4;8.6;7.9;8.6;8.6;8.7;8.7;8.4;;;;;;;8.7
BAGALKOTE;Karnataka;6.7;6.7;6.7;6.7;6.7;6.7;6.7;6.7;6.7;6.7;6.7;6.7;6.7;6.7;6.7;6.7;6.7;6.7;6.7;6.7;6.7;6.7;6.7;6.7;6.7;3.4;6.8;6.9;9.7;;6.7
Baghpat;UP;9.2;8.9;8.6;8.8;8.6;8.7;8.3;8.5;8.8;8.7;8.6;8.8;8.9;9.1;9.1;8.5;8.0;8.1;8.6;9.0;9.0;9.1;8.9;9.2;;;;;;;8.7
Bahraich;UP;;;;;;7.0;8.6;7.5;8.0;6.8;7.7;6.3;7.0;6.1;6.6;5.6;4.9;5.5;5.4;5.1;4.7;5.5;5.9;6.7;;6.8;6.9;6.0;7.6;;6.5
Balaghat;MP;8.6;7.9;8.3;7.5;8.2;8.8;4.0;9.0;4.5;6.6;6.6;4.8;5.1;4.2;5.6;7.9;4.5;7.8;6.2;4.4;4.2;5.5;7.6;6.9;;;;;;;6.4
Baleshwar;Odisha;3.4;3.9;4.3;5.0;7.8;4.5;4.6;4.8;5.7;6.0;6.3;6.5;6.6;6.6;6.5;6.4;6.7;6.7;6.7;6.8;6.6;6.4;6.2;5.8;;;;;;;5.9
Ballia;UP;;;;;;8.0;6.8;8.5;7.4;7.9;7.9;7.4;7.9;7.2;7.0;7.1;7.1;7.8;7.7;7.6;7.1;7.9;7.1;7.0;;8.7;6.9;6.9;7.3;;7.5
Banaskantha;Gujarat;3.4;6.7;9.8;6.5;5.2;3.6;6.7;9.8;7.1;4.8;6.4;8.5;6.2;4.2;6.4;7.3;6.6;5.1;7.0;7.0;6.4;6.4;5.6;7.3;6.8;5.0;10.0;6.7;3.3;;6.4
Banda;UP;8.9;7.7;7.2;7.7;7.9;9.3;7.7;7.9;8.1;8.0;7.9;8.0;8.3;8.2;8.2;7.0;8.0;8.7;7.6;7.8;8.1;7.8;7.5;8.3;10.0;9.2;7.4;7.5;8.4;;8.1
BANGALORE CENTRAL;Karnataka;7.3;8.0;6.7;6.7;8.3;7.3;8.3;7.9;8.6;8.1;8.6;8.3;8.7;8.2;8.5;8.2;8.7;8.3;8.6;8.3;8.6;8.1;8.5;8.1;8.4;7.6;8.5;7.9;8.7;;8.1
BANGALORE NORTH;Karnataka;5.1;5.2;5.9;5.3;6.1;6.0;5.5;6.0;6.4;6.8;6.6;6.8;7.1;7.3;7.1;6.8;6.6;6.9;6.6;6.8;6.6;6.8;6.5;6.9;6.9;7.0;7.0;7.0;6.9;;6.5
BANGALORE RURAL;Karnataka;6.6;6.3;6.5;6.4;7.1;6.6;6.7;6.7;6.6;6.9;7.0;6.9;6.7;6.6;6.8;6.8;6.8;6.9;6.9;6.8;6.8;6.6;6.7;6.8;6.9;5.6;6.5;6.3;6.7;;6.7
BANGALORE SOUTH;Karnataka;6.4;7.7;7.9;7.0;6.5;6.1;6.7;6.7;6.2;6.6;7.0;6.5;6.8;6.9;6.5;6.6;6.8;6.6;6.7;6.9;6.5;6.6;6.8;6.5;6.8;6.6;6.5;6.6;7.0;;6.7
Banka;Bihar;9.8;9.4;9.3;9.2;9.6;9.8;9.8;9.8;9.7;9.8;9.8;9.8;9.8;9.9;9.8;9.9;9.8;9.8;9.8;9.8;9.8;9.8;9.8;9.8;;;;;;;9.7
Bansgaon;UP;9.3;7.0;7.3;7.8;9.1;7.7;7.9;8.5;7.1;8.5;8.0;7.5;7.2;6.9;7.1;7.1;7.9;7.7;7.1;8.2;7.8;7.0;7.1;6.8;;;;;;;7.6
Banswara;Rajasthan;8.8;9.0;8.3;8.8;8.8;9.3;6.3;9.8;8.1;8.1;6.5;8.7;9.2;8.2;9.2;7.5;6.5;9.6;8.5;7.9;7.9;7.7;9.0;7.2;;;;;;;8.3
Bapatla;Andhra Pradesh;5.2;5.7;7.6;7.7;6.9;5.0;6.4;7.9;7.3;6.3;6.4;7.1;6.9;6.2;6.6;7.3;6.9;6.4;6.8;6.9;6.8;6.3;6.5;7.2;6.9;4.5;6.4;8.5;6.9;;6.7
Barabanki;UP;9.3;8.6;9.1;8.1;9.1;6.6;7.4;8.2;8.7;7.2;7.7;7.0;7.4;7.1;7.6;7.2;7.2;7.4;8.3;7.3;7.3;8.2;7.7;6.9;;;;;;;7.8
Baramati;Maharashtra;5.8;6.6;7.4;7.3;6.6;6.2;6.1;7.3;7.7;7.0;6.7;7.7;7.8;7.0;7.0;7.5;7.5;7.1;6.8;7.3;7.3;6.8;6.7;7.3;7.3;8.1;7.2;7.2;8.9;;7.1
Barasat;West Bengal;6.4;7.0;7.1;8.0;7.2;6.0;7.2;7.5;7.4;6.8;7.9;8.1;7.8;6.8;7.8;8.3;7.9;6.7;7.7;8.0;7.8;7.1;7.9;8.0;7.6;6.4;7.2;7.7;9.2;;7.5
Bardoli;Gujarat;3.3;6.7;10.0;6.7;6.7;3.4;6.7;9.8;6.9;4.5;6.7;8.9;6.2;4.4;6.8;8.8;6.5;4.6;6.7;8.6;6.3;4.7;6.9;8.3;5.9;3.9;6.6;9.1;5.9;;6.6
Bareilly;UP;9.6;9.6;8.6;9.1;9.2;8.4;9.9;9.7;8.7;9.3;8.5;8.2;8.4;9.2;8.2;8.5;9.5;9.6;7.7;9.5;9.5;8.6;8.3;8.2;;;;;;;8.9
Bargarh;Odisha;;;;;;7.7;6.9;7.6;7.8;7.7;7.5;7.7;8.1;7.5;7.8;7.4;7.3;7.4;7.5;7.6;7.3;7.3;7.3;7.2;9.3;7.8;7.2;8.7;8.6;;7.7
Barmer;Rajasthan;;;;;;5.3;6.4;6.4;6.6;6.9;6.9;6.8;6.6;7.0;6.7;6.4;7.0;6.5;6.3;6.1;6.5;6.2;6.0;5.7;;5.3;7.0;5.6;5.8;;6.4
Vadodara;Gujarat;3.4;6.6;9.4;6.8;5.5;3.8;6.4;8.9;6.9;5.0;5.8;7.8;6.9;5.3;6.2;7.7;7.1;5.5;6.2;7.4;7.0;5.5;6.1;6.6;6.6;;;;;;6.4
Barpeta;Assam;8.7;9.2;9.2;9.3;9.4;7.9;7.9;9.3;9.5;9.3;9.4;9.4;9.5;9.4;9.2;9.5;9.4;9.4;9.3;9.7;9.7;9.6;9.5;9.6;8.1;9.9;9.8;10.0;9.9;;9.3
Barakpur;West Bengal;6.7;6.7;3.3;3.3;3.3;6.2;6.5;7.0;7.4;8.0;8.2;7.8;7.6;7.0;7.3;7.6;7.6;7.8;7.6;7.4;7.7;7.1;7.4;7.3;7.1;6.3;6.6;8.0;8.3;;6.9
Basirhat;West Bengal;6.1;6.2;6.6;7.4;6.7;4.9;6.2;7.2;6.8;6.0;6.1;6.8;6.8;6.4;6.4;7.0;6.7;6.1;6.5;7.0;6.8;6.4;6.6;6.6;6.4;3.8;5.7;9.2;7.6;;6.5
Bastar;Chhattisgarh;8.2;8.4;7.8;8.4;8.1;8.1;7.8;7.8;8.3;7.7;7.4;7.7;7.9;7.8;7.6;7.8;7.3;8.2;7.3;7.6;7.3;8.1;7.5;7.6;7.4;9.1;7.4;7.1;8.0;;7.8
Basti;UP;7.7;9.8;7.1;6.7;7.2;4.7;6.6;8.3;9.7;6.7;7.5;5.8;5.8;5.4;6.7;6.4;4.4;7.2;7.1;5.3;4.5;8.2;6.1;6.1;;;;;;;6.7
Bathinda;Punjab;;;;;;6.6;5.8;7.7;6.1;7.0;6.6;6.5;6.7;6.6;5.9;7.0;5.9;7.2;6.0;6.2;5.9;7.4;6.2;5.2;;7.8;6.4;6.8;7.9;;6.6
Beed;Maharashtra;8.6;8.9;8.5;8.6;8.8;8.4;8.2;8.6;8.8;8.5;8.6;8.4;8.3;8.5;8.6;8.5;8.1;8.5;8.2;8.6;8.4;8.3;8.3;8.8;8.0;8.8;8.1;8.3;8.6;;8.5
Begusarai;Bihar;9.6;9.3;9.2;9.3;9.2;7.8;9.5;9.6;9.5;9.5;9.6;9.5;9.4;9.6;9.5;9.6;9.5;9.5;9.4;9.6;9.4;9.5;9.4;7.8;;;;;;;9.3
BELAGAUM;Karnataka;6.7;7.0;7.1;7.0;7.0;6.5;6.8;7.3;6.8;7.1;7.0;7.4;7.1;7.1;7.2;7.2;7.0;6.8;6.8;7.1;6.9;7.2;7.1;7.1;6.9;7.2;7.7;7.0;7.5;;7.0
BELLARY;Karnataka;6.9;7.1;7.2;7.7;7.5;7.0;7.2;7.8;8.1;7.7;7.5;7.8;7.8;7.9;7.9;7.6;7.5;7.6;7.7;7.8;7.4;7.4;7.5;7.3;7.4;6.4;7.0;7.2;6.9;;7.4
Berhampur;Odisha;6.4;6.8;6.7;6.5;6.6;6.9;7.0;6.9;7.3;7.0;7.2;7.3;7.3;7.3;7.3;7.2;7.1;7.2;6.9;7.0;7.1;6.8;6.9;6.8;;;;;;;7.0
Betul;MP;7.2;6.4;6.1;7.1;6.7;4.9;7.6;9.5;7.5;8.1;7.5;8.2;8.7;8.5;9.6;7.5;7.7;8.6;7.6;8.1;7.4;9.0;7.1;4.5;;;;;;;7.5
"Sant Ravi Das Nagar (Bhadohi)";UP;5.1;5.1;5.2;5.2;5.3;5.7;5.3;4.6;6.8;7.0;5.6;4.5;5.2;6.7;7.1;5.1;4.6;5.4;5.1;4.4;5.4;5.1;5.3;6.1;;;;;;;5.5
Bhadrak;Odisha;7.7;7.5;7.5;7.8;7.5;7.8;8.0;8.1;7.7;8.0;7.8;7.2;7.1;7.4;7.2;7.4;7.0;7.4;6.1;7.0;7.0;7.0;7.2;6.8;;;;;;;7.4
Bhagalpur;Bihar;9.5;9.2;9.1;9.1;9.1;7.9;9.4;9.4;9.4;9.4;9.4;9.4;9.3;9.4;9.4;9.5;9.4;9.4;9.3;9.4;9.3;9.3;9.3;7.7;;;;;;;9.2
Bhandara-Gondiya;Maharashtra;4.9;4.9;5.1;5.1;5.2;5.3;5.2;5.3;5.4;5.4;5.5;5.5;5.5;5.5;5.5;5.5;5.5;5.6;5.6;5.5;5.5;5.5;5.5;5.5;5.4;5.8;5.8;5.8;5.8;;5.4
Bharatpur;Rajasthan;9.0;8.9;8.7;8.7;8.8;7.9;8.3;8.7;8.8;8.7;8.7;8.7;8.8;9.1;9.1;8.6;8.4;8.5;8.2;8.5;8.5;9.0;8.4;6.0;;;;;;;8.5
Bhavnagar;Gujarat;3.3;6.9;8.9;6.5;6.3;4.2;6.5;9.0;7.2;5.8;6.5;7.5;6.8;6.0;6.8;7.8;6.9;6.0;6.8;7.4;6.8;6.3;6.9;7.7;6.7;3.5;6.5;9.8;5.6;;6.7
Bhilwara;Rajasthan;;;;;;6.3;7.1;7.7;7.9;7.4;7.1;7.3;7.5;7.2;8.0;7.5;7.1;7.7;7.7;7.3;7.1;7.5;7.3;6.3;;6.9;7.1;7.3;6.3;;7.2
Bhind;MP;9.2;8.3;8.8;8.2;8.5;9.0;8.2;9.8;8.8;9.5;9.0;8.8;8.3;8.6;8.6;9.3;8.8;8.8;9.2;8.8;7.9;8.7;9.2;7.6;10.0;;;;;;8.8
Bhiwandi;Maharashtra;8.5;8.9;9.0;9.1;9.1;8.5;9.0;9.0;9.1;8.8;9.2;9.2;9.2;9.0;8.7;8.7;8.9;9.1;8.8;9.0;9.0;9.1;9.1;9.0;8.9;9.7;8.5;7.7;9.8;;8.9
Bhiwani-Mahendragarh;Haryana;7.5;6.3;6.2;6.5;6.8;7.0;5.9;8.7;7.5;6.9;7.1;7.2;7.0;7.2;7.2;7.0;7.0;6.6;7.2;7.1;6.9;6.9;7.6;6.5;8.9;;;;;;7.1
Bhongir;Andhra Pradesh;5.5;5.3;5.4;5.3;5.2;5.9;5.8;5.6;5.4;5.6;5.8;5.8;5.7;5.6;5.6;5.5;5.8;5.8;5.8;5.8;5.7;5.7;5.8;5.9;5.8;5.6;5.9;6.2;5.9;;5.7
Bhopal;MP;6.8;6.0;6.7;6.2;6.5;6.1;7.2;9.7;7.4;9.2;8.7;8.1;7.5;7.3;8.6;8.9;7.5;8.2;8.5;8.4;7.5;8.1;8.6;6.6;;;;;;;7.7
Bhubaneswar;Odisha;8.8;8.2;8.0;9.2;8.7;8.1;8.0;9.1;9.3;9.4;9.1;9.3;9.7;9.7;9.6;9.0;8.2;8.9;8.3;8.9;8.2;9.1;8.2;8.3;;;;;;;8.8
BIDAR;Karnataka;6.0;7.2;6.4;6.9;7.1;5.9;7.5;6.5;7.1;7.0;7.2;7.0;7.4;7.3;7.4;7.3;7.6;7.4;7.8;7.2;7.6;7.7;7.7;7.4;7.8;6.6;7.7;7.6;7.8;;7.2
BIJAPUR;Karnataka;7.2;7.5;6.7;6.3;6.7;7.0;6.4;6.8;7.6;7.3;6.7;6.9;7.3;7.6;7.8;7.1;6.6;6.7;7.1;7.3;7.5;6.7;6.5;6.9;6.3;5.5;6.2;5.9;6.6;;6.8
Bijnor;UP;;;;;;8.5;7.2;8.5;8.1;7.5;7.1;7.3;7.6;7.0;7.2;7.9;6.3;8.2;7.2;7.7;7.3;7.8;7.8;7.9;10.0;8.3;5.6;5.8;8.3;;7.6
Bikaner;Rajasthan;;;;;;6.6;6.6;7.2;7.4;7.3;7.1;7.6;8.1;7.9;7.5;7.1;6.8;6.9;7.0;7.0;6.9;7.1;6.8;6.7;;7.8;7.5;7.0;7.0;;7.2
Bilaspur;Chhattisgarh;5.3;6.0;7.6;6.6;5.9;5.2;5.8;6.9;6.4;5.8;6.4;7.1;6.9;6.2;6.6;6.5;6.0;5.5;6.0;6.4;6.1;6.3;6.3;6.7;6.6;7.9;7.1;6.1;7.3;;6.4
Bolangir;Odisha;9.5;8.6;9.1;8.4;9.0;8.6;8.5;8.4;8.5;8.6;8.6;8.5;8.3;8.1;8.5;8.8;8.4;8.1;8.1;8.6;8.4;8.3;8.4;8.3;;;;;;;8.5
Bharuch;Gujarat;3.3;7.2;8.3;7.6;5.1;6.8;6.7;7.9;6.2;6.3;7.4;6.8;6.7;6.4;6.4;7.0;6.9;6.5;6.6;7.2;6.8;6.7;6.9;7.4;7.1;5.5;6.8;8.3;7.1;;6.8
Bulandshahr;UP;;;;;;8.6;9.3;9.7;9.6;9.7;9.5;9.5;9.6;9.6;9.5;9.2;9.1;9.1;9.2;9.5;9.4;9.5;9.2;9.0;9.7;9.4;9.5;9.3;9.5;;9.4
Buldhana;Maharashtra;7.7;7.7;7.6;7.6;7.8;7.9;7.8;8.0;8.1;8.0;7.9;7.9;8.0;8.0;8.1;8.0;7.8;8.0;8.0;7.9;7.8;8.0;8.0;7.9;7.7;6.8;6.8;6.8;6.8;;7.7
Barddhaman - Durgapur;West Bengal;5.4;6.5;8.1;7.6;7.3;5.9;6.8;7.6;8.0;8.1;7.9;7.1;7.4;7.2;7.4;8.0;7.9;7.9;7.2;6.9;7.3;7.2;7.7;7.9;8.0;6.3;6.8;7.8;8.8;;7.4
Buxar;Bihar;;;;;;6.9;8.4;8.5;8.9;8.3;8.9;8.3;9.0;8.5;9.0;8.4;7.8;7.6;8.7;8.4;8.5;8.2;8.8;7.3;;7.9;8.2;8.6;8.2;;8.3
Kolkata Dakshin;West Bengal;;;;;;6.3;6.7;7.1;7.0;6.9;7.9;8.6;8.7;8.1;8.2;7.9;7.5;7.3;7.9;8.3;8.3;8.0;7.8;7.7;7.4;6.4;6.8;7.6;8.7;;7.6
Chalakudy;Kerala;8.8;8.3;8.3;8.4;8.6;8.0;8.1;8.4;8.6;8.7;8.8;8.7;8.6;8.8;8.7;8.6;8.6;8.6;8.6;8.7;8.6;8.7;8.6;8.7;8.6;9.0;9.0;8.6;8.9;;8.6
CHAMARAJANAGAR;Karnataka;8.9;8.7;8.8;9.0;8.8;9.1;9.7;8.8;9.1;8.7;9.2;9.1;9.4;8.7;9.5;9.2;9.2;8.9;7.8;9.3;9.2;9.2;8.4;9.2;9.3;5.1;6.7;5.1;5.9;;8.5
Chandauli;UP;;;;;;6.8;6.6;6.1;6.7;6.3;6.7;6.2;6.8;6.4;6.5;6.5;6.8;6.3;6.7;6.4;6.8;6.4;6.6;6.5;;;;;;;6.5
Chandigarh;Chandigarh;;;;;;6.0;5.3;7.8;5.9;6.9;6.5;6.2;6.8;6.6;6.8;6.7;6.0;7.6;6.3;6.2;6.3;7.7;6.6;4.5;;7.6;4.9;5.9;7.4;;6.5
Chandni Chowk;Delhi;;;;;;8.8;9.4;9.7;9.7;9.7;9.7;9.7;9.7;9.8;9.8;9.8;9.8;9.7;8.0;9.8;9.8;9.7;9.8;9.8;;;;;;;9.6
Chandrapur;Maharashtra;5.3;7.8;7.7;6.0;7.7;6.7;8.2;7.7;7.5;6.5;7.3;6.4;7.0;7.3;7.4;7.7;8.0;7.9;7.6;7.6;7.6;6.9;7.5;7.4;7.5;3.3;;;;;7.1
Chatra;Jharkhand;7.4;8.2;8.3;8.5;7.8;6.2;8.5;8.2;8.1;7.8;8.0;7.9;7.7;7.7;7.8;7.7;7.6;7.7;8.0;7.8;8.1;7.7;7.8;7.4;;;;;;;7.8
Chevella;Andhra Pradesh;7.3;7.7;7.8;7.9;7.9;8.4;8.5;8.5;8.6;8.6;8.6;8.5;8.7;8.6;8.6;8.5;8.6;8.7;8.6;8.5;8.5;8.5;8.6;8.5;8.7;8.7;8.9;9.0;8.9;;8.5
Chhindwara;MP;5.0;4.6;5.5;4.9;4.7;5.4;4.2;8.1;4.4;6.1;5.6;6.4;5.4;6.0;6.7;9.4;5.4;4.7;5.8;7.2;5.0;6.1;8.2;4.6;;;;;;;5.8
Chhota Udaipur;Gujarat;3.7;6.5;9.4;6.8;4.9;4.4;6.2;8.6;7.1;5.0;6.2;8.0;7.2;5.2;6.0;7.6;7.3;5.8;5.8;7.2;7.3;6.0;5.9;6.8;7.4;5.4;6.0;7.7;7.1;;6.5
Chidambaram;Tamil Nadu;5.6;6.1;6.3;6.0;5.9;5.8;6.8;7.2;7.3;7.6;7.5;7.1;6.7;6.8;6.6;6.8;7.2;7.3;7.0;7.0;6.4;6.9;6.9;7.1;6.3;5.6;7.2;7.1;7.1;;6.7
CHIKKABALLAPUR;Karnataka;6.7;8.3;6.8;7.5;7.8;6.4;5.6;6.0;8.1;8.3;8.2;8.3;8.1;8.1;8.2;6.8;8.0;6.8;6.6;7.6;6.7;6.7;6.7;6.8;6.6;7.0;8.3;6.7;8.9;;7.3
CHIKKODI;Karnataka;5.5;7.2;7.8;7.7;7.8;7.1;7.9;8.0;8.1;8.1;8.3;8.2;8.2;8.1;8.3;8.1;8.2;8.1;8.3;8.1;8.1;8.2;8.3;8.4;8.2;8.3;8.8;8.7;9.2;;8.0
Chittoor;Andhra Pradesh;7.4;8.4;6.0;8.3;8.4;6.2;5.9;8.4;8.6;8.7;7.6;8.3;8.4;8.7;8.9;6.8;6.8;6.7;8.4;7.1;7.3;8.4;7.6;6.2;6.2;6.7;3.3;6.7;6.7;;7.3
Chittorgarh;Rajasthan;;;;;;6.5;6.6;6.0;5.7;6.5;6.3;5.8;6.4;6.1;5.8;6.5;6.1;5.9;6.4;6.2;5.9;6.5;6.0;5.5;;7.4;6.4;5.8;5.9;;6.2
CHIYTRADURGA;Karnataka;5.8;6.8;6.4;6.5;6.3;6.5;7.0;7.4;6.8;6.3;6.4;6.8;7.0;6.9;6.8;6.8;6.8;6.6;6.3;6.6;6.7;6.5;6.8;6.7;7.0;6.4;6.4;6.3;7.1;;6.6
Churu;Rajasthan;;;;;;6.6;6.4;7.1;6.3;7.2;6.7;7.5;7.1;6.7;6.9;6.8;6.1;7.0;6.3;6.9;5.3;6.7;6.3;7.6;;8.6;4.3;7.3;7.9;;6.8
Coimbatore;Tamil Nadu;6.0;7.6;6.4;7.3;6.5;4.8;5.2;5.0;5.4;5.1;5.3;5.0;5.1;5.1;5.5;5.0;5.3;5.1;5.2;5.0;5.4;5.0;5.3;5.0;5.4;4.9;5.4;5.0;5.2;;5.4
Cuddalore;Tamil Nadu;5.2;5.7;6.0;6.0;6.5;4.9;6.7;4.9;5.9;6.1;6.1;5.1;6.3;5.3;6.0;6.0;5.6;6.2;5.9;5.6;5.7;5.6;4.5;3.8;3.4;7.0;5.9;4.5;8.3;;5.7
Kadapa;Andhra Pradesh;3.3;8.1;7.9;9.1;9.3;6.8;6.2;9.3;9.1;8.3;7.0;8.4;7.6;8.2;9.0;7.2;7.7;8.5;9.2;7.3;7.1;8.1;9.1;8.3;7.0;;;;;;7.9
Cuttack;Odisha;;;;;;8.7;7.4;8.6;8.4;8.5;8.3;8.4;8.2;8.4;8.5;8.2;7.6;7.9;7.9;7.9;7.9;8.0;8.1;8.1;6.5;7.2;6.8;8.3;8.0;;8.0
Dadra & Nagar Haveli;Dadra and Nagar Haveli;4.1;7.5;7.8;6.7;6.4;4.8;6.7;8.9;6.6;4.9;6.7;8.0;5.9;5.5;7.2;7.7;6.2;5.7;7.0;7.3;5.9;6.1;7.0;7.1;6.4;5.1;7.2;9.4;6.7;;6.6
DAKSHINA KANNADA;Karnataka;8.3;7.4;8.4;7.3;8.1;7.9;7.8;7.9;7.1;8.2;7.6;7.6;7.8;8.4;8.4;8.1;7.4;7.4;8.1;8.2;7.8;8.1;7.8;7.7;7.4;7.9;7.4;8.5;7.4;;7.8
Daman & Diu;Daman and Diu;3.3;5.0;6.7;5.0;4.2;3.4;6.4;9.4;6.9;6.0;6.8;8.5;6.5;5.0;7.0;7.9;6.6;6.1;6.7;7.3;5.8;5.9;7.0;6.4;6.7;3.7;6.4;9.5;6.7;;6.3
Damoh;MP;;;;;;7.3;4.8;7.7;6.4;7.3;6.5;6.8;7.0;6.7;6.6;7.6;5.8;7.8;6.7;6.1;5.8;5.8;7.2;5.6;5.4;7.2;6.6;6.0;6.8;;6.6
Darbhanga;Bihar;;;;;;8.7;8.9;9.5;9.5;9.5;9.5;9.6;9.5;9.5;9.4;9.2;9.2;9.3;9.3;9.3;9.1;9.2;9.2;9.1;;8.0;8.1;8.0;8.0;;9.1
Dausa;Rajasthan;6.4;7.3;6.7;7.0;6.2;5.7;7.2;7.0;6.3;7.3;6.7;6.4;6.9;6.5;6.2;6.7;7.1;6.4;7.0;6.4;6.9;7.1;6.4;6.1;;;;;;;6.7
DAVANAGERE;Karnataka;6.4;4.6;6.6;3.8;9.7;5.9;4.2;7.9;6.3;6.7;4.9;6.9;6.3;7.3;8.0;6.9;6.2;5.3;7.0;5.7;5.8;9.4;9.1;4.8;5.4;9.7;6.9;6.9;6.9;;6.6
Deoria;UP;8.4;7.7;7.1;7.2;8.3;7.1;8.4;8.2;7.1;7.3;7.0;7.2;7.2;7.6;7.4;7.4;7.7;8.0;7.1;7.8;6.9;6.8;6.9;7.2;;;;;;;7.5
Dewas;MP;7.0;7.1;6.1;6.6;6.4;6.8;7.6;7.8;9.5;7.8;7.6;8.2;8.7;8.6;9.3;8.1;6.6;7.1;7.9;7.7;7.3;8.8;7.7;6.3;;;;;;;7.6
Dhanbad;Jharkhand;;;;;;7.1;6.5;6.3;6.5;6.3;6.4;7.6;7.8;6.7;6.6;6.3;6.3;6.3;5.9;6.1;6.1;5.8;5.9;7.9;;;;;;;6.5
Dhar;MP;;;;;;5.5;7.2;8.5;9.5;8.3;7.9;8.3;8.8;8.8;9.6;7.7;6.3;7.5;8.1;8.1;7.3;9.1;7.6;5.0;10.0;8.7;6.6;7.3;9.0;;7.9
Dharmapuri;Tamil Nadu;4.5;6.2;6.2;5.9;6.2;6.0;5.3;6.8;6.7;6.5;6.5;6.9;7.1;7.0;6.9;6.4;6.6;6.7;6.7;6.7;5.9;6.2;6.7;6.7;6.6;5.8;7.0;6.8;6.4;;6.4
DHARWAD;Karnataka;10.0;10.0;10.0;10.0;9.9;7.9;7.5;10.0;7.4;9.6;6.9;8.4;9.7;7.5;8.7;9.4;7.2;7.3;9.7;7.1;7.0;8.4;9.9;7.9;6.7;7.3;7.8;9.9;8.5;;8.5
Dhaurahra;UP;;;;;;7.3;8.0;8.6;8.2;8.5;8.3;8.1;8.4;8.4;8.2;8.1;7.8;7.8;8.0;8.2;8.1;8.1;8.5;8.0;;7.3;8.5;8.5;8.1;;8.1
Dhenkanal;Odisha;7.0;7.6;7.9;7.7;8.2;7.0;7.4;7.9;7.8;7.9;7.8;7.8;7.7;7.7;7.6;7.5;7.6;7.4;7.5;7.9;7.3;7.1;7.3;7.1;;6.3;7.0;6.5;6.2;;7.4
Dhubri;Assam;3.3;3.3;3.4;3.3;3.9;3.6;3.6;3.6;3.5;3.6;3.6;3.5;4.0;3.7;5.1;3.6;3.6;3.6;3.6;3.6;3.6;3.6;3.6;3.6;4.5;;;;;;3.7
Dhule;Maharashtra;7.0;7.8;6.6;6.9;6.6;6.9;7.7;7.0;6.6;6.6;7.0;6.8;6.8;7.0;6.9;6.9;6.8;6.8;6.7;6.8;6.7;6.9;6.9;7.0;6.6;7.1;8.0;5.9;6.8;;6.9
Diamond Harbour;West Bengal;4.0;6.4;9.0;6.9;6.5;5.1;6.9;8.4;7.2;7.0;7.3;8.0;7.3;7.4;7.3;7.8;7.5;7.6;7.3;7.5;7.5;7.6;7.3;7.6;7.3;5.9;7.6;7.6;8.3;;7.2
Dibrugarh;Assam;8.7;7.9;9.5;9.1;9.2;9.0;3.7;9.6;10.0;10.0;9.9;10.0;10.0;9.2;6.4;9.8;9.9;9.8;7.4;9.8;9.6;9.9;9.9;10.0;10.0;10.0;9.9;10.0;10.0;;9.2
Dindigul;Tamil Nadu;9.1;9.6;9.4;8.2;9.0;8.5;7.4;8.6;9.0;9.3;8.8;9.2;9.3;9.3;9.3;9.1;8.7;8.8;8.9;8.8;8.7;8.6;8.7;8.9;7.7;9.7;8.4;8.6;9.5;;8.9
Dindori;Maharashtra;7.3;6.8;6.5;6.7;7.2;7.9;7.2;6.7;6.4;6.7;6.8;7.1;7.2;7.3;6.9;6.9;7.1;7.2;6.8;6.8;7.0;7.2;6.7;6.6;6.6;8.7;7.0;5.9;6.1;;6.9
Dohad;Gujarat;3.6;6.8;9.5;5.6;5.6;4.6;6.1;8.4;6.4;7.8;6.7;7.3;6.3;6.3;8.0;7.8;7.1;5.7;7.3;7.5;7.2;7.5;7.0;8.3;6.7;10.0;6.7;3.3;;;6.8
Domariyaganj;UP;;;;;;7.9;7.1;8.1;7.1;7.6;7.5;7.2;7.3;7.0;7.0;7.1;7.1;7.5;7.2;7.5;7.0;7.5;6.9;7.1;;6.8;6.9;6.6;6.7;;7.2
Dum Dum;West Bengal;3.3;;;;;5.2;6.7;7.8;7.3;7.2;7.3;7.5;7.1;6.5;7.0;7.6;7.4;6.6;7.3;7.5;7.1;6.5;6.9;7.3;7.4;5.1;6.5;6.4;7.9;;6.8
Dumka;Jharkhand;;;;;;6.4;8.7;6.7;6.8;6.6;6.6;6.8;6.9;6.8;6.5;6.6;6.5;6.5;6.5;6.5;6.5;6.8;6.6;6.5;;6.6;6.7;6.8;6.7;;6.7
Durg;Chhattisgarh;6.7;7.0;6.9;7.8;8.1;7.1;6.7;7.0;7.1;7.0;7.2;7.0;7.4;7.5;7.6;7.6;6.9;6.8;7.2;7.2;6.7;7.1;6.9;7.1;6.9;7.3;6.7;6.1;7.3;;7.1
East Delhi;Delhi;;;;;;8.6;8.4;9.2;9.1;9.1;9.1;9.1;9.0;8.9;8.9;8.8;8.6;7.8;8.7;8.8;8.6;8.6;7.8;7.7;;8.4;7.2;8.4;8.2;;8.6
Eluru;Andhra Pradesh;4.9;6.1;7.6;6.8;6.0;4.8;6.3;8.5;6.6;5.0;6.3;7.9;6.7;5.5;6.5;8.1;6.8;5.0;6.6;7.9;6.4;5.3;6.7;7.7;6.1;4.4;6.2;9.0;7.0;;6.5
Ernakulam;Kerala;9.4;9.4;9.4;9.4;9.4;9.2;9.7;9.6;9.2;9.3;9.5;9.2;9.3;9.0;9.3;8.9;9.2;9.2;9.0;9.1;8.8;8.9;8.5;9.1;9.0;9.1;8.8;8.7;9.2;;9.2
Erode;Tamil Nadu;7.9;8.1;8.2;8.9;8.2;6.6;3.3;9.8;9.8;9.8;6.9;9.7;9.8;9.8;9.8;7.3;7.6;9.7;9.7;8.1;3.4;8.6;9.5;9.5;7.8;9.8;8.3;8.4;9.9;;8.4
Etah;UP;;;;;;4.6;9.7;9.6;9.4;9.4;9.3;9.4;9.4;9.4;9.1;8.6;9.1;9.2;9.2;9.1;9.2;9.4;9.4;9.4;;7.8;6.3;7.9;7.9;;8.8
Etawah;UP;;;;;;4.8;7.4;7.2;6.7;6.7;6.7;6.5;6.7;6.7;6.6;6.5;6.7;6.5;6.8;6.4;6.6;6.4;6.6;5.9;;5.5;7.4;6.7;6.3;;6.5
Faizabad;UP;;;;;;7.7;7.3;8.2;7.2;7.7;7.6;7.7;7.6;7.7;7.6;7.6;7.4;7.6;7.3;7.3;7.3;7.3;6.8;6.5;;7.8;7.3;7.2;7.4;;7.4
Faridabad;Haryana;7.3;7.0;6.6;7.2;7.1;5.8;6.1;7.3;7.1;6.7;6.6;6.5;6.5;6.6;6.6;6.4;6.3;6.3;6.3;6.6;6.3;6.6;6.3;6.3;;;;;;;6.6
Faridkot;Punjab;7.3;6.0;7.1;6.2;7.6;6.1;6.0;6.8;5.8;6.8;7.1;6.2;6.1;5.6;6.8;7.0;6.5;8.1;5.4;5.1;5.9;7.9;7.6;4.9;;;;;;;6.5
Farrukhabad;UP;8.4;7.3;7.4;6.4;7.4;3.5;7.7;7.2;6.0;6.2;6.9;6.1;6.3;6.4;6.3;5.8;6.0;5.8;6.0;6.0;6.0;5.9;5.8;5.5;6.7;5.2;7.0;6.3;5.0;;6.3
Fatehgarh Sahib;Punjab;;;;;;6.7;6.0;7.1;6.3;7.5;7.8;6.7;6.4;6.8;7.4;7.0;6.4;8.0;6.8;5.9;6.4;7.9;7.7;5.4;;6.7;5.8;6.8;6.1;;6.8
Fatehpur;UP;8.8;9.3;8.7;9.4;9.3;9.2;9.4;9.5;9.6;9.6;9.5;9.4;9.6;9.5;9.3;9.2;9.1;9.3;9.2;9.3;9.3;9.5;9.2;8.8;9.4;;;;;;9.3
Fatehpur sikri;UP;;;;;;8.3;8.9;9.5;9.2;8.7;8.6;8.3;8.5;8.7;8.8;8.3;8.0;8.2;7.8;8.3;8.4;9.0;8.2;8.2;;9.1;9.0;8.5;8.7;;8.6
Ferozpur;Punjab;;;;;;6.3;5.8;8.6;5.8;7.3;5.8;5.6;6.8;6.4;5.6;7.3;5.6;7.2;6.6;6.6;6.2;8.0;6.7;4.8;;6.8;4.0;5.3;5.9;;6.3
Firozabad;UP;9.7;9.0;8.9;8.4;7.9;4.8;9.0;9.0;8.9;8.5;8.5;8.5;8.5;8.6;8.8;7.5;7.9;8.3;8.5;8.1;8.6;8.7;8.7;8.4;10.0;;;;;;8.5
Garhchiroli - Chimur;Maharashtra;6.2;7.9;7.4;7.7;7.7;6.7;8.5;7.6;8.3;7.8;7.9;7.6;8.4;8.0;8.3;7.9;7.8;7.7;8.0;7.9;8.1;8.0;8.2;7.9;7.7;8.6;4.5;8.2;6.7;;7.7
Gandhinagar;Gujarat;3.3;6.6;8.8;6.6;4.7;3.5;6.7;9.1;6.3;4.7;7.1;8.7;6.4;4.9;6.7;8.0;6.7;5.2;6.7;8.0;6.4;5.5;6.9;8.3;5.7;4.7;6.4;8.0;6.7;;6.5
Ganganagar;Rajasthan;;;;;;8.7;7.1;8.1;8.1;8.0;7.5;8.1;8.5;8.6;8.0;7.5;7.4;7.5;7.5;7.3;7.4;7.5;7.5;6.8;;9.7;8.3;8.5;8.2;;7.9
"Guwahati";Assam;9.4;9.0;9.7;9.4;9.4;7.9;7.1;7.7;7.8;7.8;7.6;7.8;7.8;7.8;7.7;7.3;7.7;7.7;7.6;7.0;6.4;7.6;7.6;7.7;6.5;5.2;5.2;5.9;6.2;;7.6
Gautam buddh Nagar;UP;;;;;;8.7;9.0;9.1;9.0;9.0;9.2;9.0;9.1;9.3;9.3;9.1;8.8;8.9;9.0;9.4;9.2;9.3;9.0;9.0;;8.9;8.9;9.0;9.1;;9.1
Gaya;Bihar;;;;;;8.6;8.5;8.5;8.6;8.5;8.4;8.4;8.3;8.3;8.4;8.4;8.3;8.4;8.4;8.3;8.5;8.4;8.3;8.5;;;;;;;8.4
Ghaziabad;UP;9.9;9.6;9.7;9.8;9.6;10.0;8.3;9.6;9.8;9.9;9.9;9.9;9.9;10.0;9.8;9.2;7.2;7.9;9.6;9.9;9.9;9.9;9.5;9.8;;10.0;9.7;9.5;9.7;;9.6
Ghazipur;UP;;;;;;8.7;9.2;9.0;8.8;8.8;8.7;8.6;8.7;8.7;8.6;8.5;8.4;8.4;8.3;8.6;8.6;8.9;8.4;8.3;;8.3;8.5;8.4;8.7;;8.6
Ghosi;UP;;;;;;7.4;6.8;8.0;6.9;7.5;7.2;6.9;7.0;7.1;6.8;6.8;6.8;7.3;7.1;7.5;6.9;7.3;7.1;6.9;;8.6;6.8;6.8;7.0;;7.1
Giridih;Jharkhand;;;;;;7.0;7.5;7.6;7.8;7.7;7.8;7.5;7.6;7.5;7.7;7.5;7.6;7.4;7.4;7.3;7.6;7.5;7.3;7.0;;8.2;7.2;7.5;7.7;;7.5
Godda;Jharkhand;8.7;8.3;7.9;7.9;8.1;8.4;8.4;8.4;8.3;8.5;8.6;8.3;7.5;7.5;7.6;7.2;5.9;6.3;6.0;6.2;6.4;6.4;6.1;6.2;;;;;;;7.5
Gonda;UP;9.2;9.7;8.2;7.8;8.3;5.3;7.6;8.3;9.5;6.7;7.9;5.5;7.1;5.9;7.1;5.9;4.3;6.1;6.3;4.9;4.5;8.5;7.1;6.4;;;;;;;7.0
Gopalganj;Bihar;;;;;;8.8;7.1;7.8;7.5;7.9;7.9;7.5;7.4;7.5;7.4;7.4;7.4;7.6;7.4;7.6;7.4;8.7;7.4;7.5;;9.1;7.0;7.2;7.3;;7.6
Gorakhpur;UP;8.8;7.3;7.5;7.4;8.4;7.7;7.1;8.6;7.4;7.5;7.4;7.3;7.5;7.2;7.0;7.3;7.3;7.9;7.5;7.9;7.1;7.6;7.0;6.9;8.3;;;;;;7.6
GULBARGA;Karnataka;6.2;7.2;6.4;6.3;5.3;6.2;6.7;6.3;6.1;6.1;6.3;6.3;6.1;6.2;6.2;6.2;6.0;5.8;6.1;6.1;6.0;6.1;6.2;6.1;4.1;6.5;6.7;6.7;6.4;;6.2
Guna;MP;8.1;8.2;7.4;8.1;7.9;8.0;8.5;9.0;9.2;9.0;8.6;9.0;9.2;9.3;9.4;8.6;8.4;8.6;8.5;9.0;8.5;9.1;8.0;7.4;7.1;;;;;;8.5
Guntur;Andhra Pradesh;3.9;6.6;8.8;7.0;4.6;4.1;6.5;8.5;6.8;5.2;6.5;8.0;6.8;5.4;6.8;7.9;6.7;5.5;6.7;7.7;6.7;5.4;6.7;7.7;6.7;4.5;6.5;8.3;6.8;;6.5
Gurdaspur;Punjab;;;;;;7.0;5.6;8.8;6.7;7.6;6.4;7.6;7.3;6.7;6.4;7.8;6.8;7.9;6.5;6.8;6.5;8.3;7.2;5.5;;9.7;6.7;7.0;9.5;;7.2
Gurgaon;Haryana;;;;;;6.6;6.9;8.6;7.8;6.4;6.1;6.2;6.5;6.5;6.9;6.3;6.4;6.6;6.8;6.6;6.7;6.8;6.5;6.4;;8.6;7.4;7.5;7.3;;6.9
Gwalior;MP;8.9;7.6;8.2;6.6;6.8;7.9;5.3;8.9;6.7;7.8;7.0;7.5;8.1;6.9;7.0;7.4;6.7;8.4;7.5;6.8;5.9;7.1;7.8;6.6;;;;;;;7.3
Hajipur;Bihar;;;;;;9.8;9.8;9.9;9.9;9.9;9.9;9.9;9.9;9.8;9.9;9.8;9.8;9.5;9.7;9.7;9.8;9.8;9.7;9.7;;9.1;9.3;9.2;9.2;;9.7
Hamirpur;UP;6.9;7.3;7.8;7.6;7.8;5.7;7.9;8.3;7.1;8.7;8.7;8.6;8.6;8.8;8.5;8.1;7.6;8.1;7.9;8.5;8.3;8.4;7.9;7.0;;9.8;6.1;9.8;9.7;;8.0
Hardoi;UP;7.5;7.8;7.0;6.2;7.4;3.9;8.0;7.2;6.2;6.6;7.0;6.3;6.4;6.8;6.7;6.3;6.4;6.5;6.3;6.2;6.3;6.5;6.3;6.1;;;;;;;6.6
Hardwar;Uttarakhand;7.6;7.4;7.5;7.5;7.5;6.7;7.2;7.2;7.2;7.2;7.2;7.2;7.2;7.2;7.2;7.2;7.2;7.2;7.2;7.2;7.2;7.2;7.2;7.2;;;;;;;7.2
HASSAN;Karnataka;5.8;5.3;5.7;6.4;5.5;6.6;6.1;5.8;6.1;6.8;6.5;6.7;6.9;7.1;6.4;7.0;6.3;6.6;6.4;6.3;6.4;6.6;6.6;6.8;6.5;6.0;5.9;6.1;6.3;;6.3
Hathras;UP;7.8;8.1;7.5;8.0;8.4;8.4;8.9;9.0;8.6;8.9;8.2;8.0;8.2;8.9;7.7;8.0;8.1;8.6;7.9;8.8;8.8;8.8;8.3;8.5;;;;;;;8.3
Hatkanangle;Maharashtra;8.1;8.6;8.6;8.0;7.7;8.5;7.8;8.1;8.0;8.0;7.8;7.6;7.7;7.9;7.7;7.5;7.1;7.5;7.6;7.6;7.7;7.6;7.4;7.5;8.9;9.0;7.5;8.1;8.0;;7.9
HAVERI;Karnataka;5.7;6.7;7.4;7.9;8.6;5.5;5.9;7.0;7.6;7.7;7.8;8.5;8.8;9.0;9.2;8.4;8.2;8.1;7.6;7.9;7.4;8.0;7.5;7.9;6.3;6.5;8.0;8.3;9.0;;7.7
Hazaribagh;Jharkhand;7.0;7.1;6.9;8.8;7.5;6.6;8.8;8.6;8.3;8.1;8.7;8.6;8.4;8.2;8.8;8.3;8.2;8.1;7.6;7.6;7.6;7.8;7.3;6.8;;;;;;;7.9
Hindupur;Andhra Pradesh;5.2;5.6;5.5;5.4;5.1;6.9;6.9;6.7;6.3;6.3;6.3;6.1;5.9;5.9;5.9;6.2;6.5;6.6;6.6;6.4;6.6;6.4;6.5;6.7;6.7;7.9;7.9;8.3;8.1;;6.5
Hingoli;Maharashtra;7.4;8.5;7.9;8.3;7.1;8.4;8.5;8.4;8.4;8.7;8.5;8.7;8.6;8.7;8.6;8.8;8.8;8.9;8.9;9.1;9.0;9.2;9.1;9.5;9.1;7.9;8.1;7.9;8.4;;8.5
Hisar;Haryana;8.1;7.9;6.7;7.4;7.6;6.0;6.3;8.8;7.3;7.4;7.5;7.5;7.7;7.6;7.8;6.3;6.5;6.5;6.6;6.7;7.1;7.2;6.6;5.2;4.9;;;;;;7.0
Hugli;West Bengal;4.0;6.1;7.1;6.5;5.4;4.0;5.8;7.3;5.9;6.1;6.2;6.4;6.5;6.1;5.9;6.6;6.4;5.5;6.2;6.9;5.7;5.8;6.2;6.2;6.5;4.0;6.4;6.0;6.9;;6.0
Hoshangabad;MP;5.8;5.8;6.3;5.5;5.5;4.4;5.3;9.1;6.2;8.4;7.3;6.8;6.1;6.1;6.3;9.6;6.1;5.2;7.4;7.2;5.8;6.6;9.1;3.9;;;;;;;6.5
Hoshiarpur;Punjab;;;;;;7.6;7.0;8.4;7.5;7.8;7.5;7.5;7.6;7.7;7.6;7.3;7.1;7.8;7.6;7.4;7.6;7.7;7.6;7.5;;7.6;7.0;7.1;7.5;;7.5
Haora;West Bengal;3.8;6.7;8.2;6.3;5.2;3.8;6.6;8.3;6.6;5.1;6.5;7.6;6.3;5.2;6.8;7.2;6.5;5.4;6.4;7.4;6.2;5.6;6.7;6.8;6.6;3.8;6.6;8.4;6.6;;6.3
Hyderabad;Andhra Pradesh;3.3;5.0;7.8;6.7;5.0;4.2;5.3;6.4;6.2;6.2;6.6;7.0;6.9;6.6;7.0;7.0;6.9;6.7;7.0;7.2;6.5;6.2;6.4;6.2;5.8;6.8;5.4;7.6;7.3;;6.3
Idukki;Kerala;7.4;7.6;7.2;7.2;7.4;7.5;7.0;6.6;7.4;8.1;7.0;6.3;7.4;8.4;7.9;6.7;6.9;7.5;7.2;6.7;7.1;7.6;7.3;6.6;5.8;8.1;7.1;6.1;6.9;;7.2
Indore;MP;6.7;6.6;5.8;6.6;6.6;5.5;6.7;9.5;7.9;8.8;6.9;8.2;9.1;8.6;8.9;6.4;4.8;9.0;7.2;8.0;8.0;9.1;6.9;5.5;;;;;;;7.4
Inner Manipur;Manipur;9.0;9.1;9.2;9.4;9.3;9.8;9.8;9.8;9.9;9.9;9.9;9.9;9.9;9.9;9.9;9.9;10.0;9.9;9.9;9.9;9.9;9.9;9.8;9.8;9.9;8.1;9.5;9.3;9.4;;9.6
Jabalpur;MP;8.0;6.9;7.0;6.8;6.1;7.2;4.1;8.6;5.9;7.1;6.3;5.9;5.9;5.8;5.9;6.8;6.1;7.5;6.2;5.6;5.1;5.7;7.3;6.0;;;;;;;6.4
Jadavpur;West Bengal;7.1;7.3;7.3;8.0;9.3;5.9;6.9;7.7;7.4;7.3;7.6;7.8;7.4;7.2;7.7;7.7;7.4;7.2;7.5;7.8;7.5;7.4;7.5;7.6;7.6;5.8;6.7;7.2;7.9;;7.4
Jagatsinghpur;Odisha;;;;;;4.1;5.6;8.7;9.5;9.3;9.2;9.1;9.1;8.9;9.0;8.8;7.7;7.2;8.3;8.9;6.9;8.2;8.6;6.7;10.0;;;;;;8.2
Jahanabad;Bihar;;;;;;9.9;9.9;9.8;9.8;9.9;9.9;9.9;9.9;9.9;9.9;9.9;9.9;9.9;9.9;9.9;9.9;9.9;9.9;9.9;;8.7;8.4;7.9;7.5;;9.6
Jaipur;Rajasthan;;;;;;5.9;4.8;9.1;7.4;6.3;6.2;6.8;7.5;6.5;7.6;6.2;6.1;6.8;6.2;6.1;6.0;6.1;8.3;6.7;;7.4;5.5;6.6;7.5;;6.7
Jaipur Rural;Rajasthan;;;;;;5.8;6.7;6.9;6.9;6.9;6.7;6.9;6.6;6.6;6.7;6.3;6.6;6.8;6.5;6.4;6.6;6.5;6.7;5.9;;6.1;6.5;6.8;6.9;;6.6
Jajpur;Odisha;8.7;8.7;9.0;8.8;8.7;8.7;8.6;8.7;8.9;8.9;9.0;9.0;9.0;9.1;8.9;9.0;8.9;8.9;8.9;8.9;9.0;9.0;8.7;8.7;;;;;;;8.9
Jalandhar;Punjab;;;;;;4.8;5.9;7.1;7.2;7.0;6.6;7.6;7.4;7.5;8.0;6.8;6.2;6.7;6.7;6.7;6.4;6.9;6.5;4.6;;6.9;5.5;7.3;6.6;;6.6
Jalaun;UP;8.0;8.2;7.4;8.2;8.1;8.3;7.5;7.9;8.2;8.1;8.2;7.9;8.2;8.3;8.0;7.3;7.5;8.0;8.0;8.0;7.5;7.9;8.0;8.0;8.0;;;;;;8.0
Jalgaon;Maharashtra;8.6;8.5;8.3;8.5;8.3;8.2;6.7;8.1;8.1;7.6;6.8;7.3;7.5;7.5;8.2;7.2;5.8;6.3;7.3;7.8;8.1;7.6;7.4;8.5;7.7;8.5;7.8;8.0;8.5;;7.7
Jalna;Maharashtra;9.7;9.5;9.6;9.7;9.3;8.7;7.8;9.4;9.3;9.0;9.1;8.9;8.9;8.1;8.3;8.2;8.3;9.2;8.0;9.3;9.4;9.4;9.0;10.0;7.9;8.0;7.7;6.8;9.7;;8.8
Jalore;Rajasthan;;;;;;7.5;7.0;7.5;8.5;8.1;7.4;7.6;7.6;7.7;8.1;7.4;7.0;7.3;7.2;7.4;7.5;8.1;7.3;7.4;;9.7;6.7;7.5;9.1;;7.7
Jamnagar;Gujarat;3.5;6.6;9.5;6.6;5.2;3.8;6.4;9.4;6.6;5.1;6.5;7.9;6.8;5.5;6.4;7.9;7.0;5.3;6.2;7.9;6.8;5.4;6.6;7.6;6.9;3.4;6.5;7.1;6.8;;6.4
Jamshedpur;Jharkhand;7.7;7.3;7.5;7.7;7.4;6.6;8.2;8.0;7.6;7.6;8.0;8.0;8.0;8.2;8.4;8.0;7.6;8.0;7.8;7.8;7.8;8.0;7.9;6.9;;;;;;;7.7
Jamui;Bihar;;;;;;7.6;8.8;8.0;8.7;8.1;8.6;8.0;8.5;8.1;8.5;8.0;8.6;8.2;8.5;8.0;8.4;8.1;8.2;7.9;;6.9;9.2;8.2;8.1;;8.2
Janjgir-Champa;Chhattisgarh;5.7;5.4;6.2;7.3;7.3;5.7;5.8;5.2;5.3;5.8;6.3;6.7;6.9;7.1;6.9;6.5;6.4;6.3;6.2;6.5;6.7;6.9;6.9;7.0;7.3;6.6;6.8;6.7;6.8;;6.5
Jaunpur;UP;;;;;;8.8;9.1;8.8;8.9;8.8;8.8;8.7;8.6;8.7;8.5;8.3;8.5;8.5;8.4;8.5;8.6;8.9;8.3;8.4;;9.0;8.5;8.2;8.3;;8.6
Jhalawar-Baran;Rajasthan;;;;;;7.3;7.1;6.5;6.9;6.3;6.5;6.1;6.7;6.4;6.6;6.2;6.7;6.3;6.4;6.2;6.4;6.2;6.3;5.8;;7.0;6.9;6.7;6.7;;6.5
Jhanjharpur;Bihar;;;;;;7.9;8.2;9.3;9.4;9.5;9.4;9.4;9.4;9.3;9.3;9.2;9.3;9.4;9.4;9.4;9.5;9.5;9.4;9.2;;7.8;7.8;8.0;7.5;;9.0
Jhansi;UP;8.5;8.0;7.9;7.7;7.5;8.5;7.6;7.5;7.6;7.5;7.3;7.5;7.5;7.5;7.4;7.0;7.5;7.6;7.3;7.4;7.5;7.2;7.2;7.1;;;;;;;7.6
Jhunjhunu;Rajasthan;;;;;;7.6;7.2;7.1;7.3;7.4;7.1;7.2;7.1;7.2;7.2;7.1;6.9;7.1;7.0;6.8;6.8;6.9;6.6;6.6;;7.9;6.5;6.3;6.2;;7.0
Jodhpur;Rajasthan;;;;;;6.6;6.8;7.0;6.9;6.5;6.5;6.6;7.0;6.7;6.7;6.7;6.1;6.4;6.4;6.7;6.5;6.9;6.3;6.2;;7.7;7.0;6.1;7.6;;6.7
Jorhat;Assam;5.9;5.9;6.2;6.2;6.1;5.9;6.5;6.9;7.4;7.4;7.0;7.3;7.5;7.6;7.3;7.0;6.0;6.6;6.9;7.0;6.7;6.8;7.0;6.6;5.9;;;;;;6.7
Joynagar;West Bengal;5.9;6.4;5.1;4.7;4.7;6.0;5.7;6.2;6.1;5.6;6.3;6.5;6.4;6.2;6.4;6.7;6.8;6.8;6.9;7.0;6.6;6.2;6.1;6.1;6.1;5.0;6.7;10.0;10.0;;6.4
Junagadh;Gujarat;3.7;6.7;8.4;7.4;6.4;3.7;6.7;8.4;7.3;6.4;6.9;7.7;6.5;5.6;6.5;7.2;6.8;6.2;6.5;7.0;6.8;6.2;6.6;6.9;6.7;;;;;;6.6
Kairana;UP;8.7;8.3;7.8;8.0;7.2;8.1;6.7;7.6;7.9;8.1;7.5;8.2;7.8;7.8;8.1;7.5;6.6;7.5;7.4;7.8;7.6;8.1;7.6;7.5;;;;;;;7.7
Kaiserganj;UP;;;;;;7.1;7.4;7.5;6.7;7.2;6.8;6.7;6.4;6.7;6.5;6.9;6.5;7.1;7.0;6.8;6.5;6.8;6.3;6.0;;6.9;7.8;6.8;6.3;;6.8
Kakinada;Andhra Pradesh;8.8;8.7;8.8;8.9;8.8;8.8;8.7;8.6;8.7;8.7;8.5;8.6;8.6;8.7;8.7;8.7;8.7;8.8;8.8;8.8;8.9;8.9;8.9;8.9;8.9;9.2;9.1;9.2;9.3;;8.8
Kalahandi;Odisha;;;;;;8.8;8.7;9.4;9.3;9.5;9.0;9.5;9.7;9.6;9.8;9.4;8.5;9.5;9.5;9.5;8.4;8.9;9.5;8.4;;9.5;9.5;8.9;8.6;;9.2
Kaliabor;Assam;9.3;8.3;9.0;9.2;9.2;9.5;6.4;9.0;8.4;9.1;8.7;8.2;8.0;8.0;8.2;7.9;7.9;7.9;7.6;7.9;7.2;7.9;8.1;7.9;8.1;9.7;7.0;7.2;9.8;;8.3
Kallakurichi;Tamil Nadu;7.0;7.9;6.3;6.0;6.7;6.2;6.3;5.3;6.6;6.9;7.2;7.6;6.8;7.9;7.1;6.5;5.9;5.6;5.9;6.2;7.9;6.7;5.3;5.6;6.4;5.6;6.0;6.4;6.1;;6.5
Kalyan;Maharashtra;8.0;7.5;7.4;7.6;7.9;7.8;7.1;7.2;7.5;7.4;6.7;7.3;7.6;7.1;7.5;7.0;6.7;7.0;6.7;7.4;7.0;7.0;7.0;7.6;8.1;6.8;6.8;6.3;6.9;;7.2
Kancheepuram;Tamil Nadu;7.6;7.9;7.1;7.0;7.1;6.6;5.9;7.5;8.5;7.8;7.4;7.5;7.3;7.3;7.3;7.2;7.0;7.3;6.9;6.8;6.2;6.6;6.5;6.0;6.4;7.3;7.1;7.0;7.0;;7.1
Kandhamal;Odisha;8.4;8.1;6.8;8.6;8.7;8.2;6.7;7.0;8.9;9.1;8.7;8.9;9.0;8.9;8.7;8.7;8.4;7.6;8.3;8.5;7.2;6.5;8.1;8.0;;;;;;;8.2
Kangra;Himachal Pradesh;7.5;7.7;7.7;7.5;7.4;6.9;7.4;8.5;8.0;8.4;8.1;8.0;7.8;8.1;7.8;7.8;7.9;7.9;8.0;8.2;7.8;7.5;7.6;7.6;;;;;;;7.8
Kanker;Chhattisgarh;8.3;7.3;7.6;8.1;7.9;7.9;7.3;7.9;7.7;7.6;7.3;7.5;7.5;7.4;7.6;7.6;7.6;7.5;7.4;7.5;7.3;7.5;7.6;7.4;7.4;7.3;6.9;7.2;8.1;;7.6
Kannauj;UP;;;;;;4.7;8.0;7.2;7.1;7.3;7.1;6.8;7.2;6.9;6.8;6.7;7.0;6.7;7.1;6.9;7.1;6.7;6.8;6.3;;5.5;7.7;6.3;6.0;;6.8
Kannur;Kerala;10.0;7.0;9.4;5.2;9.6;9.9;3.8;9.9;9.8;9.9;9.9;9.0;9.9;9.6;7.4;9.4;7.3;9.4;6.5;9.9;9.9;9.9;9.1;9.9;4.8;9.9;3.7;10.0;10.0;;8.6
Kanpur;UP;;;;;;6.4;9.0;9.1;9.2;9.2;9.2;9.2;9.2;9.1;9.3;9.1;9.0;9.0;9.0;9.2;9.4;9.2;9.1;9.0;5.6;7.5;5.9;6.8;7.3;;8.5
Karakat;Bihar;;;;;;9.3;7.2;8.8;8.5;9.0;8.2;8.8;8.5;8.5;8.2;6.1;8.0;8.1;7.7;7.2;8.8;8.3;8.5;9.4;;8.5;8.1;7.9;8.5;;8.3
Karauli - Dhaulpur;Rajasthan;6.7;7.5;7.8;7.8;7.0;4.8;7.1;7.8;7.9;8.2;8.0;7.8;7.7;7.6;7.4;7.0;6.5;6.6;6.6;6.3;6.3;6.4;6.0;5.2;;;;;;;7.0
Karimganj;Assam;5.1;5.5;6.0;6.0;6.2;5.3;5.5;6.1;6.5;7.2;7.1;7.1;6.9;7.2;6.6;6.3;5.9;6.0;5.8;6.5;6.5;6.7;6.0;6.0;6.0;6.1;5.7;5.2;6.2;;6.2
Karimnagar;Andhra Pradesh;7.6;7.2;6.4;6.2;7.4;6.8;5.9;7.8;8.1;7.9;6.9;7.3;7.7;7.7;7.9;7.6;7.1;7.2;7.6;7.6;6.6;7.0;7.5;7.1;6.7;6.7;5.4;6.5;7.0;;7.1
Karnal;Haryana;7.2;7.7;7.1;7.2;7.4;7.6;8.2;8.3;7.9;7.7;8.1;8.0;8.0;8.1;8.4;8.2;8.2;8.2;8.3;8.2;8.1;8.0;7.9;7.3;;;;;;;7.9
Karur;Tamil Nadu;8.2;8.1;8.0;8.9;7.8;7.7;3.4;8.4;9.7;8.1;5.6;7.0;7.0;7.1;9.8;5.8;6.9;9.3;6.4;8.5;3.4;5.5;6.3;9.9;;7.7;5.3;5.3;9.9;;7.3
Kasaragod;Kerala;7.2;7.6;7.5;6.7;6.6;8.0;7.1;6.3;7.0;7.7;7.2;6.6;6.9;7.4;7.1;6.6;6.7;7.0;6.8;6.5;6.8;7.2;6.7;6.6;6.6;7.1;7.2;6.7;6.7;;7.0
Katihar;Bihar;;;;;;8.7;9.0;9.4;9.2;9.3;9.1;9.3;9.1;9.3;9.2;9.3;9.2;9.3;9.3;9.4;9.1;9.3;9.0;8.9;;7.6;9.2;8.4;8.9;;9.1
Kaushambi;UP;6.3;9.7;6.8;8.2;8.3;5.5;9.4;9.2;7.9;7.9;8.4;7.8;8.5;7.8;7.0;7.7;5.5;9.1;6.5;9.3;8.1;8.4;7.9;6.4;;;;;;;7.8
Kendrapara;Odisha;;;;;;5.5;3.9;3.8;7.4;9.0;7.5;8.0;8.5;8.2;8.8;7.1;5.9;6.0;7.2;6.9;5.8;8.5;8.0;7.3;10.0;8.6;5.5;6.8;9.2;;7.2
Kendujhar;Odisha;;;;;;8.1;5.8;8.9;9.5;9.7;9.7;9.5;9.7;9.8;9.7;9.7;9.4;9.7;9.5;9.7;9.5;9.4;8.6;9.5;;9.9;9.3;9.6;9.0;;9.3
Khagaria;Bihar;;;;;;7.2;8.8;8.2;8.3;8.1;8.3;8.2;8.5;8.3;8.2;8.5;8.2;8.4;8.3;8.2;8.1;8.3;7.9;7.3;;6.8;6.6;6.7;6.7;;7.9
Khajuraho;MP;;;;;;6.6;8.5;8.7;8.7;9.1;8.5;8.9;9.1;9.0;8.7;8.1;7.6;8.1;8.6;8.2;7.7;8.7;7.8;6.9;5.0;9.7;7.4;8.2;8.7;;8.2
Khammam;Andhra Pradesh;5.0;4.5;5.4;4.5;4.8;7.7;6.9;7.4;7.4;7.9;7.6;7.4;6.5;7.4;7.4;8.0;7.0;7.1;6.9;7.2;7.5;8.9;6.7;6.4;3.7;9.2;4.2;4.0;3.9;;6.5
Khandwa;MP;;;;;;4.0;7.2;9.5;7.4;7.9;7.5;8.2;8.5;8.1;9.5;7.4;7.4;8.6;7.3;8.1;7.2;9.3;6.5;3.7;7.8;9.1;7.1;8.0;8.7;;7.7
Khargone;MP;;;;;;4.4;7.9;9.5;8.4;8.3;7.7;8.4;8.8;8.8;9.5;7.5;7.7;8.2;7.6;8.6;7.2;9.4;6.9;3.8;;8.2;7.4;7.8;7.9;;7.8
Kheda;Gujarat;4.1;6.9;8.3;6.4;7.1;4.3;6.3;8.0;6.6;7.4;6.6;6.4;7.1;5.5;7.1;7.0;6.8;6.3;6.4;7.6;6.6;5.7;6.7;8.0;7.3;;;;;;6.7
Kheri;UP;;;;;;7.5;7.9;7.8;7.9;8.0;7.9;8.0;7.6;8.1;8.0;8.0;8.0;7.8;7.9;8.1;7.8;7.8;7.8;7.4;;8.1;8.9;8.4;8.2;;8.0
Khunti;Jharkhand;7.3;7.9;6.3;9.0;6.8;7.4;5.1;9.3;8.8;8.6;7.7;7.5;8.5;9.2;9.7;7.6;5.3;8.4;7.0;8.1;5.3;9.0;8.8;7.8;;;;;;;7.8
Kishanganj;Bihar;;;;;;7.7;8.6;8.2;8.5;8.4;8.5;8.4;8.5;8.5;8.4;8.4;8.4;8.5;8.2;8.4;8.4;8.4;8.3;7.8;;7.1;8.9;7.7;9.1;;8.3
Kodarma;Jharkhand;;;;;;7.7;9.0;9.3;8.9;8.7;8.7;8.8;8.8;8.7;8.8;8.8;8.7;8.7;8.8;8.7;8.8;8.7;8.7;8.1;;10.0;9.2;8.4;7.1;;8.7
Kokrajhar;Assam;6.7;6.3;6.7;6.2;6.4;6.0;7.0;5.6;5.4;5.4;6.0;5.6;5.5;4.4;6.8;6.4;6.2;6.1;6.5;7.0;5.8;6.6;6.4;5.8;6.0;9.3;3.3;9.8;9.8;;6.4
KOLAR;Karnataka;9.1;9.3;9.3;9.3;8.9;8.4;8.6;9.3;9.5;9.4;9.2;9.4;9.5;9.7;9.6;9.2;9.0;9.0;8.8;8.8;8.7;8.7;8.8;9.0;8.2;10.0;10.0;10.0;9.5;;9.2
Kolhapur;Maharashtra;8.1;8.3;8.5;8.3;8.3;8.1;8.2;7.8;7.6;7.5;7.4;7.5;8.1;7.9;8.0;6.8;6.5;6.8;6.8;7.4;7.3;7.2;7.4;7.7;6.7;7.5;7.3;7.3;7.0;;7.6
Kollam;Kerala;7.3;7.4;7.2;7.5;8.2;9.1;4.1;7.0;7.3;7.7;8.8;8.3;8.0;8.4;8.4;8.8;8.6;8.7;7.4;7.4;9.1;9.2;9.0;9.3;9.4;6.0;6.3;6.7;9.3;;7.9
KOPPAL;Karnataka;6.7;6.8;6.8;7.4;7.3;6.7;6.8;7.1;7.4;7.4;7.2;7.3;7.4;7.7;7.1;7.3;7.5;7.0;7.8;7.5;7.2;7.5;7.5;7.3;7.0;7.0;8.0;6.9;7.1;;7.2
Koraput;Odisha;7.9;7.7;7.6;7.3;7.6;8.2;8.0;8.1;8.0;7.9;8.0;8.1;7.9;7.8;7.8;7.7;7.7;7.7;7.9;7.8;7.8;7.9;8.0;7.8;;;;;;;7.8
Korba;Chhattisgarh;6.8;6.2;7.2;8.1;8.2;7.1;6.2;6.3;6.9;6.5;6.6;7.2;7.2;7.4;7.3;7.4;7.5;7.4;7.2;7.4;7.2;7.1;7.2;7.2;7.4;9.2;7.1;6.9;8.2;;7.2
Kota;Rajasthan;;;;;;8.9;9.8;9.8;9.9;9.9;9.8;9.8;9.8;9.8;9.9;9.8;9.7;9.8;9.8;9.8;9.7;9.7;9.5;6.5;;9.6;9.4;9.5;9.4;;9.5
Kottayam;Kerala;7.5;8.2;7.4;6.6;6.5;7.2;7.7;7.6;7.5;7.4;7.4;7.2;7.2;7.2;7.1;7.0;6.8;6.6;6.5;6.3;6.5;6.6;6.1;6.0;6.1;5.7;7.1;8.0;6.5;;6.9
Kozhikode;Kerala;3.3;7.3;8.3;7.9;8.2;9.8;9.3;7.9;7.9;8.7;8.3;7.1;7.1;8.7;8.4;7.9;7.3;8.5;7.8;8.5;7.6;8.2;7.5;9.7;8.0;7.9;7.1;7.7;9.2;;8.0
Krishnagiri;Tamil Nadu;7.3;8.9;7.5;7.8;6.3;7.6;4.9;7.1;7.7;7.3;7.4;7.3;7.4;7.9;8.3;7.5;7.4;7.8;7.5;7.8;7.0;7.9;7.4;7.3;7.1;7.8;7.4;7.3;8.2;;7.4
Kurnool;Andhra Pradesh;8.0;8.0;8.0;8.0;8.1;8.0;8.2;8.0;7.9;7.8;8.0;8.2;8.3;8.2;8.0;8.0;7.9;7.9;7.8;7.8;7.8;7.8;7.8;8.1;7.7;7.3;8.1;7.8;8.2;;8.0
Kurukshetra;Haryana;7.1;5.1;7.3;6.5;7.7;6.1;4.8;9.0;7.6;7.1;5.9;6.4;6.7;6.2;6.3;6.3;6.1;6.8;6.6;6.4;6.5;6.7;7.5;6.8;;;;;;;6.6
Kushi Nagar;UP;;;;;;6.7;6.4;8.3;7.5;8.8;7.8;7.6;8.1;7.8;7.3;7.5;7.4;7.1;6.6;7.5;7.7;7.3;6.6;7.1;;8.4;6.2;6.4;7.8;;7.4
Kachchh;Gujarat;4.4;7.0;9.3;7.0;5.3;3.7;6.7;9.4;6.6;4.4;6.6;8.3;6.7;5.0;6.7;8.2;6.5;5.2;6.6;8.2;6.9;5.3;6.7;7.6;6.8;4.4;6.9;8.9;6.9;;6.6
Lakhimpur;Assam;9.2;7.6;7.7;7.3;8.5;9.4;8.9;8.8;9.4;9.5;9.4;9.5;9.6;9.7;9.6;9.3;8.5;8.1;8.1;8.9;9.2;8.9;8.4;8.1;7.6;8.8;8.8;8.6;8.6;;8.8
Lalganj;UP;9.6;7.0;7.1;8.4;7.9;9.3;7.3;8.2;8.1;7.1;7.7;8.2;7.5;7.8;8.3;4.8;7.1;8.4;6.9;6.5;7.2;7.6;7.5;8.6;;;;;;;7.7
Latur;Maharashtra;8.9;8.0;8.7;8.4;8.6;8.2;8.4;8.8;8.8;8.9;8.5;8.5;8.7;8.7;8.8;8.6;8.3;8.4;8.2;8.5;8.8;8.4;8.2;7.8;7.6;8.8;8.5;8.5;8.4;;8.5
Lohardaga;Jharkhand;;;;;;6.9;7.7;7.8;7.8;7.7;7.7;7.8;7.6;7.6;7.6;7.7;7.5;7.6;7.6;7.6;7.3;7.4;7.4;7.3;;6.9;6.5;7.7;6.6;;7.4
Lucknow;UP;;;;;;7.0;7.9;7.5;8.3;7.0;8.0;6.8;7.8;6.7;7.3;6.6;6.6;6.5;7.1;6.4;6.7;7.5;7.8;6.9;8.7;7.0;8.8;7.0;8.7;;7.4
Ludhiana;Punjab;7.0;5.9;6.1;6.5;6.4;5.5;6.2;7.8;6.2;6.9;6.3;6.9;7.1;6.9;7.1;7.1;6.3;7.9;6.5;6.2;6.5;7.7;7.0;4.4;;;;;;;6.6
Machhlishahr;UP;8.8;9.2;8.5;8.7;9.1;8.7;9.2;9.0;8.9;8.9;8.8;8.6;8.8;8.8;8.6;8.5;8.5;8.4;8.5;8.5;8.6;8.9;8.5;8.2;;;;;;;8.7
Machilipatnam;Andhra Pradesh;4.6;6.6;7.7;7.2;6.0;5.8;6.8;6.8;6.7;6.3;6.2;6.7;6.8;6.7;6.8;6.7;6.6;6.7;6.5;6.6;6.6;6.5;6.6;6.4;6.3;4.2;7.3;7.5;7.3;;6.5
Madha;Maharashtra;9.3;9.3;9.3;9.3;9.3;8.4;8.4;9.2;9.4;9.5;9.5;9.6;9.6;9.5;9.5;9.3;9.0;8.6;8.3;7.8;7.5;7.3;7.3;7.2;7.2;10.0;10.0;10.0;10.0;;8.9
Madhepura;Bihar;6.9;7.5;7.4;7.5;7.0;6.7;8.0;7.4;7.7;7.8;7.7;7.6;7.7;7.6;7.8;7.6;7.8;7.6;7.7;7.6;7.8;7.5;7.9;6.6;;;;;;;7.5
Madhubani;Bihar;;;;;;8.8;8.6;8.5;8.5;8.6;8.3;8.2;8.3;8.4;8.4;8.4;8.5;8.5;8.4;8.5;8.8;8.6;8.6;8.6;;;;;;;8.5
Chennai Central;Tamil Nadu;;;;;;7.8;4.8;9.3;6.5;4.0;5.1;5.2;5.0;4.8;9.2;7.0;5.4;9.3;7.0;5.2;4.8;6.5;9.1;9.1;5.7;8.9;5.8;4.5;5.6;;6.5
"Chennai North";Tamil Nadu;3.3;;10.0;10.0;;5.1;6.6;7.6;6.9;6.1;5.9;5.9;6.8;6.9;8.3;6.8;6.0;8.8;7.1;6.8;6.5;6.7;7.8;7.5;5.9;8.8;6.2;5.6;6.9;;6.9
"Chennai South";Tamil Nadu;;;;;;7.9;5.1;9.7;4.5;3.4;3.7;3.4;3.5;3.6;9.4;5.5;3.7;9.6;6.3;4.7;4.3;4.5;9.4;8.9;4.0;9.9;3.6;3.5;5.6;;5.7
Madurai;Tamil Nadu;9.0;9.0;8.9;9.1;9.1;8.9;8.9;9.1;9.2;9.2;9.2;9.3;9.3;9.4;9.4;9.3;9.2;9.2;9.2;9.1;9.2;9.2;9.2;9.2;8.6;9.0;8.5;8.7;9.3;;9.1
Mahabubabad;Andhra Pradesh;9.7;9.8;7.5;8.7;9.9;6.7;9.9;10.0;6.9;9.9;9.9;6.8;9.9;9.9;10.0;9.9;6.8;3.7;9.7;10.0;10.0;9.9;9.9;4.1;3.6;9.1;9.5;8.7;9.5;;8.6
Mahabubnagar;Andhra Pradesh;6.8;7.0;6.9;6.9;6.7;7.3;7.2;7.0;7.1;7.4;7.3;7.2;7.0;7.0;7.4;7.3;7.3;7.2;7.1;7.5;7.4;7.1;7.5;7.2;7.1;6.8;9.5;9.7;9.5;;7.4
Maharajganj;Bihar;;;;;;8.2;7.3;8.1;7.9;7.6;7.6;7.4;7.6;7.3;7.3;7.4;7.3;7.6;7.4;7.5;7.2;7.9;7.2;7.2;;8.1;6.9;6.9;7.5;;7.5
Mahasamund;Chhattisgarh;5.3;5.6;6.5;7.2;7.9;5.3;5.5;5.5;5.6;6.1;6.3;6.7;6.9;7.1;7.3;7.2;7.0;6.8;6.9;6.9;6.7;7.0;6.9;7.2;7.3;6.2;6.4;6.0;7.3;;6.6
Mainpuri;UP;;;;;;4.5;7.7;7.1;7.0;7.3;7.1;7.0;6.8;6.7;7.2;6.5;6.6;6.7;6.7;6.7;6.7;6.6;6.8;6.7;;6.5;5.9;5.9;5.8;;6.6
Malakajagiri;Andhra Pradesh;6.5;7.0;6.7;6.7;6.5;7.2;7.6;8.1;8.6;8.4;8.2;8.5;8.8;8.9;8.9;8.3;7.9;7.9;7.8;7.8;7.6;7.9;7.8;7.4;6.0;9.8;9.5;9.4;9.7;;8.0
Malappuram;Kerala;6.7;5.9;7.3;5.7;7.5;6.7;9.6;6.3;7.6;8.2;7.4;7.4;8.9;9.0;6.6;6.4;5.1;5.0;6.4;7.4;9.7;7.0;6.3;6.8;6.5;5.6;5.6;6.3;4.0;;6.9
Mandi;Himachal Pradesh;7.2;7.5;7.9;7.6;7.3;7.0;8.0;8.4;8.1;8.1;8.2;8.1;7.9;7.9;7.7;8.0;7.8;7.5;7.7;8.1;8.2;8.0;7.4;7.1;;;;;;;7.8
Mandla;MP;8.5;7.4;7.6;7.5;7.0;9.3;4.7;8.2;5.2;7.1;6.8;6.2;5.9;5.2;7.0;5.7;5.1;6.4;6.2;5.0;5.0;5.8;7.4;6.1;;;;;;;6.5
Mandsour;MP;7.1;7.0;6.0;7.4;6.8;5.5;7.2;9.4;7.7;8.9;7.2;8.5;9.1;8.8;8.4;6.5;4.4;8.6;7.3;8.1;8.1;8.9;7.3;6.2;;;;;;;7.5
MANDYA;Karnataka;5.7;6.9;7.0;7.0;7.3;6.4;7.5;7.5;7.5;7.9;7.9;7.8;7.8;7.5;7.5;7.5;7.6;7.6;7.6;7.2;7.1;7.3;7.4;7.2;7.2;6.3;7.8;7.8;7.6;;7.3
Mangaldoi;Assam;7.8;7.6;7.4;7.7;8.0;7.4;7.6;7.2;8.5;8.4;7.1;7.9;8.1;8.1;7.4;7.1;6.3;6.6;6.0;6.4;7.1;7.8;7.0;7.3;3.5;4.0;4.2;4.4;5.2;;6.9
Mathura;UP;7.9;9.4;7.3;8.2;8.8;6.9;7.3;8.9;9.4;8.9;9.3;8.6;9.0;9.1;9.4;8.4;7.3;7.1;7.7;8.5;7.5;9.0;7.4;6.6;8.6;;;;;;8.3
Mathurapur;West Bengal;6.6;6.6;4.4;3.8;3.9;6.6;6.7;6.9;6.9;7.2;8.0;7.9;8.0;7.6;7.8;6.9;6.8;7.1;7.1;7.1;8.1;7.6;7.6;7.6;7.7;6.2;6.7;6.9;9.2;;7.0
Maval;Maharashtra;9.7;9.7;9.7;9.7;9.7;9.7;9.7;9.7;9.7;9.7;9.7;9.7;9.7;9.7;9.7;9.7;9.7;9.7;9.7;9.7;9.7;9.7;9.7;9.7;9.7;9.7;9.7;9.7;9.7;;9.7
Mavelikkara;Kerala;7.7;9.1;9.3;9.1;9.2;7.9;8.2;8.5;8.4;8.3;8.1;8.1;8.2;8.2;8.2;8.4;8.4;8.5;8.5;8.5;8.6;8.8;8.8;8.9;9.2;8.4;8.7;8.9;8.7;;8.5
Mayurbhanj;Odisha;7.3;7.6;6.9;7.9;7.3;7.5;7.2;7.7;8.3;8.3;8.3;8.0;8.2;8.4;7.9;8.0;7.7;7.6;7.8;7.6;7.5;7.4;7.3;6.9;10.0;7.5;7.3;7.7;6.8;;7.7
Medak;Andhra Pradesh;8.0;6.8;5.5;6.9;7.9;6.7;6.2;6.7;6.9;7.4;6.7;7.0;7.2;7.2;7.2;6.5;6.6;6.5;6.6;6.2;6.1;6.7;6.7;7.2;6.5;5.9;7.5;7.4;7.6;;6.8
Meerut;UP;9.5;8.8;8.8;9.3;8.9;9.6;6.4;8.8;9.0;9.2;9.2;9.2;9.2;9.3;9.2;9.1;7.1;8.3;9.0;9.1;9.0;9.0;9.0;9.0;;;;;;;8.9
Mehsana;Gujarat;5.0;7.0;8.0;7.7;7.3;3.3;6.4;9.6;7.2;4.5;6.2;8.2;6.8;4.7;6.5;8.5;6.8;4.9;6.4;8.1;6.4;4.8;6.5;7.0;6.3;3.6;6.8;8.6;8.8;;6.6
Mirzapur;UP;;;;;;8.5;9.0;9.0;8.8;8.8;8.8;8.6;8.6;8.7;8.7;8.5;8.3;8.4;8.4;8.6;8.5;8.7;8.5;8.3;;8.6;8.9;8.3;8.8;;8.6
Misrikh;UP;7.6;8.5;7.3;8.0;7.4;7.0;7.7;7.5;7.1;7.5;7.4;7.3;7.3;7.5;7.1;6.3;5.9;5.9;5.8;5.8;6.3;5.9;6.7;6.2;;;;;;;7.0
Mohanlalganj;UP;9.0;9.4;7.6;7.3;7.8;6.3;6.5;8.2;8.1;6.8;7.1;6.3;6.3;5.8;6.2;6.7;5.2;6.9;7.8;6.4;5.5;8.1;7.0;6.3;;;;;;;7.0
Moradabad;UP;;;;;;8.1;7.4;8.3;8.1;8.1;8.2;8.0;8.1;7.9;7.9;8.2;7.8;8.2;7.8;8.2;7.9;7.8;7.9;7.7;;8.9;7.6;7.8;8.0;;8.0
Morena;MP;8.5;8.3;8.4;8.3;8.5;9.5;9.4;9.8;8.9;9.6;8.4;9.2;9.5;9.4;9.3;9.2;7.8;9.0;9.4;9.2;9.1;9.3;9.4;9.0;;;;;;;9.0
Mumbai North;Maharashtra;10.0;10.0;10.0;10.0;10.0;9.1;7.7;8.3;8.7;8.8;8.6;8.6;8.9;8.8;8.9;8.5;7.8;8.2;8.2;8.9;7.9;7.7;7.2;8.3;7.9;9.0;7.1;6.3;8.0;;8.5
Mumbai North-Central;Maharashtra;;;;;;7.9;9.6;9.1;8.3;9.4;9.7;9.5;8.8;8.0;8.2;9.0;9.4;9.6;8.5;9.4;9.6;9.8;9.4;9.8;7.7;7.7;8.2;7.5;9.7;;8.9
Mumbai North-East;Maharashtra;6.7;10.0;10.0;10.0;10.0;7.0;6.8;7.1;7.8;7.6;7.6;7.6;7.5;7.3;6.9;6.9;6.5;7.1;6.9;7.3;6.7;7.3;7.1;7.3;6.7;7.1;7.0;6.9;7.7;;7.5
Mumbai North-West;Maharashtra;7.8;6.7;6.7;8.3;8.3;7.4;8.3;7.3;7.9;8.4;9.0;8.6;9.1;9.1;8.9;7.4;7.6;8.6;6.8;8.5;8.4;8.1;6.9;7.7;7.8;9.1;8.5;8.3;8.8;;8.1
Mumbai South;Maharashtra;3.3;;3.3;3.3;3.3;8.7;8.6;8.4;8.1;8.2;8.1;8.3;8.5;8.4;9.9;8.3;8.2;8.4;8.3;9.9;8.4;8.5;8.5;10.0;10.0;9.9;8.0;7.5;7.6;;7.9
Mumbai South-Central;Maharashtra;10.0;10.0;10.0;10.0;10.0;8.2;8.6;8.4;8.7;8.7;8.8;8.5;8.4;8.2;8.4;8.4;8.3;8.4;8.3;8.5;8.3;8.4;8.2;8.4;7.3;7.7;7.8;8.0;8.5;;8.6
Munger;Bihar;;;;;;7.3;8.1;8.0;8.2;7.7;8.1;7.8;8.1;7.7;8.3;7.6;8.2;7.8;8.2;7.6;8.1;7.7;8.2;7.7;;8.2;8.5;7.9;8.5;;8.0
Muzaffarnagar;UP;9.2;8.3;8.4;8.4;8.4;9.0;7.4;8.2;8.5;8.6;8.5;8.6;8.7;8.6;8.7;8.5;8.0;8.5;8.2;8.4;8.4;8.5;8.3;8.3;;;;;;;8.4
Muzaffarpur;Bihar;;;;;;9.0;8.9;9.4;9.5;9.4;9.2;9.3;9.4;9.4;9.4;9.3;9.2;9.2;9.2;9.3;9.3;9.4;9.3;9.5;;9.8;9.3;9.9;9.9;;9.4
MYSORE;Karnataka;5.7;6.8;7.0;6.9;7.1;7.0;7.3;7.7;7.9;7.8;7.4;7.7;7.8;7.9;7.6;7.5;7.2;7.4;7.7;7.6;7.4;7.8;7.6;7.3;7.5;6.7;6.3;6.9;7.6;;7.3
Nabarangpur;Odisha;8.4;7.2;8.1;8.1;8.2;8.3;8.2;8.4;8.4;8.4;8.4;8.4;8.6;8.5;8.5;8.5;8.5;8.3;8.5;8.5;8.5;8.3;8.4;8.3;;;;;;;8.3
Nagapattinam;Tamil Nadu;9.2;9.3;9.8;9.0;9.6;6.9;9.0;9.1;9.1;8.9;8.7;8.7;8.8;9.0;9.0;8.5;8.7;9.0;8.9;8.9;9.2;9.1;9.0;7.8;7.3;8.6;7.9;7.6;8.7;;8.7
Nagarkurnool;Andhra Pradesh;5.5;5.4;5.8;5.1;5.4;5.5;5.8;5.6;5.8;5.8;5.7;6.0;6.1;6.1;6.2;5.9;5.4;5.7;6.2;5.8;5.7;5.8;5.7;5.6;6.4;5.8;5.6;5.6;4.1;;5.7
Nagaur;Rajasthan;;;;;;7.3;6.9;6.7;6.6;6.8;7.0;7.0;7.1;7.2;7.0;6.5;6.3;6.4;6.1;6.5;6.7;7.0;6.6;6.6;;9.5;7.8;7.8;9.3;;7.1
Nagina;UP;8.9;7.9;6.8;7.2;7.3;7.6;6.5;7.1;7.0;6.9;6.7;6.8;6.8;6.9;6.7;7.1;6.8;7.2;7.0;6.9;6.8;6.8;6.8;6.5;;;;;;;7.0
Nagpur;Maharashtra;4.7;5.3;5.6;6.5;6.5;5.0;5.5;5.2;5.5;5.3;6.0;6.0;6.3;6.3;6.3;6.9;7.0;7.0;6.9;7.0;5.9;5.9;6.0;6.1;6.0;6.1;6.0;5.9;6.5;;6.0
Nainital-udhamsingh Nagar;Uttarakhand;8.0;8.6;8.0;8.1;8.3;7.1;7.1;7.0;7.1;7.1;7.0;7.1;7.0;7.1;7.0;7.0;7.0;7.0;7.0;7.0;7.0;7.1;7.0;7.0;;;;;;;7.3
Nalanda;Bihar;;;;;;7.4;8.9;8.6;8.7;8.7;8.7;8.6;8.5;8.5;8.4;8.4;8.5;8.3;8.3;8.2;8.3;8.2;8.3;7.8;;9.6;9.0;8.6;8.3;;8.5
Nalgonda;Andhra Pradesh;5.8;5.4;5.7;5.6;5.5;5.9;6.0;5.9;5.8;5.8;5.9;5.9;6.0;5.8;6.0;5.8;5.8;5.9;6.0;5.9;5.9;6.1;6.0;6.1;6.1;5.7;5.9;6.5;6.4;;5.9
Namakkal;Tamil Nadu;7.5;9.5;7.6;7.1;7.1;7.7;3.5;8.7;9.9;9.8;7.8;9.0;9.5;9.8;9.7;7.2;7.3;7.2;7.3;7.8;3.6;7.6;6.9;6.8;6.5;8.7;6.9;7.6;8.5;;7.7
Nanded;Maharashtra;9.3;7.8;8.3;8.8;8.8;8.9;7.4;8.0;8.4;8.7;8.5;8.6;8.6;8.6;8.4;8.2;8.1;7.9;7.9;7.9;7.9;8.0;7.9;7.6;7.0;7.9;7.9;7.5;8.2;;8.2
Nandurbar;Maharashtra;6.5;7.5;7.6;6.0;7.0;5.9;6.3;7.1;7.2;6.5;6.4;6.9;7.5;6.8;7.2;6.5;6.4;6.8;7.0;6.8;6.2;7.1;6.2;6.7;6.9;6.1;7.1;7.0;6.6;;6.7
Nandyal;Andhra Pradesh;3.3;6.2;6.1;6.0;7.1;6.6;5.5;5.2;6.4;6.8;6.8;6.7;6.5;6.4;6.7;6.8;6.8;6.7;6.7;6.8;6.5;6.7;6.7;6.7;7.1;7.8;8.0;6.6;6.1;;6.5
Narasaraopet;Andhra Pradesh;4.3;6.5;8.6;6.5;5.8;4.9;6.7;7.8;6.3;5.6;6.9;7.4;6.3;5.9;6.9;7.4;6.4;5.7;7.1;7.2;6.2;5.9;6.9;7.2;6.4;5.2;6.4;7.5;6.7;;6.5
Narsapuram;Andhra Pradesh;9.1;8.9;9.1;9.2;9.2;8.7;8.1;8.4;8.6;8.6;8.4;8.4;8.6;8.7;8.7;8.6;8.5;8.7;8.8;8.7;8.7;8.7;8.7;8.8;8.7;9.9;9.8;9.8;9.8;;8.9
Nashik;Maharashtra;7.3;6.5;6.8;5.7;6.5;7.0;7.1;6.9;6.4;5.4;5.9;6.6;7.0;7.3;7.0;6.6;6.4;6.2;6.4;6.9;6.8;6.7;6.7;6.5;6.4;6.0;6.3;6.4;6.0;;6.5
Nawada;Bihar;;;;;;8.2;8.5;8.8;8.5;8.5;8.6;8.3;8.7;8.5;8.6;8.3;8.4;8.6;8.5;8.3;8.5;8.7;8.6;8.3;;7.1;9.1;7.8;8.5;;8.4
Nellore;Andhra Pradesh;3.3;6.5;9.3;6.7;4.8;4.1;6.6;8.2;6.3;5.3;7.1;8.3;6.7;5.2;6.7;8.1;6.5;5.4;6.8;8.0;6.4;5.3;6.8;8.0;6.5;4.2;6.4;8.3;6.6;;6.5
New Delhi;Delhi;;;;;;8.1;9.3;9.7;9.8;9.8;9.8;9.8;9.8;9.9;9.8;9.8;9.8;9.6;8.1;9.7;9.7;9.6;9.6;9.6;;;;;;;9.5
Nilgiris;Tamil Nadu;4.5;5.5;5.9;5.6;5.4;4.6;5.6;5.4;5.7;5.0;5.5;5.4;5.8;5.2;5.4;5.2;5.6;5.2;5.5;5.2;5.5;5.1;5.6;5.3;5.5;4.6;5.9;5.4;5.9;;5.4
Nizamabad;Andhra Pradesh;9.4;9.9;9.6;9.7;9.4;9.1;9.3;9.5;9.7;9.7;9.6;9.7;9.6;9.6;9.7;9.6;9.7;9.6;9.6;9.6;9.3;9.7;9.7;9.4;9.3;9.8;9.7;9.8;9.7;;9.6
North East Delhi;Delhi;;;;;;8.6;7.6;9.1;9.3;9.3;9.3;9.3;9.3;9.3;9.3;9.3;9.3;8.8;9.2;9.4;9.4;9.3;9.0;8.9;;8.4;8.1;8.2;8.3;;9.0
North Goa;Goa;7.5;7.9;7.4;7.8;7.9;8.2;8.3;8.6;9.2;9.1;8.6;8.4;8.7;9.1;9.1;8.9;8.8;8.8;8.6;8.8;8.6;8.8;8.5;8.6;8.5;9.4;8.4;8.9;9.4;;8.6
North West Delhi;Delhi;;;;;;9.3;9.8;9.7;9.7;9.7;9.7;9.7;9.7;9.7;9.7;8.6;8.5;8.6;9.2;9.6;9.6;9.5;9.7;8.5;;9.7;6.6;9.3;9.1;;9.3
Nagaon;Assam;7.5;7.8;7.5;8.0;7.6;6.3;6.2;7.6;7.9;8.0;7.3;7.6;7.7;7.6;7.3;7.3;7.1;7.9;7.4;7.3;7.5;7.3;7.3;6.6;6.5;8.7;8.6;8.8;8.8;;7.6
Ongole;Andhra Pradesh;4.4;5.8;6.2;6.2;6.0;5.5;5.9;6.1;6.1;5.9;5.8;5.9;5.9;5.8;5.9;5.9;5.9;6.1;6.1;6.1;6.1;5.9;6.0;6.1;6.1;6.3;6.5;6.7;7.6;;6.0
Osmanabad;Maharashtra;9.2;9.9;9.8;9.5;9.9;8.7;8.8;9.4;10.0;10.0;9.9;9.9;9.9;9.9;9.8;9.0;8.8;8.6;8.2;7.9;7.8;8.0;7.8;8.2;8.2;9.9;9.9;9.9;9.9;;9.2
Palamau;Jharkhand;;;;;;7.9;8.2;8.2;8.4;8.3;8.4;8.6;8.4;8.3;8.3;8.1;8.3;8.3;8.4;7.9;7.9;8.0;7.8;7.3;;8.5;8.9;8.7;8.2;;8.2
Palghar;Maharashtra;9.0;9.3;9.1;9.1;9.5;9.4;7.3;9.5;9.3;9.4;7.8;8.8;9.4;9.6;9.5;8.7;8.1;8.8;8.8;8.9;7.5;8.8;9.1;8.4;7.2;8.9;6.2;8.5;9.1;;8.7
Palakkad;Kerala;3.5;3.4;3.4;3.5;3.5;3.6;3.7;4.5;4.6;4.3;4.5;4.9;5.1;5.3;5.8;5.6;5.2;4.6;4.6;4.4;4.3;4.4;4.4;4.2;4.4;4.3;4.6;4.9;5.7;;4.4
Pali;Rajasthan;;;;;;5.1;6.9;6.5;6.2;6.8;6.4;6.1;6.5;6.0;6.1;6.6;6.4;6.2;6.7;6.3;6.3;7.2;6.3;5.9;;6.5;6.4;6.0;6.2;;6.3
Panchmahal;Gujarat;4.6;6.9;8.5;6.1;6.9;4.4;6.6;8.5;7.5;5.7;6.3;6.5;6.3;5.6;6.8;8.3;7.1;5.8;6.2;7.1;6.4;5.5;6.6;7.4;6.8;3.4;6.7;9.6;5.9;;6.5
Parbhani;Maharashtra;9.7;8.1;8.6;8.4;9.2;9.2;8.1;8.5;9.0;9.2;8.2;8.5;8.8;9.0;9.0;8.6;8.1;7.9;8.4;8.3;8.2;8.8;8.0;7.8;7.6;9.1;8.7;8.2;8.5;;8.5
Paschim Champaran;Bihar;;;;;;8.7;7.6;8.0;8.5;8.4;7.8;7.8;8.4;8.3;8.1;8.0;7.9;8.1;8.0;8.0;7.8;9.1;7.7;8.0;;8.2;7.8;8.2;7.5;;8.1
Pataliputra;Bihar;;;;;;9.1;9.8;9.8;7.4;9.8;7.4;9.8;9.7;9.7;9.5;9.8;9.7;7.6;7.8;9.3;9.2;7.5;9.4;9.8;;9.3;10.0;9.9;9.9;;9.2
Patan;Gujarat;3.3;6.4;9.3;7.0;4.6;5.1;6.4;8.8;6.9;4.8;7.0;8.2;6.6;5.5;7.5;8.1;6.0;5.8;7.3;7.4;5.9;6.4;7.1;7.8;7.0;4.6;6.0;8.5;7.6;;6.7
Pathanamthitta;Kerala;6.7;6.8;7.5;6.5;6.5;7.0;6.9;7.3;7.5;7.8;7.3;7.2;7.5;8.0;8.0;7.3;7.1;7.0;7.2;7.0;7.0;7.0;6.9;6.4;5.5;7.0;6.3;6.9;7.2;;7.0
Patiala;Punjab;;;;;;6.8;6.4;8.1;7.3;7.8;7.4;7.5;7.6;7.7;7.7;7.5;7.2;7.6;7.6;7.5;7.1;7.7;7.1;6.3;;8.6;7.0;8.1;8.1;;7.5
Patna Sahib;Bihar;;;;;;8.0;8.2;8.4;8.3;8.3;8.5;8.3;8.2;8.3;8.4;8.4;8.3;8.3;8.1;8.2;8.2;8.2;8.2;8.0;;6.9;6.3;7.3;6.1;;8.0
Peddapalli;Andhra Pradesh;7.2;8.1;7.1;7.7;8.0;5.6;6.5;6.7;7.4;7.7;7.6;7.7;7.8;7.8;7.5;7.5;7.4;7.2;7.1;7.1;7.0;7.2;7.0;6.8;7.0;6.1;6.8;7.1;7.6;;7.2
Perambalur;Tamil Nadu;7.2;8.1;7.8;7.2;5.9;7.7;6.3;8.6;8.2;8.1;7.7;8.1;8.3;8.1;8.4;7.6;7.7;7.7;7.6;7.9;7.5;8.5;7.9;7.9;7.0;4.8;6.3;5.9;6.4;;7.5
Phulpur;UP;;;;;;7.7;6.2;8.4;6.7;6.4;7.8;6.9;6.6;7.7;6.8;6.1;7.1;7.3;6.3;7.5;6.8;6.7;7.8;7.8;;6.5;7.0;6.5;7.2;;7.0
Pilibhit;UP;7.3;8.9;7.4;8.7;7.4;7.5;8.6;7.7;8.4;7.7;8.3;7.7;8.2;7.8;8.2;7.7;8.1;7.8;8.1;7.8;8.1;7.9;8.0;7.8;;;;;;;8.0
Pollachi;Tamil Nadu;5.9;6.3;5.6;4.6;4.3;4.6;5.3;5.1;5.7;5.0;5.4;5.1;5.6;4.8;5.4;5.3;5.6;4.9;5.5;5.0;5.4;4.9;5.5;5.3;5.8;5.9;6.5;6.1;6.3;;5.4
Puducherry;Puducherry;6.6;8.0;8.0;6.9;6.8;7.3;7.3;7.6;7.9;8.1;7.7;7.8;8.1;8.3;8.1;7.6;7.6;7.6;7.5;7.5;7.1;7.1;6.7;6.2;5.6;6.4;7.3;7.5;7.5;;7.4
Ponnani;Kerala;7.2;6.3;7.8;5.7;8.1;7.7;8.1;6.5;7.2;8.1;7.3;7.4;8.6;8.5;6.1;6.0;5.6;5.4;6.3;7.3;9.4;7.7;6.5;6.8;6.6;5.0;7.2;7.5;7.1;;7.1
Porbandar;Gujarat;3.3;6.7;9.9;6.4;6.0;3.3;6.7;9.9;6.4;4.4;6.6;8.6;6.4;4.6;6.8;8.9;6.6;4.4;6.4;8.3;6.4;4.7;6.7;7.8;6.7;3.4;6.7;9.9;5.8;;6.5
Pratapgarh;UP;9.0;7.3;7.9;8.3;8.2;9.0;7.4;7.7;8.8;7.9;7.6;8.8;7.8;8.0;8.3;4.5;8.4;7.3;7.2;5.6;8.5;7.6;7.5;8.8;;;;;;;7.8
Pune;Maharashtra;8.0;10.0;9.3;5.3;6.7;7.3;9.3;9.0;5.0;8.0;8.7;7.0;5.9;7.0;5.5;9.5;9.2;9.8;9.1;9.8;9.8;8.9;9.2;8.6;9.0;6.9;8.8;7.6;9.7;;8.2
Puri;Odisha;7.3;6.0;5.8;6.9;6.6;4.3;7.5;7.7;8.8;7.9;7.5;8.7;9.1;9.2;9.4;8.1;7.8;5.9;6.6;7.4;6.9;8.4;7.6;7.0;;;;;;;7.4
Purnia;Bihar;;;;;;7.8;8.8;8.5;8.4;8.5;8.5;8.7;8.7;8.6;8.6;8.6;8.5;8.5;8.5;8.4;8.4;8.6;8.4;8.4;;7.0;9.3;7.7;8.8;;8.4
Purvi Champaran;Bihar;;;;;;9.1;7.7;7.7;9.0;8.5;7.6;7.8;9.1;9.0;8.5;7.8;7.8;8.0;8.1;8.2;8.0;9.1;7.7;7.8;;7.4;7.0;7.0;7.3;;8.0
Rae bareli;UP;6.7;8.5;4.8;8.3;7.8;6.6;7.6;8.4;8.5;7.7;7.4;6.9;8.4;8.3;7.5;6.8;5.8;8.5;6.5;8.0;7.0;8.5;7.2;6.2;8.9;8.2;7.0;6.7;7.4;;7.5
RAICHUR;Karnataka;7.4;7.6;7.0;7.1;7.5;6.4;7.1;7.7;7.3;7.1;7.3;7.5;7.3;7.4;7.6;7.4;7.1;7.1;7.3;7.4;7.5;7.4;7.2;7.6;7.8;7.5;7.2;7.2;7.1;;7.3
Raigad;Maharashtra;10.0;10.0;10.0;10.0;10.0;9.8;9.8;9.9;10.0;9.9;9.9;9.9;10.0;10.0;10.0;9.9;9.8;9.9;9.9;9.9;9.8;9.9;9.9;9.9;10.0;10.0;10.0;9.9;9.9;;9.9
Raigarh;Chhattisgarh;6.1;6.2;7.8;7.5;8.1;6.3;6.7;6.9;6.8;6.8;7.1;7.0;7.3;7.2;7.5;7.4;7.4;7.4;7.8;7.9;7.8;7.6;7.8;7.7;7.7;7.0;7.5;8.4;7.9;;7.3
Raipur;Chhattisgarh;5.3;5.8;5.7;6.2;6.7;6.4;5.7;5.4;6.3;6.1;6.2;6.0;6.0;6.1;6.7;6.6;6.3;6.5;6.1;6.5;6.1;6.4;6.0;6.7;6.8;6.2;7.1;7.3;7.1;;6.3
Rajahmundry;Andhra Pradesh;3.4;8.4;8.5;8.5;8.3;8.2;8.0;7.9;8.1;8.2;7.9;7.9;8.1;8.1;8.0;8.1;8.2;8.3;8.1;7.9;7.7;7.5;7.5;7.6;7.6;6.8;7.4;7.7;7.2;;7.8
Rajampet;Andhra Pradesh;5.7;7.6;7.8;8.2;8.2;6.8;6.9;8.2;8.2;7.8;7.4;7.7;7.5;7.9;8.0;7.3;7.5;7.8;8.1;7.7;7.5;7.9;8.3;8.0;7.7;;;;;;7.7
Rajgarh;MP;7.7;7.6;6.9;7.7;7.4;7.3;7.6;7.7;9.1;8.5;8.0;8.6;8.9;8.9;9.2;8.1;7.3;7.6;7.4;8.8;7.6;9.0;7.0;6.1;9.3;;;;;;8.0
Rajkot;Gujarat;3.4;6.6;9.2;6.9;6.0;3.3;6.6;9.3;6.0;5.1;6.9;6.9;7.2;6.5;5.4;6.8;7.7;5.9;6.0;7.2;6.6;6.5;6.7;5.9;7.2;3.4;6.7;9.3;6.2;;6.5
Rajmahal;Jharkhand;;;;;;6.9;6.9;8.5;7.6;7.7;7.2;7.3;7.1;7.5;7.1;7.7;7.3;7.4;7.7;7.7;7.3;7.6;7.6;7.1;;6.4;6.7;6.3;6.6;;7.3
Rajnandgaon;Chhattisgarh;5.4;5.1;5.6;6.7;7.4;6.2;6.2;5.7;5.4;6.3;7.0;7.3;7.3;7.2;6.9;6.5;6.3;6.1;6.2;6.4;6.5;6.7;6.9;6.8;5.9;5.4;6.0;6.2;6.7;;6.4
Rajsamand;Rajasthan;;;;;;7.1;6.7;6.4;6.8;6.5;6.4;6.5;6.9;6.8;7.1;6.8;6.5;6.5;6.4;6.5;6.5;6.6;6.0;5.5;;6.9;6.7;6.4;6.2;;6.5
Rampur;UP;8.4;7.9;8.1;8.1;8.4;8.9;7.7;8.0;8.2;8.1;8.4;8.1;8.0;8.1;8.2;8.2;7.3;8.0;7.8;8.1;7.9;7.7;8.5;8.6;;;;;;;8.1
Ramtek;Maharashtra;4.8;6.0;6.1;6.4;6.5;5.2;5.2;5.3;5.8;6.1;6.1;6.0;6.1;6.0;6.0;5.6;5.3;5.3;5.4;5.7;5.6;5.8;5.3;5.6;6.0;5.6;4.8;6.1;7.8;;5.8
Ranchi;Jharkhand;6.9;7.0;6.8;7.8;7.5;7.0;7.6;7.4;7.6;7.8;7.8;7.8;7.8;7.8;7.9;7.6;7.5;7.4;7.4;7.2;7.2;7.3;7.1;6.8;;;;;;;7.4
Ratlam;MP;6.9;6.7;5.8;7.1;6.2;5.8;7.4;9.5;6.9;9.0;6.9;8.5;8.8;9.1;8.9;7.7;4.8;8.5;7.4;8.3;8.4;9.2;7.5;5.3;;;;;;;7.5
Ratnagiri-Sindhudurg;Maharashtra;7.7;7.9;8.2;8.8;8.6;8.1;7.7;7.7;8.2;8.6;8.5;8.5;8.5;8.4;8.5;8.4;8.5;8.8;8.6;8.7;8.2;8.1;7.9;8.4;10.0;8.0;8.2;7.6;8.8;;8.3
Raver;Maharashtra;8.5;8.0;8.5;8.0;8.7;8.1;7.6;8.4;8.0;7.4;6.8;7.2;7.5;7.5;7.4;7.1;6.7;6.7;7.1;7.5;7.3;7.3;7.5;8.0;8.1;8.3;8.2;8.4;8.3;;7.7
Rewa;MP;8.8;7.0;8.2;7.3;7.4;8.6;7.4;9.5;8.2;9.4;8.8;8.9;8.8;8.2;8.5;8.4;7.3;8.6;8.7;8.4;7.4;7.9;9.0;8.5;;;;;;;8.3
Robertsganj;UP;8.7;9.3;8.5;8.8;8.9;8.6;9.1;9.0;9.0;8.8;8.8;8.8;8.9;8.7;8.8;8.3;8.3;8.5;8.5;8.5;8.5;8.9;8.3;8.1;;;;;;;8.7
Rohtak;Haryana;6.9;6.4;5.9;6.2;6.7;7.1;6.5;6.3;6.5;6.3;6.4;7.6;7.8;6.7;6.6;6.3;6.3;6.3;5.9;6.2;6.1;5.8;5.8;8.0;;;;;;;6.5
Sabarkantha;Gujarat;3.7;6.6;9.1;6.3;6.0;4.5;6.3;8.7;6.9;5.0;6.2;7.8;6.6;5.2;6.5;8.0;6.9;5.4;6.4;7.9;6.6;5.6;6.7;7.7;7.0;3.9;6.3;9.4;6.5;;6.5
Sagar;MP;8.2;7.7;8.0;7.8;7.3;5.3;4.9;8.9;6.9;7.7;7.3;7.5;7.4;7.5;8.1;9.0;6.3;7.0;7.5;8.1;6.7;8.0;8.6;5.7;;;;;;;7.4
Saharanpur;UP;8.8;8.5;8.4;8.4;8.5;8.8;7.7;8.5;8.6;8.5;8.5;8.6;8.6;8.7;8.7;8.5;7.6;8.2;8.3;8.2;8.3;8.5;8.1;8.1;7.7;;;;;;8.4
Salem;Tamil Nadu;7.2;7.9;7.8;8.2;8.4;7.7;3.4;8.3;8.9;8.8;8.4;8.2;8.2;8.1;8.2;8.3;8.2;8.3;8.2;8.2;3.5;8.1;8.3;7.9;7.7;8.1;8.4;8.6;8.4;;7.9
Salempur;UP;8.6;6.9;7.1;7.0;9.1;8.3;6.8;8.3;7.5;8.0;7.8;7.2;7.9;7.2;7.1;7.3;7.1;8.1;7.6;7.7;7.1;7.9;7.1;7.1;;;;;;;7.6
Samastipur;Bihar;;;;;;8.0;8.2;9.5;9.5;9.5;9.5;9.5;9.4;9.3;9.2;9.1;9.1;9.3;9.2;9.2;9.2;9.3;9.3;9.2;;;;;;;9.2
Sambalpur;Odisha;9.2;9.1;9.0;9.2;9.3;9.1;7.8;8.8;9.0;8.9;8.6;8.6;8.8;8.6;9.2;8.7;8.3;8.7;8.3;8.6;7.9;8.5;8.5;8.1;;;;;;;8.7
Sambhal;UP;8.9;7.9;8.2;8.4;8.9;8.5;8.1;8.2;8.3;8.4;8.3;8.4;8.2;8.2;8.3;8.7;8.2;8.3;8.3;8.4;8.3;8.1;8.3;8.5;9.6;;;;;;8.4
Sangli;Maharashtra;7.9;8.5;8.2;8.1;7.5;7.7;7.6;7.5;7.9;7.8;7.4;7.5;7.7;8.0;7.9;7.1;7.0;7.4;7.4;7.7;7.5;7.5;7.2;7.1;6.3;8.1;7.9;7.8;8.1;;7.6
Sangrur;Punjab;5.5;4.7;4.7;5.1;4.9;5.7;6.3;9.1;6.9;7.4;6.9;7.5;7.9;7.7;7.6;7.6;6.6;8.2;6.8;7.4;6.5;8.9;6.3;4.3;;;;;;;6.7
Sant kabir Nagar;UP;8.6;7.0;7.2;7.2;8.6;7.9;6.9;8.5;7.2;8.1;7.5;7.3;7.8;7.2;7.3;7.3;7.1;8.1;7.7;8.1;7.4;7.8;7.2;7.2;6.7;8.7;7.3;7.0;7.2;;7.6
Saran (Chhapra);Bihar;;;;;;7.6;7.5;7.2;7.4;7.2;7.3;7.2;7.2;7.2;7.4;7.2;7.2;7.3;7.3;7.2;7.1;7.6;7.3;7.0;;8.6;7.5;7.7;7.4;;7.4
Sarguja;Chhattisgarh;6.4;6.8;7.5;7.5;7.7;6.8;6.9;7.1;7.2;7.6;7.4;7.4;7.5;7.3;7.3;7.4;7.4;7.4;7.5;7.5;7.4;7.6;7.6;7.6;7.6;6.7;7.1;6.7;7.7;;7.3
Sasaram;Bihar;5.1;5.5;5.8;5.9;4.9;5.4;5.6;5.3;6.1;5.4;5.5;5.5;5.3;5.7;5.6;3.9;6.0;5.4;5.5;4.6;5.8;5.5;5.3;5.4;;;;;;;5.4
Satara;Maharashtra;7.5;8.9;8.8;7.5;7.3;6.7;7.5;8.0;7.9;7.6;8.1;7.3;7.4;7.8;7.7;6.9;6.3;7.6;6.9;7.7;7.4;6.9;6.7;7.0;7.0;8.0;5.9;6.4;6.3;;7.3
Satna;MP;9.0;7.4;9.0;8.7;8.5;5.9;4.6;9.6;6.9;8.9;7.9;8.2;8.4;8.0;8.5;8.4;7.0;7.2;9.0;8.9;8.7;8.3;8.7;5.3;;;;;;;8.0
Secunderabad;Andhra Pradesh;3.3;;;;;4.1;4.6;5.7;6.1;6.3;6.2;6.3;6.6;6.3;6.8;6.5;6.4;6.5;6.6;7.0;6.6;6.3;6.2;5.9;5.4;7.3;4.8;7.5;7.9;;6.1
Shrirampur;West Bengal;6.8;6.9;7.3;9.0;9.1;6.5;6.8;7.1;7.4;8.3;8.7;8.6;8.0;7.2;7.5;7.7;7.9;8.3;8.2;8.1;7.8;7.6;8.0;8.2;8.0;5.1;6.3;8.2;6.5;;7.6
Shahdol;MP;;;;;;8.9;3.7;8.3;5.5;7.7;6.3;6.7;6.7;5.6;6.9;6.7;5.9;7.5;6.7;5.4;4.3;5.6;7.3;7.2;;7.5;4.1;5.4;5.3;;6.3
Shahjahanpur;UP;8.8;9.1;8.1;8.6;8.8;8.5;8.7;9.0;8.8;8.7;8.8;8.6;8.6;8.4;8.4;8.3;8.1;8.1;8.5;8.1;8.3;9.1;8.1;8.2;10.0;8.8;8.8;9.0;8.7;;8.6
Sheohar;Bihar;;;;;;9.8;9.8;9.8;9.7;9.8;9.8;9.8;9.8;9.9;9.8;9.9;9.8;9.8;9.8;9.8;9.8;9.8;9.8;9.8;;9.4;9.3;9.0;9.5;;9.7
Shillong;Meghalaya;5.3;5.4;5.5;5.6;6.3;4.7;5.1;4.3;4.2;5.4;6.0;6.1;6.2;6.3;6.1;5.8;5.3;4.7;4.5;5.1;5.7;5.9;6.0;5.7;5.3;5.1;5.2;5.2;5.3;;5.4
Shimla;Himachal Pradesh;7.4;7.9;8.1;7.9;7.8;6.4;7.5;7.8;8.0;8.1;8.1;8.2;7.9;8.0;7.9;8.1;7.9;7.9;7.8;7.9;7.7;7.5;7.4;7.3;;;;;;;7.8
SHIMOGA;Karnataka;5.6;6.8;7.0;7.0;7.8;6.1;7.0;6.8;6.8;6.4;6.5;6.7;6.8;7.1;7.3;7.4;7.5;7.3;7.2;7.0;7.0;7.0;7.0;7.2;7.1;6.4;7.0;6.8;7.3;;6.9
Shirdi;Maharashtra;7.4;7.2;7.8;8.1;8.4;7.5;7.4;7.6;7.8;8.0;8.0;8.2;8.3;8.5;8.4;8.3;8.2;8.1;8.3;8.1;8.0;7.9;8.1;8.0;8.0;8.4;8.1;7.3;7.7;;8.0
Shirur;Maharashtra;8.6;9.3;9.2;9.0;9.1;6.7;9.1;9.2;8.7;8.8;9.0;7.2;8.5;8.7;8.6;9.2;9.1;9.3;9.0;9.1;9.1;9.2;9.2;8.8;8.7;7.5;9.3;8.9;9.7;;8.8
Shrawasti;UP;;;;;;6.8;7.2;8.0;7.8;7.7;7.5;7.6;7.7;7.8;7.7;7.5;7.6;7.7;7.5;7.6;7.2;7.2;7.0;6.3;;7.2;6.5;7.2;6.3;;7.3
Sidhi;MP;8.6;7.6;8.0;7.7;7.7;8.5;3.6;8.8;4.9;7.8;6.1;5.0;5.4;5.2;6.0;6.9;5.0;8.0;7.0;6.4;4.2;5.5;7.5;7.4;;;;;;;6.6
Sikar;Rajasthan;;;;;;7.5;7.4;8.1;7.7;7.7;8.0;7.8;7.7;7.5;7.6;7.8;7.7;7.2;7.3;7.6;7.2;7.5;7.7;7.6;;8.3;6.9;7.7;8.4;;7.6
Silchar;Assam;8.5;8.5;8.3;8.5;7.9;7.9;6.6;7.4;8.0;8.3;6.5;6.7;7.8;8.2;8.4;7.7;6.8;6.6;7.0;8.1;6.0;7.9;7.9;8.2;10.0;7.3;6.6;6.7;7.8;;7.7
Singhbhum;Jharkhand;6.9;7.0;6.9;8.7;7.1;6.5;8.5;7.8;7.4;7.5;8.1;8.1;8.0;8.1;8.4;7.9;7.7;7.5;7.4;7.3;7.2;7.5;7.3;6.7;;;;;;;7.6
Sirsa;Haryana;;;;;;6.7;5.8;7.9;7.2;6.7;6.9;6.7;6.5;6.7;6.6;6.6;6.7;6.3;6.6;6.3;6.7;6.5;6.9;6.0;;8.5;5.5;6.6;7.7;;6.7
Sitamarhi;Bihar;;;;;;9.7;9.4;9.4;9.4;9.3;9.2;9.1;9.2;9.1;9.2;9.2;9.2;9.3;9.3;9.3;9.3;9.3;9.3;9.4;;;;;;;9.3
Sitapur;UP;8.1;8.0;7.9;7.7;7.7;7.1;7.3;7.6;7.4;7.7;7.6;7.4;7.3;7.6;7.4;7.6;7.5;7.3;7.6;7.7;7.2;7.3;7.5;6.9;;;;;;;7.5
Siwan;Bihar;;;;;;5.0;4.9;5.5;6.3;5.3;5.3;5.7;5.7;5.4;6.1;5.3;5.0;5.1;5.5;4.9;5.1;5.9;4.8;4.9;;7.4;6.3;5.9;6.3;;5.5
Solapur;Maharashtra;9.2;9.7;9.5;9.5;9.6;7.9;8.2;9.3;10.0;10.0;9.5;10.0;10.0;10.0;9.9;8.9;8.6;8.5;8.1;7.6;7.5;7.9;7.5;8.0;8.0;10.0;10.0;10.0;10.0;;9.1
Sonipat;Haryana;;;;;;5.2;8.1;8.7;8.1;8.1;7.5;8.2;7.8;7.6;8.0;7.6;6.3;7.0;8.0;7.7;7.8;8.2;8.4;8.3;;9.1;7.2;8.9;9.2;;7.9
South Delhi;Delhi;;;;;;8.7;8.2;8.6;8.8;8.8;8.9;8.8;8.8;8.9;9.0;8.9;8.9;9.0;8.9;8.9;8.9;8.9;8.8;8.8;;8.4;8.2;8.3;8.2;;8.7
South Goa;Goa;7.4;7.6;7.9;8.0;8.5;8.4;9.0;9.6;9.1;9.6;9.4;9.3;9.4;9.6;9.5;9.4;9.3;9.6;9.1;9.3;9.2;9.4;9.0;8.4;9.5;9.7;8.4;8.7;9.3;;9.0
Srikakulam;Andhra Pradesh;8.9;8.9;8.9;9.0;8.9;9.0;9.0;8.9;8.9;8.8;8.8;8.8;8.8;8.8;8.9;8.9;9.0;9.0;8.9;9.0;9.0;9.0;9.0;9.0;9.0;8.6;7.8;8.3;8.3;;8.8
Sriperumbudur;Tamil Nadu;5.2;6.4;6.5;6.5;6.6;6.9;5.6;7.7;8.1;7.8;7.1;7.4;7.4;7.4;7.8;7.9;7.6;7.6;7.6;7.5;5.9;7.4;7.4;7.5;6.7;6.5;7.3;7.1;7.1;;7.1
Sultanpur;UP;;;;;;9.6;6.9;7.1;9.2;7.1;7.3;9.1;7.5;7.5;8.5;4.2;8.0;7.4;7.3;4.6;8.6;7.3;7.3;9.0;;8.8;6.8;6.9;8.8;;7.6
Sundargarh;Odisha;;;;;;6.8;6.9;5.9;6.4;6.8;6.4;6.7;6.4;6.4;6.9;6.6;6.3;6.5;6.5;6.5;6.5;6.6;6.3;6.4;;;;;;;6.5
Supaul;Bihar;;;;;;4.9;7.2;7.7;7.7;7.5;7.5;7.5;7.6;7.6;7.6;7.1;7.2;7.1;7.3;7.3;7.2;7.6;7.1;6.2;;6.0;5.7;6.4;5.9;;7.0
Surat;Gujarat;4.9;7.0;8.7;6.3;7.0;3.8;7.0;8.7;7.1;6.5;6.6;7.4;6.9;5.4;6.7;7.6;6.5;5.9;6.8;7.5;6.7;5.7;6.3;7.2;6.6;5.3;7.8;7.8;5.9;;6.7
Surendranagar;Gujarat;5.2;6.8;7.8;6.6;6.5;4.4;6.6;8.6;6.5;5.2;7.1;8.2;6.3;5.8;6.7;7.2;6.4;5.6;6.6;7.3;5.9;6.1;6.8;7.8;7.4;5.0;7.0;7.7;6.5;;6.6
Tezpur;Assam;5.5;6.2;7.7;6.8;5.8;5.1;6.7;8.9;9.7;9.4;8.3;9.6;9.5;9.0;9.5;9.1;5.9;8.5;6.3;9.6;9.7;6.7;9.6;6.7;;10.0;10.0;10.0;7.8;;8.1
Thane;Maharashtra;10.0;3.3;6.7;10.0;;9.5;9.6;9.3;9.8;9.8;9.6;9.7;9.8;9.7;9.8;9.7;9.1;9.8;9.5;9.9;9.8;9.3;9.3;9.7;8.8;9.9;9.9;9.5;9.4;;9.3
Thanjavur;Tamil Nadu;9.5;9.4;8.6;8.4;8.8;7.7;6.3;8.1;8.7;8.8;8.8;8.8;8.8;8.8;8.8;8.4;8.5;8.6;8.6;8.7;7.0;8.1;8.0;8.4;8.2;8.1;8.6;8.1;8.4;;8.4
Theni;Tamil Nadu;9.6;9.6;9.4;9.1;9.2;9.3;8.7;8.8;8.9;9.1;9.1;9.2;9.3;9.3;9.3;9.0;8.9;9.0;8.9;8.8;8.9;9.0;9.0;9.2;8.9;9.4;8.8;8.7;9.2;;9.1
Thirvananthapuram;Kerala;4.2;6.1;6.5;6.5;6.5;7.1;7.8;8.3;8.2;8.2;8.3;8.4;8.4;8.3;8.5;8.4;8.2;8.3;8.1;8.3;8.4;8.4;8.4;8.5;8.3;9.6;9.4;9.5;9.6;;8.0
Tikamgarh;MP;9.5;8.7;8.3;8.6;9.2;8.7;7.2;9.6;8.3;8.5;7.8;7.7;8.4;8.3;7.9;8.3;7.1;9.4;9.3;8.7;8.2;9.1;8.6;8.3;;;;;;;8.5
Tiruchirappalli;Tamil Nadu;8.9;9.9;8.8;9.2;9.3;8.4;3.8;7.9;7.9;8.4;8.2;9.3;8.7;8.4;7.9;8.4;8.4;8.6;9.1;7.6;4.2;8.8;8.9;8.9;6.7;9.4;8.3;8.2;9.0;;8.3
Tirunelveli;Tamil Nadu;7.0;6.9;6.9;6.8;7.6;7.0;7.5;7.0;7.0;7.3;7.4;7.4;7.1;7.2;7.2;7.5;7.5;7.5;7.3;7.1;7.3;7.1;7.4;7.5;7.8;7.4;7.7;6.9;7.5;;7.3
Tirupathi;Andhra Pradesh;4.9;5.1;5.2;5.3;5.3;4.9;4.9;5.2;5.5;5.5;5.4;5.3;5.3;5.3;5.6;7.0;5.6;5.3;5.1;5.4;4.9;4.9;4.8;4.6;4.8;3.3;7.3;5.8;3.5;;5.2
Tiruppur;Tamil Nadu;4.6;6.8;6.4;5.7;5.9;4.6;6.2;6.4;6.4;6.3;6.2;6.5;6.4;6.2;6.1;6.3;6.1;6.0;6.1;6.0;6.1;6.1;6.3;6.4;6.7;4.7;6.6;7.6;6.7;;6.2
Tiruvallur;Tamil Nadu;7.5;7.8;8.3;8.2;7.9;6.3;6.9;7.2;7.3;6.4;7.4;7.3;8.0;7.1;7.7;7.7;7.9;7.9;8.1;7.8;7.7;7.0;8.0;7.9;7.9;5.9;6.6;7.2;6.7;;7.4
Tiruvannamalai;Tamil Nadu;9.4;9.0;8.2;8.3;8.7;8.4;3.8;8.4;8.6;9.3;9.0;8.6;9.0;9.0;8.7;7.3;8.3;8.2;7.8;8.2;4.9;8.7;7.4;7.5;6.9;8.1;7.0;6.9;8.9;;8.0
Tonk-Sawai Madhopur;Rajasthan;7.9;7.9;7.8;7.4;7.5;6.6;6.7;7.9;8.1;7.9;7.9;8.1;8.0;8.0;7.9;7.2;6.7;7.0;7.7;7.0;6.8;7.8;7.6;6.4;;;;;;;7.5
Thrissur;Kerala;6.4;6.3;6.3;6.4;6.5;5.4;6.1;7.2;7.0;7.1;6.9;7.2;7.1;7.8;7.5;7.7;7.4;7.6;7.2;7.4;7.0;7.0;6.9;7.1;6.3;8.1;8.0;8.3;8.2;;7.1
Tripura East;Tripura;7.3;7.0;8.2;7.7;8.5;7.7;6.4;7.3;8.2;8.5;7.4;7.3;8.0;8.4;8.0;7.4;7.2;6.8;7.3;8.0;8.3;8.0;8.0;7.7;7.1;6.7;6.7;6.7;6.7;;7.5
Tripura West;Tripura;8.2;7.6;7.5;6.9;7.3;7.9;8.5;8.4;8.9;8.1;7.9;8.4;9.1;8.4;8.4;7.4;7.3;6.5;7.6;8.6;8.5;7.5;7.1;7.5;7.2;8.9;8.7;8.4;8.5;;8.0
TUMKUR;Karnataka;6.3;6.2;6.5;6.4;6.6;6.8;6.3;6.4;6.5;6.6;6.7;6.6;6.7;6.9;6.8;6.4;6.4;6.1;6.2;6.3;6.5;6.6;6.5;6.6;6.7;6.7;6.3;6.3;6.9;;6.5
Tura;Meghalaya;3.3;3.3;3.3;3.3;3.3;;3.3;;;;;5.0;;;;;;;;;6.7;;;3.3;;7.2;5.9;6.1;6.0;;4.6
Udaipur;Rajasthan;9.6;9.3;8.8;9.0;9.1;9.3;7.3;9.2;8.6;8.7;8.0;8.8;9.0;8.9;9.1;8.3;7.6;8.8;8.6;8.6;8.6;8.3;8.4;8.0;;;;;;;8.7
Udupi Chikmagalur;Karnataka;7.0;7.5;6.9;7.3;7.3;6.8;6.7;7.3;7.3;7.3;7.0;7.2;7.4;7.6;7.3;7.0;6.9;7.0;7.1;7.3;6.9;7.1;7.2;7.4;6.8;8.4;8.2;8.4;8.5;;7.3
Ujiarpur;Bihar;8.8;8.5;9.0;9.2;9.1;8.6;8.8;9.1;9.3;9.3;9.2;9.3;9.2;9.2;9.2;8.9;9.0;9.0;9.1;9.0;9.0;8.9;8.8;8.6;;;;;;;9.0
Ujjain;MP;8.3;7.8;7.5;8.4;8.4;6.4;7.3;9.0;7.4;8.8;6.7;8.3;9.1;9.0;9.1;6.4;4.3;8.1;7.4;8.0;7.6;9.1;6.7;5.5;;;;;;;7.7
Uluberia;West Bengal;5.3;7.0;8.3;7.3;6.6;5.0;6.5;8.2;7.3;6.2;6.6;7.5;7.1;6.4;6.7;7.3;7.0;6.5;6.7;7.2;6.9;6.6;6.9;7.4;7.2;3.7;6.2;8.1;7.1;;6.8
Unnao;UP;7.3;8.6;6.4;8.9;8.1;5.1;8.5;8.6;9.3;8.5;8.5;8.4;9.3;8.8;8.1;7.6;7.1;9.2;7.5;8.7;8.0;9.2;7.8;7.0;;;;;;;8.1
UTTARA KANNADA;Karnataka;6.9;7.7;8.5;8.5;8.3;7.1;7.5;8.0;8.3;8.5;8.3;8.2;8.3;8.3;8.4;8.3;8.4;8.4;8.3;8.3;8.4;8.2;8.3;8.2;8.1;9.4;7.8;7.6;7.5;;8.1
Vaishali;Bihar;9.0;8.8;7.6;7.8;8.9;9.4;9.5;9.8;9.8;9.8;9.7;9.7;9.8;9.8;9.7;9.7;9.8;9.7;9.7;9.6;9.7;9.7;9.6;9.6;;;;;;;9.4
Valmiki Nagar;Bihar;;;;;;8.8;7.3;7.7;7.8;8.4;8.1;7.7;7.7;7.7;7.6;7.6;7.6;7.6;7.8;7.5;7.6;8.9;7.3;7.0;;;;;;;7.8
Valsad;Gujarat;3.3;5.8;8.5;5.6;5.8;3.7;6.6;9.1;7.0;6.4;6.4;7.4;6.5;5.2;6.5;7.8;7.2;6.2;6.5;6.9;6.3;5.9;6.4;7.1;7.0;3.9;6.3;8.1;7.1;;6.4
Varanasi;UP;;;;;;7.6;7.6;7.3;7.2;7.3;7.5;7.3;7.6;7.4;7.6;7.3;7.5;7.3;7.6;7.2;7.4;7.3;7.5;7.1;;7.4;6.3;6.3;6.6;;7.3
Vellore;Tamil Nadu;5.3;3.8;7.7;6.5;6.8;3.9;6.4;7.4;5.0;7.5;5.8;8.0;8.1;7.9;5.7;6.4;5.7;6.0;5.9;5.7;5.9;6.4;5.9;5.2;6.8;4.3;6.8;6.6;7.9;;6.3
Vidisha;MP;6.4;6.1;6.6;6.1;5.7;5.7;5.6;9.0;5.9;7.6;7.5;6.1;5.7;5.2;6.3;9.2;6.0;6.1;6.8;6.2;5.6;6.5;7.4;5.9;;;;;;;6.5
Vijayawada;Andhra Pradesh;3.7;6.3;9.4;7.1;4.1;4.8;5.6;7.8;7.3;5.4;5.9;7.7;8.0;7.2;7.4;7.3;6.4;5.6;6.2;7.2;7.0;6.3;6.6;6.8;5.9;5.7;5.8;7.1;7.8;;6.5
Viluppuram;Tamil Nadu;7.0;6.2;6.3;6.1;6.9;5.2;4.9;6.1;6.5;6.9;6.6;6.8;6.8;6.7;6.6;6.0;5.7;5.6;5.8;5.8;5.8;5.8;5.4;4.6;3.5;7.7;5.6;6.5;7.0;;6.1
Virudhunagar;Tamil Nadu;6.7;8.3;8.3;10.0;10.0;8.3;8.3;8.3;8.3;10.0;10.0;10.0;8.3;8.3;8.3;10.0;10.0;10.0;10.0;8.3;8.3;10.0;10.0;10.0;8.3;;;;;;9.1
Visakhapatnam;Andhra Pradesh;6.6;6.6;6.6;6.6;6.7;6.9;6.6;6.6;6.7;6.8;6.5;6.7;6.8;6.7;6.7;6.7;6.6;6.6;6.6;6.7;6.7;6.8;6.8;6.8;6.7;4.8;5.6;7.4;7.8;;6.6
Vizianagaram;Andhra Pradesh;6.5;7.2;6.7;6.8;6.9;7.6;7.6;7.6;7.7;7.7;7.7;7.7;7.7;7.7;7.7;7.7;7.7;7.7;7.7;7.7;7.6;7.7;7.7;7.7;7.7;6.4;7.0;6.0;7.0;;7.4
Warangal;Andhra Pradesh;5.0;5.2;4.9;4.9;5.4;4.6;4.2;4.6;4.7;5.3;4.6;5.1;5.8;6.2;6.1;5.0;4.5;4.5;4.6;4.6;4.5;4.5;4.6;4.6;4.3;;;;;;4.9
Wardha;Maharashtra;7.3;7.7;7.7;7.6;7.5;6.8;7.1;7.6;7.6;7.6;7.7;7.8;7.8;7.9;7.8;7.5;7.5;7.4;7.6;7.4;7.3;7.4;7.3;7.3;7.2;6.2;6.8;7.1;7.2;;7.4
WAYANAD;Kerala;6.6;7.4;7.8;7.4;6.7;7.0;7.1;7.5;7.3;7.1;6.8;6.8;7.0;6.7;6.6;6.5;6.6;6.7;6.6;6.7;6.6;6.6;6.8;6.6;6.4;5.7;7.0;8.0;7.4;;6.9
West Delhi;Delhi;;;;;;7.7;8.3;7.9;8.3;8.3;7.9;8.0;8.0;7.7;8.3;7.5;7.1;7.6;7.2;7.6;7.2;7.7;7.4;7.2;;8.2;7.1;7.6;7.9;;7.7
Yavatmal-Washim;Maharashtra;6.0;6.6;6.6;6.8;6.8;7.3;7.0;7.7;7.3;7.2;7.3;7.5;7.0;7.3;7.4;7.7;7.3;7.6;7.2;7.7;7.2;7.4;7.2;7.6;7.1;7.6;7.8;8.0;8.7;;7.3
Zaheerabad;Andhra Pradesh;5.2;6.8;7.7;6.6;7.0;5.8;6.9;7.1;6.8;6.8;7.4;7.3;7.3;6.8;6.8;6.7;7.0;6.8;6.9;7.1;7.1;7.0;7.1;6.8;6.9;5.6;5.0;7.8;7.0;;6.8
Grand Total;;7.0;7.4;7.6;7.5;7.5;7.0;7.2;8.0;7.7;;7.6;7.7;7.8;7.6;7.8;7.6;7.3;7.5;7.5;7.6;7.4;7.6;7.5;7.3;7.2;7.2;7.2;7.5;7.6;#DIV/0!;7.5