Constituency;State;Agricultural loan availability;Electricity for Agriculture;Higher price-realization for farm products;Irrigation Programmes;Subsidy for seeds and fertilizers;Accessibility of MP;Anti-terrorism;Better employment opportunities;Better electric supply;Better hospitals / Primary Healthcare Centres;Better Law and Order / Policing;Better public transport;Better roads;Better schools;Drinking water;Empowerment of Women;Environmental issues;Eradication of Corruption;Reservation for jobs and education;Security for women;Strong Defence/Military;Subsidized food distribution;Training for jobs;Trustworthiness of MP;Other;Better garbage clearance;Encroachment of public land / lakes etc;Facility for pedestrians and cyclists on roads;Lower food prices for Consumers;Traffic congestion;Constituency Average;Wealth Index Avg;Education Index Avg;# of Responses;MP;Gender;Party;Percentile
Adilabad;Andhra Pradesh;4.7;5.8;5.4;5.9;5.9;4.9;5.8;6;6.2;6.1;6.1;6.3;6.3;6.2;6.2;5.9;5.9;5.7;5.9;5.7;5.9;5.8;5.9;5.8;5.7;;;;;;5.8;3.9;3;499;Ramesh Rathod;Male;Telugu Desam Party;93.8
Agra;UP;;;;;;3.7;3.7;3.9;4.5;3.8;3.6;3.8;4.2;4;4.3;3.2;3.5;3.5;3.6;3.4;3.7;4.8;3.1;3.1;;4.6;3.8;2.9;5;6.4;3.9;3.6;2.6;505;Ram Shankar;Male;Bharatiya Janata Party;25.1
Ahmedabad West;Gujarat;1.7;4;4.8;4.8;4.5;3;4.1;5.5;5.2;4.1;3.4;5.3;5.4;3;4.3;5.9;4.4;4.1;4.3;3.8;5.3;4.7;3.7;4.6;4.1;2.7;4.1;5.4;5;5.6;4.4;4.1;2.7;507;Kirit Premjibhai Solanki;Male;Bharatiya Janata Party;47.2
Ahmednagar;Maharashtra;4.5;5.4;5.1;5.1;5.6;4.8;5.7;5.5;5.5;6.3;5.4;5.4;5.3;6;5.4;5.5;5.2;5.7;5.6;5.4;7.4;5.9;5.6;6.4;4.8;6.8;5.6;6;6.1;8;5.7;4.4;2.6;501;Dilip Kumar Mansukhlal Gandhi;Male;Bharatiya Janata Party;92.0
Ajmer;UP;3.3;3.5;3.4;3.6;3.4;3.7;3.7;3.8;3.6;3.8;3.8;3.9;3.8;3.9;4;3.9;3.9;3.7;3.7;3.7;3.6;3.5;3.5;3.4;;;;;;;3.7;3.7;2.6;519;Raja Ram Pal;Male;Indian National Congress;20.1
Akabarpur;Maharashtra;3.2;4.2;4.1;4.3;4.3;3.8;4.1;4.3;4.6;4.6;4.6;4.5;4.8;5;5.3;4.9;4.7;4.6;4.6;4.8;4.9;4.9;4.8;4.8;5;3.7;3.8;4.1;3.7;5.4;4.5;2.1;3.4;510;Sanjay Shamrao Dhotre;Male;Bharatiya Janata Party;55.4
Akola;Kerala;8.8;6.6;7.3;8.2;8.6;8.7;5.7;6.8;6.6;7.5;7.3;8;8.1;7.9;8.2;7.6;7.3;7.3;7.2;7.5;6.9;7.8;7.9;8.8;8.2;8;7.9;7.6;4.4;9.5;7.6;4.2;3.5;507;K. C. Venugopal;Male;Indian National Congress;99.6
Alappuzha;Kerala;5.1;5.9;5.5;5.8;5.7;4.1;4.9;5;5;5;5.1;5.1;5;4.9;5;5;5.1;5.1;5.1;5;4.9;5;5;4.9;4.1;3.5;4.6;4.5;4.4;4.7;4.9;1.9;3.5;515;Parayamparanbil Kuttappan Biju;Male;Communist Party of India (Marxist);72.9
Alathur;UP;4.1;4.7;3.6;4.4;4.4;2.9;4.3;4.2;4.5;4.5;4.5;4.1;4.1;3.9;3.7;3.5;3.3;3.2;3.3;3.4;3.3;3.5;3.2;3;;;;;;;3.8;4;2.5;527;Raj Kumari Chauhan;Female;Bahujan Samaj Party;22.6
Aligarh;UP;;;;;;2.8;4.2;4.1;4.6;4.6;3.4;3.6;5.2;5.1;3.8;3.4;2.9;4.3;3.3;4.5;3.8;5.2;3.5;2.9;;3.7;3.2;2.5;5.4;4.2;3.9;3.6;2.4;502;Kunwar Rewati Raman Singh;Male;Samajwadi Party;25.1
Allahabad;Uttarakhand;;;;;;4.6;4.1;3.7;4.8;4.7;4.2;4.4;4.4;4.4;4.7;4.4;4.4;4.4;4.4;4.7;4.1;4.4;4.4;4.4;;4.8;3.9;4.8;4.3;5.2;4.4;3.7;2.9;488;Pradeep Tamta;Male;Indian National Congress;47.2
Almora;Rajasthan;3.5;4;3.5;3.5;3.4;2.5;4.2;4.1;4.5;4.4;4.4;4.7;5;5.1;5.2;4.4;4.2;4.1;4.4;4.2;4.2;5.1;4.1;2.2;;;;;;;4.1;4.5;2.4;488;Jitendra Singh;Male;Indian National Congress;33.7
Alwar;Andhra Pradesh;3.3;4.1;3.9;4.9;5.9;3.5;4.3;4.3;4.2;4.5;4.6;4;4.3;4.3;4.1;4.4;4.5;4.3;4;4.5;4;4.2;4.2;4.2;4.8;2.3;4.5;6;5.6;4.3;4.3;5;4.6;507;G.V. Harsha Kumar;Male;Indian National Congress;41.1
Amalapuram;Haryana;;;;;;5;4.6;4.2;4.1;4.5;4.6;4.4;4.5;4.7;4.8;4.7;4.6;4.6;4.7;4.5;4.9;4.6;4.5;4.7;;5.2;4.5;3.6;4;4.2;4.5;4;2.7;503;Vacant;;Vacant;55.4
Ambala;UP;;;;;;3.1;6.7;5;7.1;3.3;6.7;3.8;6.1;3.2;6.2;3.3;3.5;3.9;4.3;2.9;3;3.8;4.7;3.7;;2.9;5.4;2.9;7;3.5;4.4;4;3;465;Rakesh Pandey;Male;Bahujan Samaj Party;47.2
Ambedkar Nagar;UP;3.2;4.7;2.8;5.4;4.7;3.2;5.3;5.3;6.1;5.1;3.5;3.8;6.2;5.7;3.3;3;2.6;5;3.1;5.4;4.3;6.2;3.7;2.8;;;;;;;4.4;3.6;2.3;460;Rahul Gandhi;Male;Indian National Congress;47.2
Amethi;Maharashtra;3.9;4.7;4.9;4.8;4.6;4.3;5;5.2;5.4;5.5;5.4;5.3;5.4;5.6;5.4;5.3;5.2;5.2;5.2;5.2;5.1;5.1;5;4.9;4.7;3.3;4.4;4.4;5.6;4.4;5;2.1;2.7;426;Anandrao Adsul;Male;Shiv Sena;76.6
Amravati;Gujarat;2.3;4.9;5.7;4.4;2.8;1.6;4.1;6.2;3.8;3.1;4.2;5.2;4.2;3.5;3.9;4.7;4.1;4.1;4.4;4.8;4.2;3.8;4.2;4.5;3.7;1.5;4.4;8.1;4.6;2.4;4.1;4.6;3;492;Naranbhai Kachhadia;Male;Bharatiya Janata Party;33.7
Amreli;Punjab;;;;;;2;2.1;2.4;2.1;2.1;2.1;2.1;2.3;2.2;2.4;2.1;2.1;2.1;2.1;2.1;2;2.2;1.9;1.7;;2.5;3.1;2.6;2.4;4.7;2.3;3.6;2;498;Navjot Singh Sidhu;Male;Bharatiya Janata Party;1.4
Amritsar;UP;3.6;4.6;3.9;4;4;3.8;4;3.8;4.4;4.1;4.1;4.1;4.1;4.2;4.2;3.9;3.9;4;4.1;4;4;4.1;3.8;3.8;4;3.8;3.7;4.1;4.2;7.1;4.1;4.4;3;511;Devendra Nagpal;Male;Rashtriya Lok Dal;33.7
Amroha;Andhra Pradesh;4;3.8;4;4;3.9;4.1;3.8;3.8;4;3.8;3.9;3.8;3.9;3.9;4.1;4.1;4.2;4;4;4.1;4.2;4.1;4;4.1;4.2;3.8;3.3;3.6;4;3.9;4;3.8;3.3;512;Sabbam Hari;Male;Indian National Congress;29.4
Anakapalli;Gujarat;2.4;3.4;4.4;4.3;3.9;2.7;3.3;4.8;4;3.5;3.9;4.8;4.4;3.7;3.7;4.5;4.2;3.4;3.8;4.6;4.1;3.6;3.9;4.5;3.9;2.6;3.7;5.2;5.5;5.4;4;3.9;2.5;501;Bharatsinh Madhavsinh Solanki;Male;Indian National Congress;29.4
Anand;Punjab;;;;;;1.6;2;2.7;2.1;2.4;2.2;2.3;2.3;2.3;2.3;2.4;1.9;2.4;2.4;2.3;2.2;2.6;2.3;1.4;;2.3;1.3;2.2;1.9;2.7;2.2;3.9;2.5;496;Ravneet Singh;Male;Indian National Congress;0.6
Anandpur Sahib;Andhra Pradesh;1.9;3.1;3.4;3.3;3.2;2.2;2.9;3.2;3.5;3.4;3.4;3.1;3.3;3.2;3.2;3;3.2;3.1;3.4;3.3;3.2;3.2;3.3;3.3;3.3;1.7;2.8;3.3;3.6;3.3;3.1;2.9;4.6;468;Anantha Venkatarami Reddy;Male;Indian National Congress;8.8
Anantapur;UP;7.9;6.6;6;7.8;7.5;5.8;5.5;5.4;7.1;6.2;6.6;5.4;4.8;5;5;3.8;2.9;2.9;2.8;2.8;2.8;3.9;3.4;2.6;;;;;;;5;3.7;1.8;498;Maneka Sanjay Gandhi;Female;Bharatiya Janata Party;76.6
Aonla;Tamil Nadu;3.7;3.8;3.8;3.7;3.7;3.7;4;3.9;4;3.8;3.8;3.7;3.8;3.8;3.6;4;3.9;4;3.9;3.9;3.9;3.6;4.1;4.1;4.3;3.6;3.9;3.9;3.9;7.3;4;2.5;3;502;S. Jagathrakshakan;Male;Dravida Munnetra Kazhagam;29.4
Arakkonam;Andhra Pradesh;2.6;2.7;2.8;2.8;2.7;4.6;4.7;4.7;4.6;4.7;4.7;4.7;4.7;4.7;4.7;4.7;4.7;4.7;4.7;4.7;4.7;4.7;4.7;4.7;4.7;3.2;3.5;3.9;3.4;6.7;4.3;3.5;3.5;515;V. Kishore Chandra Deo;Male;Indian National Congress;41.1
Araku;West Bengal;3.7;4.6;6.4;5.4;5.3;3.8;4.9;6.6;5.4;4.6;5;5.7;5.2;4.5;4.8;5.5;5.1;5;5.1;5.4;5.1;4.7;5;5.3;5.2;1.1;6.7;4.4;1.1;4.4;4.8;3.9;2.8;464;Sakti Mohan Malik;Male;Communist Party of India (Marxist);69.6
Arambagh;Tamil Nadu;4.1;4.1;3.7;3.1;3.1;4.2;2.5;4.6;4.9;5.1;4.6;5.6;5.2;5.2;4.6;4.7;4.3;4.4;4.1;4.3;3;4.4;4.3;4;4.2;2.5;3.6;3.1;4.1;5.1;4.2;4.4;2.7;431;M. Krishnasswamy;Male;Indian National Congress;36.8
Arani;Bihar;2.6;2.6;2.4;2.6;2.9;2.4;2.2;2.5;2.7;3.2;3.3;3.3;3.3;3.3;2.9;2.8;2.7;2.8;2.8;2.9;3;3.3;2.8;2.7;;;;;;;2.8;3.3;1.8;486;Pradeep Kumar Singh;Male;Bharatiya Janata Party;5.5
Araria;Bihar;3.8;3.6;4.2;4;3.7;4.1;3.2;3.3;4;4.1;3.6;4.1;3.9;4.1;3.9;3.6;3.5;3.9;3.8;3.8;3.7;4;3.6;3.6;;;;;;;3.8;3.5;2.3;506;Meena Singh;Female;Janata Dal (United);22.6
Arrah;Odisha;5.1;4.9;4.1;5.2;4.3;3.3;3.7;5.6;7.9;7.5;6.9;6.9;7.2;7.9;6.7;5.4;4.7;4.5;4.7;5.7;5.4;4.8;5.5;3.9;;;;;;;5.5;3.9;2.3;520;Nityananda Pradhan;Male;Biju Janata Dal;89.1
Aska;Kerala;5.4;4.9;4.3;4.7;4.8;5.5;5.3;5.4;5.6;5.6;5.5;5.6;5.6;5.9;6;5.1;5.2;5.2;5.5;5.4;5.1;5.2;5.4;5.2;4.8;5.6;5.4;5.3;4.9;7.4;5.4;5;4.4;502;Anirudhan Sampath;Male;Communist Party of India (Marxist);87.1
Attingal;Bihar;4.3;4.9;4;4.3;4;4;3;3.6;4.6;4.8;3.9;4;5.1;4.7;5.3;3;3.6;3.4;4;3.5;5.5;4.8;3.8;4.3;4.8;6;3.6;5.3;5.4;8.6;4.5;4;2.7;1037;Sushil Kumar Singh;Male;Janata Dal (United);55.4
Aurangabad;Assam;3.3;3;3.1;3.2;3.2;3.6;3.7;3.5;3.9;4.5;4.4;4.3;4;4.4;3.7;4;4;3.6;3.5;3.9;3.9;3.9;3.5;3.5;3.3;3.4;3.6;3.4;3.5;9.5;3.9;4.3;3.3;342;Biren Singh Engti;Male;Indian National Congress;25.1
Autonomous District;UP;4.2;4.1;4;4.4;4.1;4.1;4;4.1;4.7;5;5.1;4.5;4.2;4.4;4.2;4.3;4.3;4.2;4.4;4.3;4.3;4.3;4.2;3.9;;;;;;;4.3;3.5;2.3;482;Ramakant Yadav;Male;Bharatiya Janata Party;41.1
Azamgarh;Kerala;6.4;6;5.7;5.3;5.5;4.6;4.9;5.4;5.4;5.3;5.1;5.2;5.7;6.4;6.2;5.9;5.8;5.5;5.2;5;5.1;4.9;4.6;4.1;3.5;4.9;5;4.6;4.7;4.8;5.2;3.8;3.3;500;Ramachandran Mullappally;Male;Indian National Congress;82.3
Badagara;UP;4.3;4.2;4.3;4.1;4.2;4.7;4.5;4.4;4.7;4.3;4.1;4.5;4.5;4.3;4.5;4.2;4.1;4.1;4;4.1;4.2;4.5;4.2;4.1;;;;;;;4.3;3.8;2.5;505;Dharmendra Yadav;Male;Samajwadi Party;41.1
Badaun;Karnataka;4.4;4.4;4.4;4.4;4.4;4.5;4.5;4.5;4.5;4.5;4.5;4.4;4.5;4.5;4.5;4.5;4.5;4.5;4.5;4.4;4.4;4.4;4.4;4.4;4.4;2.8;5.5;5.6;7.6;9.8;4.8;5.3;2;326;Parvatagouda Chandanagouda Gaddigoudar;Male;Bharatiya Janata Party;69.6
BAGALKOTE;UP;4.9;4.5;4.5;4.5;4.7;4.9;4.8;4.6;4.8;4.7;4.6;4.7;4.7;5;4.8;4.5;4.2;4.2;4.4;4.7;4.7;4.7;4.3;4.5;;;;;;;4.6;4;2.9;525;Ajit Singh;Male;Rashtriya Lok Dal;61.2
Baghpat;UP;;;;;;3.7;5.4;3.8;4.6;3.1;4.5;2.9;4.2;2.9;3.9;2.7;2.8;2.7;2.9;2.3;2.6;2.6;3.3;2.7;;4.1;4.4;3.7;4;3.4;3.5;4;2.7;499;Kamal Kishor;Male;Indian National Congress;15.2
Bahraich;MP;2.9;2.8;2.8;2.7;2.8;3;1.4;3.1;1.8;2.3;2.3;1.8;1.9;1.5;2.1;2.7;1.6;2.7;2.1;1.6;1.4;2;2.6;2.4;;;;;;;2.3;3.5;2.7;513;Vacant;;Vacant;1.4
Balaghat;Odisha;1.6;1.8;3.5;3.8;6.8;2.1;2.2;2.5;3.6;3.8;4.1;4.3;4.3;4.4;4.3;4.2;4.3;4.1;4.1;4.3;4.4;4.2;3.7;3.2;;;;;;;3.7;3.6;2.4;517;Srikant Kumar Jena;Male;Indian National Congress;20.1
Baleshwar;UP;;;;;;4.2;3.6;3.7;4.5;6;6;4.8;4.3;4.6;4;4;4.1;4.6;4.5;4.1;4.5;3.9;4.2;3.8;;5.2;3.6;3.8;3.8;5.9;4.4;3.5;2.3;502;Neeraj Shekhar;Male;Samajwadi Party;47.2
Ballia;Gujarat;1.3;4.3;9.1;4.5;2.8;1.4;4.4;8.1;5.2;2.8;4;5.3;3.9;2.5;4.6;4.6;4.3;3.4;5.1;4;3.7;4.7;4;4;4.5;2.2;6.7;6.7;2.2;10;4.5;4.6;2.9;497;Haribhai Parthibhai Chaudhary;Male;Bharatiya Janata Party;55.4
Banaskantha;UP;3.2;3.3;3.8;3.5;3.2;3.5;3.1;3.2;3.5;3.4;3.4;3.4;3.5;3.4;3.4;2.7;3.7;3.4;3.3;3.3;3.6;3.4;3.2;3.2;3.3;3.4;2.9;3.5;3.7;5.7;3.4;3.7;2.6;521;R.K. Singh Patel;Male;Samajwadi Party;12.9
Banda;Karnataka;1.1;2.2;4.4;4.4;4.4;5.1;6.4;5.7;6.6;6.3;7;6.5;7;6.3;6.8;6.3;6.8;6.3;6.7;6.2;6.5;6;6.5;6.1;6.5;5.5;6.6;6;6.9;7;5.9;3.6;3.6;854;P. C. Mohan;Male;Bharatiya Janata Party;94.9
BANGALORE CENTRAL;Karnataka;3.1;3;4;3.4;4.2;4.1;3.4;4;4.5;4.4;4.2;4.6;5.1;5.5;5.1;4.8;4.3;4.7;4.4;4.5;4.5;4.8;4.4;4.8;4.6;4.6;4.7;4.9;4.6;5.2;4.4;4.3;3.6;1030;Chandre D.B. Gowda;Male;Bharatiya Janata Party;47.2
BANGALORE NORTH;Karnataka;4.6;4.1;4.1;4;5.2;4.3;4.3;4.5;4.4;4.7;4.8;4.7;4.5;4.3;4.6;4.7;4.5;4.8;4.7;4.5;4.5;4.4;4.4;4.6;4.8;4.1;3.5;4.3;4.4;4.7;4.5;4.3;3.7;514;Doddaalahalli Kempegowda Suresh;Male;Indian National Congress;55.4
BANGALORE RURAL;Karnataka;4.1;6.6;6.8;5.6;4.1;3.9;4.4;4.4;4.2;4.4;4.4;4.4;4.5;4.3;4.5;4.3;4.4;4.5;4.4;4.3;4.4;4.4;4.3;4.4;4.7;4;4.4;4.4;4.6;5.1;4.6;3.7;4.1;1027;Ananth Kumar;Male;Bharatiya Janata Party;61.2
BANGALORE SOUTH;Bihar;5;4.7;4.6;4.6;4.8;5.2;4.9;5;5;5;4.9;4.9;5.1;5;4.9;5;5;5;5;5;5;5;5;4.9;;;;;;;4.9;3.5;2.1;500;Putul Kumari;Female;Independent;72.9
Banka;UP;3.6;4.2;4.3;4.7;4.7;3.6;4.5;4.1;4;5.7;5.4;4.2;4.4;4.5;4;4.1;4.4;4.4;3.9;4.3;4.4;3.5;3.9;4;;;;;;;4.3;3.6;2.2;484;Kamlesh Paswan;Male;Bharatiya Janata Party;41.1
Bansgaon;Rajasthan;3.7;3.7;3.9;3.7;3.8;3.8;4.3;3.4;3.5;3.5;4.1;3.6;3.5;3.6;3.6;4.2;4.1;3.6;3.8;4;4;4.2;3.7;4.3;;;;;;;3.8;3.8;2;521;Tarachand Bhagora;Male;Indian National Congress;22.6
Banswara;Andhra Pradesh;2.3;3.5;6.2;5.5;4.6;2.3;4.1;6.5;5;3.7;4.2;5.4;4.6;3.7;4.6;5.4;4.6;3.9;4.7;5.2;4.4;3.7;4.4;5.4;4.5;2.1;4.2;7.1;4.5;4;4.5;3.4;3.3;502;Lakshmi Panabaka;Female;Indian National Congress;55.4
Bapatla;UP;5;4.9;5.1;4.7;5.1;3.8;4.1;4.7;4.7;4.3;4.1;4.2;4.1;4.2;4.1;4.2;3.8;4.3;4.5;4.3;3.9;4.7;4.1;4.2;;;;;;;4.4;3.8;2.6;502;P.L. Punia;Male;Indian National Congress;47.2
Barabanki;Maharashtra;3.2;3.9;5.1;4.8;3.9;3.5;3.7;5.4;5;4.2;4.4;5.3;5.1;4.4;4.7;5.1;4.8;4.5;4.6;4.9;4.7;4.3;4.5;4.9;4.8;7.3;5.3;7.6;9.3;7.1;5;5.7;2.6;514;Supriya Sadanand Sule;Female;Nationalist Congress Party;76.6
Baramati;West Bengal;4.2;4.8;5;6.5;5.7;3.7;5.1;5.7;5.8;5.2;6.5;6.5;6.1;4.8;6.3;6.9;6.3;4.9;5.9;6.4;6.2;5.5;6.2;6.4;5.7;4.1;5;5.9;8.4;8.2;5.8;3.9;3.1;487;Kakoli Ghosh Dastidar;Female;All India Trinamool Congress;93.8
Barasat;Gujarat;1.1;4.4;10;4.4;4.4;1.2;4.3;9.2;4.7;2.2;4.6;7.7;4.3;2.4;4.3;7.6;4.6;2.4;4.3;7.3;4.3;2.5;4.6;7;3.8;1.7;4.3;8.1;3.9;4.5;4.7;2.2;2.9;509;Tushar Amarsinh Chaudhary;Male;Indian National Congress;66.3
Bardoli;UP;3.9;4.4;3.5;3.9;3.9;3.7;3.8;3.8;4.9;3.8;3.8;4.3;4.4;3.9;4.5;3.6;4;3.8;3.5;3.7;3.7;4.9;3.5;3.5;;;;;;;4;3.6;1.8;501;Praveen Singh. Aron;Male;Indian National Congress;29.4
Bareilly;Odisha;;;;;;4.1;3.9;4.3;4.7;4.6;4.5;4.5;4.7;4.6;4.6;4.5;4.2;4.3;4.4;4.4;4;4;3.9;3.8;6.4;5.2;4;6.9;6.2;5.7;4.7;3.4;2.4;520;Sanjay Bhoi;Male;Indian National Congress;66.3
Bargarh;Rajasthan;;;;;;2.8;3.5;3.7;3.6;3.9;3.9;3.8;3.6;3.9;3.8;3.6;4;3.6;3.5;3.4;3.7;3.4;3.3;3.1;;2.6;3.5;3.2;3.4;4;3.5;3.7;1.6;470;Harish Choudhary;Male;Indian National Congress;15.2
Barmer;Gujarat;1.4;4.1;7.4;4.7;3;1.4;4;8.3;4.8;2.6;3.4;6.6;4.9;2.7;3.9;6.3;4.9;3.1;4.1;5.5;4.5;3;3.7;4.2;4.3;;;;;;4.3;4.2;1.9;411;Balkrishna Khanderao Shukla;Male;Bharatiya Janata Party;41.1
Vadodara;Assam;5.7;4.2;4;5;5.2;3.3;3.1;4;6.2;6.2;4.4;5.6;6.6;7.2;5.4;4;3.9;4.1;4.2;3.9;4.3;5.6;3.9;4;3.6;3.8;3.5;3.3;3.4;9.1;4.7;4.2;2.9;484;Ismail Hussain;Male;Indian National Congress;66.3
Barpeta;West Bengal;5.6;4.4;2.2;3.3;3.3;4.2;4.4;4.9;5.7;6.6;6.8;6.2;6.1;5.4;5.7;6.2;6.4;6.6;6.2;5.8;5.9;5.3;5.7;5.5;5.3;4.1;4.4;6.5;7.8;7.7;5.5;4;3;496;Dinesh Trivedi;Male;All India Trinamool Congress;89.1
Barakpur;West Bengal;4;3.7;4.4;5.5;5.3;2.2;3.8;5.7;4.5;3.3;3.8;4.9;4.5;4.1;4.1;5;4.4;3.8;4.4;4.9;4.5;4.4;4.6;4.6;4.1;1.6;4.1;7.5;4.6;2.1;4.3;3.7;2.7;500;Sk. Nurul Islam;Male;All India Trinamool Congress;41.1
Basirhat;Chhattisgarh;6.7;6.7;5.7;6.7;6;6.4;6.1;5.9;6.6;5.9;5.7;5.9;5.9;5.9;5.8;5.8;5.5;6.2;5.5;5.8;5.6;6.3;5.6;5.8;5.6;7.5;5.8;5.4;6.2;5.8;6;3.5;2.2;423;Dinesh Kashyap;Male;Bharatiya Janata Party;95.9
Bastar;UP;4.1;4.3;4.3;3.1;4.1;2.4;4.1;4.2;4.6;2.9;4.5;3;3.4;2.4;3.7;3.1;2.5;3.5;3.7;2.6;2.5;4.1;3.4;2.7;;;;;;;3.5;4;3;501;Arvind Kumar Chaudhary;Male;Bahujan Samaj Party;15.2
Basti;Punjab;;;;;;2.4;2;2.6;2.6;2.4;2.3;2.3;2.8;2.6;2.5;2.4;2.2;2.5;2;2.1;2;2.6;2.1;1.9;;3.2;2.7;3.2;2.8;4.2;2.5;4;2.3;490;Harsimrat Kaur Badal;Female;Shiromani Akali Dal;3.3
Bathinda;Maharashtra;4.4;4.7;4.6;4.7;5;5.1;4.7;5.1;5.5;5.5;5.3;5.1;5.2;5.2;5.4;5.1;4.9;5.1;4.8;5.3;5.1;4.9;4.9;5.6;4.3;5.4;5;4.8;5.1;8.4;5.1;4.5;2.9;497;Gopinath Pandurang Munde;Male;Bharatiya Janata Party;80.1
Beed;Bihar;3.6;3.5;3.4;3.4;3.8;3;3.5;3.5;3.8;3.6;3.6;3.8;3.7;3.7;3.5;3.8;3.8;3.5;3.9;3.6;3.7;3.7;3.5;2.9;;;;;;;3.6;3.8;2.6;513;Monazir Hassan;Male;Janata Dal (United);17.9
Begusarai;Karnataka;4.5;4.6;5;4.8;4.7;4.5;4.7;5.2;4.7;4.9;4.9;5.2;5.1;5.1;5;5.2;5;4.6;4.5;5;4.9;5;5.1;5.1;4.9;4.1;4.6;4.2;4;6.8;4.9;3.9;3.5;515;Suresh Chanabasappa Angadi;Male;Bharatiya Janata Party;72.9
BELAGAUM;Karnataka;4.1;4.4;4.6;5;5;4;4.6;4.8;4.7;5;4.9;5.1;4.8;5.1;5.1;4.9;4.5;4.7;4.6;5;4.7;4.4;4.8;4.5;4.8;2.9;3.6;4.1;3.6;5.5;4.6;4.2;3.1;511;J. Shantha;Female;Bharatiya Janata Party;61.2
BELLARY;Odisha;3.5;3.8;4;3.9;3.7;3.6;4;4.1;4.4;4.1;4.2;4.3;4.4;4.3;4.2;4.2;4.1;4.2;4.1;4.2;4.1;3.9;3.9;3.9;;;;;;;4.1;3.9;2.5;520;Sidhant Mohapatra;Male;Biju Janata Dal;33.7
Berhampur;MP;2.4;2.2;2;2.4;2.3;1.7;2.6;3.2;2.6;2.9;2.6;2.8;3.3;3;3.9;2.6;2.7;3;2.6;2.8;2.5;3.1;2.4;1.6;;;;;;;2.6;3.3;2.5;535;Jyoti Dhurve;Female;Bharatiya Janata Party;3.9
Betul;UP;2.8;2.2;3;2.6;2.6;2.4;2.4;2.7;3.7;3.7;3.2;2.1;3.7;4.2;3.1;2.8;2.5;3.1;2.8;2.7;3.2;2.4;2.7;3.1;;;;;;;2.9;4.1;3.4;529;Gorakh Nath Pandey;Male;Bahujan Samaj Party;7.6
"Sant Ravi Das Nagar (Bhadohi)";Odisha;4.8;4.1;3.5;4.1;4.3;5.3;4.4;3.5;3.8;4.1;3.9;3.8;4.2;4.5;4.2;3.8;3.6;3.6;3.2;3.5;3.5;3.5;3.6;3.4;;;;;;;3.9;3.2;2.4;520;Arjun Charan Sethi;Male;Biju Janata Dal;25.1
Bhadrak;Bihar;3.7;3.6;3.6;3.6;3.9;3.1;3.6;3.6;3.8;3.6;3.6;3.8;3.7;3.7;3.6;3.8;3.8;3.5;3.9;3.6;3.8;3.7;3.6;3;;;;;;;3.6;4.1;2.3;574;Syed Shahnawaz Hussain;Male;Bharatiya Janata Party;17.9
Bhagalpur;Maharashtra;2.9;3;2.9;3;3.1;3.3;3.3;3.3;3.3;3.4;3.4;3.3;3.3;3.3;3.4;3.4;3.4;3.4;3.4;3.4;3.4;3.4;3.4;3.4;3.4;3.9;3.9;3.9;3.9;3.9;3.4;2.4;3.2;367;Praful Manoharbhai Patel;Male;Nationalist Congress Party;12.9
Bhandara-Gondiya;Rajasthan;3.7;3.6;3.5;3.5;3.5;3.4;3.4;3.5;3.8;3.7;3.6;3.6;3.7;3.8;3.8;3.5;3.4;3.4;3.3;3.4;3.4;4;3.3;2.4;;;;;;;3.5;4.7;2.5;501;Ratan Singh;Male;Indian National Congress;15.2
Bharatpur;Gujarat;1.6;3.9;7.4;4.7;4.1;1.9;4.1;7.6;5.3;3.8;4;5.5;4.9;3.8;4.4;5.8;5.3;3.9;4.2;5.3;4.9;4.1;4.5;5.8;4.9;1.4;4.1;9.2;3.5;5.3;4.6;4.4;3.3;481;Rajendrasinh (Raju Rana) Rana;Male;Bharatiya Janata Party;61.2
Bhavnagar;Rajasthan;;;;;;4.1;4.7;5;6.3;5.5;4.9;5.1;5.5;5.1;5.8;5.2;5;5.5;5.6;5.3;5;5.2;4.6;4.2;;5;5;6.1;4.3;4.5;5.1;3.9;2.7;498;C. P. Joshi;Male;Indian National Congress;80.1
Bhilwara;MP;3.2;3.6;3.4;3.6;3.4;3.2;3.8;3.5;3.9;3.6;3.8;3.8;3.8;3.9;3.8;3.5;3.6;3.6;3.6;3.7;3.9;3.7;3.4;3.2;3.3;;;;;;3.6;3.8;2.6;478;Ashok Argal;Male;Bharatiya Janata Party;17.9
Bhind;Maharashtra;2.9;4.2;4;3.8;3.8;3.3;3.5;3.7;4.1;4.2;3.8;3.8;3.8;3.9;4;3.9;3.7;3.7;3.7;3.7;3.9;3.8;3.7;4;3.7;5.8;3.2;2.8;3.4;9.3;4;3.8;3.5;504;Suresh Kashinath Taware;Male;Indian National Congress;29.4
Bhiwandi;Haryana;3.6;3.8;4;4.1;3.4;4.4;3.9;4.8;4.5;4.3;4.2;4.3;4.1;4.3;4.3;4;4.1;4;4.2;4.2;4.1;4.3;4.2;3.4;3.8;;;;;;4.1;3.8;2.9;511;Shruti Choudhry;Female;Indian National Congress;33.7
Bhiwani-Mahendragarh;Andhra Pradesh;3.1;2.8;2.9;2.9;2.8;3.7;3.7;3.5;3;3.5;3.6;3.7;3.6;3.5;3.5;3.4;3.5;3.5;3.5;3.6;3.6;3.6;3.7;3.8;3.7;3.5;3.7;4;3.9;4.8;3.5;4;2.7;500;Komatireddy Raj Gopal Reddy;Male;Indian National Congress;15.2
Bhongir;MP;2.3;2.4;2.3;2.4;2.4;2.1;2.9;3.3;3;3.2;3;3.1;3.1;3;3.2;3;3;3;3;3.1;3.1;3.1;2.9;2.3;;;;;;;2.8;3.4;2.4;511;Kailash Joshi;Male;Bharatiya Janata Party;5.5
Bhopal;Odisha;7.6;6.8;5.2;4.9;5.1;6.5;6.6;8.2;8.2;8.2;7.9;8.2;8.3;8.2;8;7.3;6.7;7;6.6;6.8;6.3;7.6;5.1;6.9;;;;;;;7;3.9;3;520;(Prof.) Prasanna Kumar Patasani;Male;Biju Janata Dal;99.2
Bhubaneswar;Karnataka;3.9;5.5;4.6;5.1;5;3.9;5.8;4.4;5.3;4.9;5.4;4.9;5.4;5.2;5.6;5.1;5.6;5.3;5.9;5.2;5.7;5.5;6.1;5.6;6;4.2;6.3;5.4;6.1;5.9;5.3;3.7;4.2;419;N.Dharam Singh;Male;Indian National Congress;84.6
BIDAR;Karnataka;4.8;4.9;4.1;3.9;4.5;4.8;4.2;4.2;5.1;4.8;4.3;4.4;4.6;5.1;5.2;4.6;4.4;4.5;4.9;4.9;5.1;4.5;4.2;4.8;4.2;2.9;3.5;3.4;3.9;4.4;4.4;4;2.6;498;Ramesh Chandappa Jigajinagi;Male;Bharatiya Janata Party;47.2
BIJAPUR;UP;;;;;;3.8;3.8;3.7;4.1;4.4;3.7;4.3;3.9;4;3.9;3.6;3.2;3.8;3.6;3.6;3.5;4.3;3.4;3.4;3.3;4;2.6;3.5;4.8;3.5;3.7;3.9;2.7;520;Sanjay Singh Chauhan;Male;Rashtriya Lok Dal;20.1
Bijnor;Rajasthan;;;;;;3;3.3;3.5;3.9;3.6;3.6;3.9;3.9;3.9;3.7;3.5;3.5;3.7;3.5;3.6;3.5;3.7;3.4;3.3;;3.5;3.7;3.7;3.6;4.1;3.6;3.8;1.9;477;Arjun Ram Meghwal;Male;Bharatiya Janata Party;17.9
Bikaner;Chhattisgarh;2.5;3.5;6.2;4.2;3.4;2.9;3.8;5.3;4.3;3.5;4.3;5.6;4.8;3.8;4.2;4.6;3.7;3.4;3.9;4.7;4.2;4.1;4.2;4.6;4.4;5.8;5.4;4.1;5.7;6.7;4.4;3.9;2.4;507;Vacant;;Vacant;47.2
Bilaspur;Odisha;4.5;4.5;4.4;4.1;4.4;4;4.5;4.2;4.2;4.4;4.6;4.5;4.4;4.2;4.4;4.4;4.4;4.5;4.4;4.5;4.4;4.3;4.4;4.5;;;;;;;4.4;3.4;2.2;520;Kalikesh Narayan Singh Deo;Male;Biju Janata Dal;47.2
Bolangir;Gujarat;1.5;3.3;5.5;5.5;3.2;3;4.2;6.5;4.4;3.5;4.9;4.9;4.6;4;4;5;5;4;4.4;5.2;4.8;4.3;4.6;5.6;5.3;2.3;4;6.7;5.1;5.1;4.5;4.1;2.6;468;Mansukhbhai D. Vasava;Male;Bharatiya Janata Party;55.4
Bharuch;UP;;;;;;3;3.2;3.4;3.6;3.5;3.4;3.5;3.7;3.5;3.6;3.2;3.1;3.2;3.4;3.3;3.4;4;3.2;3.1;3.2;4.1;3.5;3.3;3.6;8.7;3.6;3.9;2.3;483;Kamlesh Balmiki;Male;Samajwadi Party;17.9
Bulandshahr;Maharashtra;3.5;3.5;3.4;3.4;3.5;3.8;3.8;3.9;4.4;4.4;4.3;4.3;4.3;4.4;4.3;4.4;4.2;4.2;4.1;4;4;4.1;4.1;4;3.6;3.1;4.1;3.7;3.4;4.8;4;1.7;2.6;505;Prataprao Ganpatrao Jadhav;Male;Shiv Sena;29.4
Buldhana;West Bengal;3.2;4.9;8;7;6.5;3.7;4.7;6;6.7;6.7;6.4;5.6;5.8;5.5;6.1;7;6.6;6.3;5.7;5.2;5.6;5.4;5.8;5.9;6.1;4.3;4.9;6.3;6.4;7.8;5.9;3.8;2.9;300;Anup Kumar Saha;Male;Communist Party of India (Marxist);94.9
Barddhaman - Durgapur;Bihar;;;;;;2.9;4.3;4.2;4.8;4.5;4.8;4.6;5.2;4.6;5.2;4.2;3.8;3.8;4.4;4;4.3;4.2;4.7;4;;3.4;4.8;4.6;3.7;6.9;4.4;3.5;2.3;499;Jagadanand Singh;Male;Communist Party of India (Marxist);47.2
Buxar;West Bengal;;;;;;4.2;4.5;5;5.2;5.3;6.5;7.4;7.7;7;6.4;6.1;5.8;5.7;6.2;6.8;7;6.3;5.8;5.9;5.5;4.2;4.7;5.3;7.7;8.4;6;2;4;480;Subrata Bakshi;Male;All India Trinamool Congress;95.9
Kolkata Dakshin;Kerala;5.8;4.9;4.9;5.2;5.2;5.2;5.4;5.2;5.6;5.8;5.6;5.5;5.4;5.6;5.5;5.5;5.3;5.2;5.5;5.5;5.6;5.5;5.4;5.5;5.3;6.4;6.4;6;6.1;8.2;5.6;5;5.1;503;K. P. Dhanapalan;Male;Indian National Congress;90.6
Chalakudy;Karnataka;7.9;7.7;7.7;7.9;7.7;8.2;9.4;6.9;7.1;6.9;7.7;8;8.6;7.5;8.4;7.9;8.1;7.7;6.4;7.8;7.8;8.1;7.1;8;8.1;2.9;4.3;2.8;3.1;2.9;7;4.4;2.3;515;Rangaswamy Dhruvanarayana;Male;Indian National Congress;99.2
CHAMARAJANAGAR;UP;;;;;;5.4;4.2;4.2;4.8;4.4;4.5;4.6;4.6;4.4;4.5;4.2;5.1;4.4;4.6;4.5;4.5;4.5;4.7;4.3;;;;;;;4.5;3.8;3.3;525;Ramkishun;Male;Samajwadi Party;55.4
Chandauli;Chandigarh;;;;;;2.1;1.8;2.7;2;2.4;2.2;2.2;2.5;2.4;2.4;2.3;2;2.6;2.1;2.1;2.1;2.6;2.2;1.6;;2.9;1.7;2.4;2.6;2.8;2.3;3.6;2.2;508;Pawan Kumar Bansal;Male;Indian National Congress;1.4
Chandigarh;Delhi;;;;;;5.3;5.8;4.8;7.4;6.8;6.5;7;6.7;7;7.4;6.3;6.5;6.1;4.6;5.9;6.5;5.1;4.5;6.2;;;;;;;6.1;4.3;3.9;438;Kapil Sibal;Male;Indian National Congress;96.9
Chandni Chowk;Maharashtra;4.3;6.6;6.1;6.1;5.7;4.6;6.4;6;6.4;5.9;6;6;6.1;6.1;6.1;6;6.1;6;6;6.1;6;6.1;5.9;5.6;4.7;;;;;1.1;5.7;2.5;3.1;472;Hansraj Gangaram Ahir;Male;Bharatiya Janata Party;92.0
Chandrapur;Jharkhand;4.1;4.9;5;5;4.3;2.9;5.1;5.1;5;4.6;4.8;4.6;4.7;4.5;4.7;4.6;4.7;4.6;4.9;4.7;4.9;4.6;4.7;4.4;;;;;;;4.6;3.4;1.7;468;Inder Singh Namdhari;Male;Independent;61.2
Chatra;Andhra Pradesh;4.8;5;5.1;5;5.2;5.6;5.8;5.9;5.9;6;5.9;5.9;5.9;6;5.9;5.8;5.7;5.8;5.7;5.5;5.5;5.4;5.6;5.5;5.8;6.1;6.3;6.2;6.1;8.6;5.8;3.8;3;514;Jaipal Sudini Reddy;Male;Indian National Congress;93.8
Chevella;Gujarat;1.4;3.7;7.6;5.4;3.3;1.8;3.8;7.7;5.1;2.3;3.7;6.7;5.1;2.6;3.6;6;5.2;3.2;3.5;5.3;5.3;3.4;3.5;4.6;5.3;2.6;3.9;5;4.9;3.7;4.3;3;2.6;499;Ramsinh Patalyabhai Rathwa;Male;Bharatiya Janata Party;41.1
Chhindwara;Tamil Nadu;3;3.6;3.8;3.6;3.3;3.6;4.6;5;4.9;5.4;5;4.9;4.3;4.6;4.4;4.5;4.8;4.8;4.6;4.7;4.2;4.5;4.6;4.8;3.6;3.3;4.8;5;4.7;5.4;4.4;4.3;3.4;515;Thirumaa Valavan Thol;Male;Viduthalai Chiruthaigal Katchi;47.2
Chhota Udaipur;Karnataka;4.6;6.7;5.4;5.9;5.1;4.1;3.5;3.7;4.1;4.2;4.3;4.2;3.9;3.9;4;3.5;3.8;3.9;3.1;3.5;4.3;3.4;3.5;3.5;4.1;4.4;5.5;5.4;5.8;4.5;4.3;4.6;3.5;463;M. Veerappa Moily;Male;Indian National Congress;41.1
Chidambaram;Karnataka;2.1;3.6;4.1;3.9;3.8;3;3.6;3.7;3.7;3.6;4;3.8;3.8;3.6;3.8;3.7;3.6;3.7;3.8;3.7;3.5;3.8;3.8;3.8;3.7;3.2;3.6;3.6;3.9;8.8;3.8;4;3.2;495;Ramesh Vishwanath Katti;Male;Bharatiya Janata Party;22.6
CHIKKABALLAPUR;Andhra Pradesh;4.1;4.9;2.4;4.3;5.8;3.2;2.4;5.4;5.5;5.6;4.3;5;4.4;5.6;4.6;3.6;3.1;3.2;5.8;3.3;4.4;6.2;4.7;3;3.3;4.4;1.1;4.4;4.4;4.4;4.2;3.9;2.3;497;Naramalli Sivaprasad;Male;Telugu Desam Party;36.8
CHIKKODI;Rajasthan;;;;;;4.8;4.3;3.9;4.3;4;4.5;4.1;4.2;4.2;4.1;4.1;4.2;4.1;4.1;4.3;4.2;4.3;3.9;3.8;;4.3;4;3.6;4;2.9;4.1;3.7;2.4;510;Girija Vyas;Female;Indian National Congress;33.7
Chittoor;Karnataka;3.8;4.9;4.5;4.6;4.3;4.7;5.2;5.4;4.4;4;4.5;4.6;4.7;4.9;5.1;4.6;4.2;4.5;4.7;4.4;4;4.4;5.1;4.3;3.4;4.2;4.6;3.9;4.8;4.2;4.5;4.3;3.7;512;Janardhana Swamy;Male;Bharatiya Janata Party;55.4
Chittorgarh;Rajasthan;;;;;;4.5;4.1;4.9;4.6;4.3;4.3;4.5;3.7;4.2;4.2;4.2;4;4.1;4.3;3.8;3.6;5.1;4.1;5.6;;4.5;2.9;4.2;6.9;5.4;4.4;3.9;2.3;467;Ram Singh Kaswan;Male;Bharatiya Janata Party;47.2
CHIYTRADURGA;Tamil Nadu;2.8;4.2;3.2;3.8;3;2.3;2.7;2.5;2.8;2.5;2.8;2.6;2.7;2.6;2.9;2.5;2.8;2.5;2.8;2.6;2.8;2.6;2.7;2.6;2.9;2.4;2.9;2.6;2.5;2.4;2.8;4.5;4.8;509;P.R. Natarajan;Male;Communist Party of India (Marxist);5.5
Churu;Tamil Nadu;3;3.6;3.8;3.9;4.6;2.5;5;2.6;3.6;3.9;3.9;3;4.2;3.2;3.9;3.8;3.4;4.2;3.7;3.4;3.5;3.4;2.3;1.5;1.1;4.8;3.6;2.3;6.7;7.6;3.7;3;3.1;503;Sambandam Keerapalayam Alagiri;Male;Indian National Congress;20.1
Coimbatore;Andhra Pradesh;1.9;5.4;3.7;5.5;7.9;3.4;2.9;6.4;6.4;6.5;4.9;4.9;3.9;4.9;6.2;4.7;4.5;5.9;6.4;4.3;5.3;7.3;7.8;6.1;4.5;;;;;;5.3;2.9;2.5;505;Y. S. Jagan Mohan Reddy;Male;Yuvajana Sramika Rythu Congress Party;84.6
Cuddalore;Odisha;;;;;;4.7;4.8;4.9;4.9;4.9;4.9;4.8;4.6;4.6;4.9;4.4;4;4.4;4.2;4.1;4.2;4.3;4.1;4.7;3.6;3.3;4;4.4;3.9;6;4.5;3.6;2.7;518;Bhartruhari Mahtab;Male;Biju Janata Dal;55.4
Kadapa;Dadra and Nagar Haveli;1.8;5.8;6.4;4.3;4.4;2.3;5;7.2;4.5;2.9;4.6;6;3.7;2.9;4.9;5.6;3.9;3.5;4.7;5.2;3.7;3.7;4.7;4.6;4.4;2.7;4.6;8.5;4.2;3.8;4.5;2.7;2.7;487;Natubhai Gomanbhai Patel;Male;Bharatiya Janata Party;55.4
Cuttack;Karnataka;7.2;5.4;7.4;5.5;6.8;6.6;6.1;6.6;5.3;7.2;5.9;5.9;6.4;7.4;7.2;6.7;5.8;5.7;6.8;7.1;6.3;6.8;6.3;6;5.7;6.7;5.6;7.6;5.9;6.3;6.4;4;3.5;515;Nalin Kumar Kateel;Male;Bharatiya Janata Party;98.2
Dadra & Nagar Haveli;Daman and Diu;1.1;4.4;10;4.4;4.4;1.2;4.2;9.2;4.8;2.8;4.4;7.8;4.2;2;4.6;7.5;4.8;2.6;4.4;6.7;3.9;2.4;4.6;5;4.5;1.6;4.1;8.2;4.8;3.1;4.6;4.3;3;506;Lalubhai Babubhai Patel;Male;Bharatiya Janata Party;61.2
DAKSHINA KANNADA;MP;;;;;;3.5;2.4;3.6;3.8;3.8;3.6;3.6;3.6;3.6;3.6;3.7;3.1;3.6;3.4;3.3;3;3.1;3.1;2.8;2.1;4.5;3.9;3.7;4;4.5;3.5;3.3;2.2;465;Shivraj Singh Lodhi;Male;Bharatiya Janata Party;15.2
Daman & Diu;Bihar;;;;;;3.8;4.5;4.1;4.3;4.3;4.5;4.6;4.8;4.8;4.6;4.3;4.2;4.1;4.3;4.2;4;4.2;4.1;4;;4.2;4.6;4.1;4.8;7;4.4;3.4;2.1;518;Kirti (Jha) Azad;Male;Bharatiya Janata Party;47.2
Damoh;Rajasthan;4.1;4.8;4.6;4.5;3.8;3.6;4.7;5.2;4.2;4.8;4.7;4.3;4.2;4.4;4.2;4.2;4.7;4.3;4.4;4.3;4.6;4.5;4.4;3.7;;;;;;;4.4;4;2.9;521;Vacant;;Vacant;47.2
Darbhanga;Karnataka;4.2;2.3;4.4;1.5;9.6;3.7;1.9;6.6;4.5;4.5;2.7;4.5;4.6;5.3;5.5;4.4;3.8;3.2;4;2.8;3.1;9.2;7.9;2.3;3.1;9.7;4.6;4.6;4.6;9.9;4.8;4;2.4;508;Gowdar Mallikarjunappa Siddeshwara;Male;Bharatiya Janata Party;69.6
Dausa;UP;4.5;6.3;5.6;4.9;4.3;3.9;6;4.9;5.1;5.4;5.1;4.2;4;5.6;5.3;5.1;5.9;5.7;5.1;5.3;5.1;4.1;4.3;4.4;;;;;;;5;3.7;2.1;461;Gorakh Prasad Jaiswal;Male;Bahujan Samaj Party;76.6
DAVANAGERE;MP;3.3;4.7;2.7;3.2;2.8;3.3;4.6;3.4;7.9;4.2;4.8;5.1;5.1;6.1;5.4;3.7;3.6;3.7;3.7;4.1;4.5;5.4;3.4;3.7;;;;;;;4.3;3.3;2.2;519;Sajjan Singh Verma;Male;Indian National Congress;41.1
Deoria;Jharkhand;;;;;;5.8;4.4;3.8;4;4;4.4;6.3;6.3;4.8;4.4;4.1;4;3.7;3.8;3.7;3.9;3.6;3.4;6.3;;;;;;;4.5;3.5;2;536;Pashupati Nath Singh;Male;Bharatiya Janata Party;55.4
Dewas;MP;;;;;;2.4;2.9;3.1;5.3;3.5;3.6;3.6;4.5;4.5;4.8;2.8;2.5;2.8;2.9;3.1;2.9;4.2;2.8;2.1;3.3;4.8;2.9;3.3;5;4;3.5;3.4;1.9;494;Gajendra Singh Rajukhedi;Male;Indian National Congress;15.2
Dhanbad;Tamil Nadu;1.8;3.5;3.6;3.4;3.8;3.5;2.9;4.5;4;3.9;4.1;4.6;4.6;4.6;4.2;4;4.1;4;4.1;4.3;3.6;3.9;4.2;4.3;4.2;3.5;4.6;4.5;4;4.8;4;4.6;3.7;506;R. Thamaraiselvan;Male;Dravida Munnetra Kazhagam;29.4
Dhar;Karnataka;4.7;3.5;3.4;3.4;5.7;4.5;4.7;3.4;6.4;3.8;6.2;5.4;4;5.3;5.7;3.9;4.8;5.1;3.8;5.6;6.2;5.9;3.7;4.8;4.4;4.2;5;7.5;4.8;4.6;4.8;4.9;2;515;Pralhad Venkatesh Joshi;Male;Bharatiya Janata Party;69.6
Dharmapuri;UP;;;;;;5;5.4;6.1;5.4;6.1;5.5;5.5;5.6;5.8;5.3;5.6;5.2;5.1;5.3;5.8;5.3;5.4;5.6;5.1;;5.1;6.5;5.8;6.1;7.3;5.6;3.6;2.6;420;Jitin Prasada;Male;Indian National Congress;90.6
DHARWAD;Odisha;3.3;4;4;3.9;4.1;3.9;4.5;4.3;4.4;4.4;4.5;4.5;4.3;4.4;4.3;4.4;4.4;4.3;4.1;4.4;4.2;4;4.1;4.1;;4.4;4.8;4.3;3.8;4;4.2;4.3;2.3;520;Tathagata Satpathy;Male;Biju Janata Dal;36.8
Dhaurahra;Assam;1.1;1.1;1.2;1.1;1.9;1.5;1.5;1.5;1.3;1.6;1.5;1.5;2.2;1.7;3.8;1.6;1.5;1.5;1.5;1.5;1.5;1.5;1.5;1.5;3;;;;;;1.6;3.4;2.6;147;Maulana Badruddin Ajmal;Male;All India United Democratic Front;0.0
Dhenkanal;Maharashtra;4.6;6;4.8;4.7;4.6;4.8;6.1;5.1;4.5;4.5;4.8;4.7;4.7;4.8;4.8;4.7;4.9;4.6;4.7;4.7;4.6;4.8;4.9;4.9;4.6;4.9;6.2;4.1;5;6.1;4.9;3.9;3.2;515;Sonawane Pratap Narayanrao;Male;Bharatiya Janata Party;72.9
Dhubri;West Bengal;1.6;4.2;7.9;4.9;4.4;2.3;4.7;7.3;5.1;4.3;5.5;6.4;5.5;5.2;5.4;6.1;5.8;5.5;5.5;5.7;5.7;5.5;5.5;5.6;5.2;3;5.2;5.6;6.3;6.2;5.2;3.7;2.1;475;Vacant;;Vacant;82.3
Dhule;Assam;5.4;2.7;3.2;3.3;4.8;3.9;2.9;3.4;5.1;6.7;6.9;4.6;4.6;5.5;2.8;3.8;3.5;3.4;3;4.1;7.7;5.4;3.6;4.3;4.1;4.5;4;4.2;3.3;10;4.5;4.8;3.9;171;Paban Singh Ghatowar;Male;Indian National Congress;55.4
Diamond Harbour;Tamil Nadu;6.7;7.4;6;5.3;6.6;5.9;4.7;5.7;6.5;7;6.6;7.5;7.8;7.9;7.6;6.7;6.1;6.1;6.3;6.4;6.3;5.9;6.1;6.3;3.8;7.7;5.3;6;6.3;8.6;6.4;4.5;3.2;499;N.S.V. Chitthan;Male;Indian National Congress;98.2
Dibrugarh;Maharashtra;6;4.8;4.6;4.9;5.5;6.8;5.4;4.7;4.5;5;5;5.3;5.4;5.7;5;5.1;5.5;5.4;5;5;5.2;5.5;5;4.7;4.8;7.9;5.1;3.9;4;6.1;5.2;4.2;4.1;502;Harischandra Deoram Chavan;Male;Bharatiya Janata Party;82.3
Dindigul;Gujarat;1.8;5.5;6.1;3.4;4.7;2;4;7.8;3.9;4.3;4.8;5.7;3.8;3.5;5.7;5.4;4.4;3.8;5.2;4.5;4.9;6.1;4.9;7.1;;10;;2.2;;;4.8;3.5;2.6;506;Prabha Kishor Taviad;Female;Indian National Congress;69.6
Dindori;UP;;;;;;4;4.1;4.1;4.4;5;5.2;4.3;4;4.4;4.1;4.3;4.2;4.2;4.3;4.2;4.1;4.1;4.1;3.8;;3.4;4.1;3.3;4.1;5.2;4.2;3.8;2.3;502;Jagdambika Pal;Male;Indian National Congress;36.8
Dohad;West Bengal;;;;;;2.9;4.3;6.2;5.5;5.3;5.3;5.5;5;4.3;4.9;5.8;5.5;4.7;5.2;5.6;5;4.3;4.7;5.2;5.5;2.6;4.2;4.4;6;6.4;5;3.9;3;499;Saugata Roy;Male;All India Trinamool Congress;76.6
Domariyaganj;Jharkhand;;;;;;3.6;3.5;2.7;2.6;2.6;2.6;2.7;2.7;2.7;2.5;2.6;2.6;2.6;2.6;2.6;2.6;2.7;2.6;2.6;;2.7;2.7;2.7;2.6;4.7;2.8;3.4;2.2;371;Shibu Soren;Male;Jharkhand Mukti Morcha;5.5
Dum Dum;Chhattisgarh;3.8;4.3;4.5;5.7;6.2;4.5;4.1;4.5;4.8;4.5;4.8;4.7;5.1;5.2;5.5;5.1;4.6;4.6;4.8;4.7;4.4;5;4.5;5;4.5;5.3;4.3;4;5.4;7.5;4.9;4.4;3.3;506;Saroj Pandey;Female;Bharatiya Janata Party;72.9
Dumka;Delhi;;;;;;4.5;4.5;5;5.2;5.1;5.2;5.1;5.1;4.9;5;4.9;4.6;4.4;4.8;4.7;4.7;4.8;4.2;4;;4.6;4.2;4.6;4.8;7.6;4.8;4.4;3.5;520;Sandeep Dikshit;Male;Indian National Congress;69.6
Durg;Andhra Pradesh;2.9;3.8;5.1;4.7;4;2.5;3.7;6.9;4.6;2.8;4;6.1;4.7;3.3;4.2;6.3;4.7;2.9;4.2;6.1;4.3;3;4.4;5.9;3.8;1.9;4;8.2;4.7;2.3;4.3;5.2;2.3;515;Kavuri Samba Siva Rao;Male;Indian National Congress;41.1
East Delhi;Kerala;2.8;2.2;2.8;2.8;2.8;7.2;7.4;7.4;7.2;7.3;7.1;7;7;7;6.9;6.8;6.8;6.6;6.5;6.5;6.5;6.6;6.3;6.7;6.6;5.9;5.8;5.8;6;8;6.1;2.7;4.5;506;Kuruppassery Varkey Thomas;Male;Indian National Congress;96.9
Eluru;Tamil Nadu;4.5;5.2;3.6;3.9;5.6;3.7;1.2;6.5;7.1;6.8;3.3;9.1;8.6;9.2;8;5;4.6;3.8;4;5.5;1.3;6;5.6;3.5;4.4;9.1;5.6;5.6;3.5;9.8;5.5;4.2;3.1;508;A. Ganeshamurthi;Male;Marumalarchi Dravida Munnetra Kazhagam;89.1
Ernakulam;UP;;;;;;1.8;3.8;3.7;3.8;3.7;3.7;3.9;3.9;3.9;3.7;3.5;3.7;3.7;3.7;3.6;3.6;3.8;3.6;3.4;;3.1;2.6;3.3;3.3;5.6;3.6;3.5;2.4;558;Vacant;;Vacant;17.9
Erode;UP;;;;;;2;3.6;3.1;3.1;3;3.2;2.9;3.3;3.2;3.3;3.2;3.3;3.2;3.4;3.1;3.3;3.1;3.3;2.7;;2.2;3.5;2.9;2.7;4.3;3.1;3.6;2.5;501;Premdas Katheria;Male;Samajwadi Party;8.8
Etah;UP;;;;;;5.9;4.9;6.2;4.9;5.6;5.4;5.7;5.5;5.6;5.3;5.4;5.3;5.5;5.2;5.3;5.1;5.1;4.9;4.4;;6.5;4.8;5.1;5;5.8;5.4;3.9;2.6;478;Nirmal Khatri;Male;Indian National Congress;87.1
Etawah;Haryana;3.8;3.8;3.4;3.7;3.6;3.3;3.3;4;3.9;3.8;3.7;3.7;3.7;3.9;3.7;3.6;3.5;3.5;3.5;3.7;3.5;3.6;3.6;3.7;;;;;;;3.6;3.8;2.3;512;Avtar Singh Bhadana;Male;Indian National Congress;17.9
Faizabad;Punjab;2.8;2.2;2.7;2.4;2.9;2.2;2.1;2.3;2;2.3;2.4;2.2;2.1;2;2.4;2.4;2.3;2.8;1.9;1.8;2.1;2.7;2.6;1.8;;;;;;;2.3;3.8;2.1;551;Paramjit Kaur Gulshan;Female;Shiromani Akali Dal;1.4
Faridabad;UP;2.9;3.9;3.1;3.3;3.2;1.2;3.8;3.3;3.1;3.3;3.6;3;3.5;3.1;3;2.8;3;2.7;3.1;2.9;2.9;2.8;2.7;2.4;4.4;2.3;4.1;2.6;2.4;4.4;3.1;3.8;2.5;501;Salman Khurshid;Male;Indian National Congress;8.8
Faridkot;Punjab;;;;;;2.4;2.1;2.6;2.5;2.8;2.9;2.4;2.4;2.6;2.7;2.5;2.3;2.9;2.5;2.2;2.3;2.7;2.7;2;;2.3;1.9;2.3;2.1;4.6;2.5;3.9;2.4;478;Sukhdev Singh Libra;Male;Indian National Congress;3.3
Farrukhabad;UP;3.8;4;3.8;4.2;4.1;4.8;4.6;4.6;5;4.9;4.8;4.8;4.6;4.8;4.8;4.6;4.4;4.6;4.6;4.6;4.6;4.7;4.4;4.2;3.7;;;;;;4.5;3.7;2.6;508;Rakesh Sachan;Male;Samajwadi Party;55.4
Fatehgarh Sahib;UP;;;;;;3.3;3.3;4;4.3;3.8;3.9;3.7;3.9;3.9;4.5;3.5;3.3;3.3;3.5;3.3;3.3;4.7;3.1;3.1;;3.8;4.2;3.8;3.7;7.7;3.9;3.7;2.1;503;Seema Upadhyay;Female;Bahujan Samaj Party;25.1
Fatehpur;Punjab;;;;;;2.1;2;2.9;2;2.5;1.9;1.9;2.3;2.2;1.9;2.5;1.9;2.4;2.2;2.2;2.1;2.7;2.3;1.7;;2.4;1.4;1.9;2.1;2.6;2.2;3.8;2.3;514;Sher Singh Ghubaya;Male;Shiromani Akali Dal;0.6
Fatehpur sikri;UP;3.3;3.6;3.8;4.1;3.5;2.1;4;4.2;4.2;4.3;4.1;4.1;4.1;4.1;4.1;3.6;3.7;3.9;4;3.8;4;3.9;3.9;3.6;7.9;;;;;;4;3.7;2.4;498;Raj Babbar;Male;Indian National Congress;29.4
Ferozpur;Maharashtra;4;6.3;5.5;6.4;5.7;4.7;6.9;5.9;6.8;6;6.2;5.8;6.6;6.3;6.7;6;6.2;5.9;6.2;6;6.4;6.2;6.4;6;5.9;6.3;3.7;6.5;5.1;6.4;6;2.8;3.8;501;Marotrao Sainuji Kowase;Male;Indian National Congress;95.9
Firozabad;Gujarat;1.4;4.4;7.7;4.1;2.3;1.3;4.5;8.6;4;2.3;5;7.4;4;2.7;4.6;6.9;4.3;2.8;4.1;6.8;4.3;3.3;4.7;6.5;3;1.9;4.3;6.8;4.2;3.2;4.4;4.9;3.8;506;Lal Krishna Advani;Male;Bharatiya Janata Party;47.2
Garhchiroli - Chimur;Rajasthan;;;;;;3.4;2.9;3.2;3.3;3.3;3.2;3.4;3.5;3.6;3.2;3.2;3.1;3.1;3;3;3;3;2.9;2.7;;4.1;3.4;3.2;3.1;6.9;3.4;3.9;2.2;484;Bharat Ram Meghwal;Male;Indian National Congress;12.9
Gandhinagar;Assam;5;4.3;5.2;5;4.6;5.5;3.9;4.7;5.5;5.3;5.3;5.3;5.6;5.5;5.3;5;3.7;3.7;4.7;4.8;4.2;5;4.8;5.5;3.8;3.5;3.6;2.4;2.4;4.4;4.6;4.2;3.2;497;Bijoya Chakravarty;Female;Bharatiya Janata Party;61.2
Ganganagar;UP;;;;;;3.8;4;4.2;4.2;4.2;4.2;4.2;4.4;4.4;4.6;3.9;3.8;3.8;4;3.9;4;4.4;3.8;3.7;;4.1;4.1;4;4.7;8.3;4.3;4.3;2.5;475;Surendra Singh Nagar;Male;Bahujan Samaj Party;41.1
"Guwahati";Bihar;;;;;;4.8;4.6;4.6;4.5;4.4;4.8;4.7;4.5;4.8;4.6;4.7;4.4;4.6;4.7;4.7;4.7;4.6;4.7;4.8;;;;;;;4.6;4;2.8;522;Hari Manjhi;Male;Bharatiya Janata Party;61.2
Gautam buddh Nagar;UP;4.6;4.2;4.6;4.3;4.7;4.4;4.1;4.7;4.4;4.2;4.5;4.3;4.3;4.5;4.4;4.2;3.6;3.7;4.4;4.4;4.4;4.2;3.9;4.3;;4.4;4.6;4.9;4.3;9.1;4.5;3.9;2.6;511;Rajnath Singh;Male;Bharatiya Janata Party;55.4
Gaya;UP;;;;;;4.7;3.7;4.6;5.3;4.9;4.1;5.1;4.9;4.6;5.1;4.6;4.2;4.4;4.6;4.4;4.3;5.5;4.1;4.5;;5.8;4.5;4.5;5.9;6.6;4.8;3.8;3.1;512;Radhe Mohan Singh;Male;Samajwadi Party;69.6
Ghaziabad;UP;;;;;;3.9;3.9;4;4.3;5.2;5;4;3.9;4.2;3.9;4.1;3.9;3.9;4.5;4.4;4.1;4.1;4.4;3.8;;4.4;3.8;3.5;3.7;5.9;4.2;3.6;2.3;501;Dara Singh Chauhan;Male;Bahujan Samaj Party;36.8
Ghazipur;Jharkhand;;;;;;3.8;4.4;4.6;4.7;4.5;4.5;4.4;4.3;4.3;4.5;4.3;4.4;4.3;4.3;4.3;4.4;4.5;4.2;4;;4.3;4.8;5;4.9;5.5;4.5;3.7;2.2;503;Ravindra Kumar Pandey;Male;Bharatiya Janata Party;55.4
Ghosi;Jharkhand;6.5;5.8;5.8;5.9;6;6.2;6.2;6;6;6.3;6.3;5.9;4.8;5;4.9;3.6;3.3;3.5;3.2;3.8;3.8;3.7;3.5;3.5;;;;;;;5;3.6;2;521;Nishikant Dubey;Male;Bharatiya Janata Party;76.6
Giridih;UP;4.4;4.9;4;4.1;4;2.9;3.9;4.3;4.2;3.5;4.1;2.9;3.4;3;3.5;3.1;2.2;3.2;3.2;2.6;2.2;4.4;3.5;3.3;;;;;;;3.5;4;2.9;499;Beni Prasad Verma;Male;Indian National Congress;15.2
Godda;Bihar;;;;;;4;3.8;4;4.2;4.4;4.6;4.1;4;4.2;3.8;3.9;4.1;4.2;4;4;4.1;4.4;4;4;;4.5;3.5;4.3;4.5;5.6;4.2;3.4;1.9;501;Purnmasi Ram;Male;Janata Dal (United);36.8
Gonda;UP;4.2;4.3;4;4;4.3;4.7;4.5;4;4.5;5.8;5.6;4.6;4.2;4.6;4.2;4.1;4.2;4.1;4.5;4.3;4.5;4.1;3.9;4.3;5.6;;;;;;4.5;3.9;2.5;507;Yogi Adityanath;Male;Bharatiya Janata Party;55.4
Gopalganj;Karnataka;4.1;5.7;4.1;4.1;3.4;4;4.6;4.3;4;3.9;4.2;4.2;4;4.2;4.1;3.9;3.8;3.8;4;4.1;3.8;4;4;3.9;1.9;4.1;4.8;4.4;4.2;4.2;4.1;2.8;4;499;Mallikarjun Kharge;Male;Indian National Congress;33.7
Gorakhpur;MP;3.2;4.1;3.2;3.9;3.2;3.4;4.4;4;5;4.7;4.5;4.8;4.8;5.1;4.7;3.9;4;4.1;4.1;4.4;5;4.3;3.6;3.4;3.3;;;;;;4.1;3.5;2.1;479;Jyotiraditya Madhavrao Scindia;Male;Indian National Congress;33.7
GULBARGA;Andhra Pradesh;1.4;4.4;8.3;4.7;2.2;1.6;4.3;7.5;4.6;2.6;4.3;6.8;4.6;2.8;4.4;6.5;4.5;3;4.5;6.4;4.5;3;4.5;6.3;4.4;2;4.4;7.2;4.5;5.1;4.5;5.1;2.8;499;Rayapati Sambasiva Rao;Male;Indian National Congress;55.4
Guna;Punjab;;;;;;2.4;1.9;2.9;2.2;2.5;2.1;2.5;2.7;2.2;2.1;2.6;2.3;2.7;2.2;2.3;2.2;2.8;2.4;1.9;;5.4;2.4;2.6;3.4;4.3;2.6;3.8;2.4;480;Sardar Partap Singh Bajwa;Male;Indian National Congress;3.9
Guntur;Haryana;;;;;;3.9;3.6;3.7;3.8;3.6;3.3;3.5;3.4;3.5;3.6;3.4;3.4;3.7;3.6;3.6;3.5;3.6;3.4;3.7;;4;3.6;3.7;3.8;4.8;3.7;3.8;2.5;487;Inderjit Singh Rao;Male;Indian National Congress;20.1
Gurdaspur;MP;3.1;2.7;2.9;2.4;2.4;2.8;2.2;3.3;2.7;3;2.8;2.9;3.1;2.8;2.9;2.9;2.6;3.1;2.8;2.6;2.4;2.7;3;2.7;;;;;;;2.8;3.5;2.2;484;Vacant;;Vacant;5.5
Gurgaon;Bihar;;;;;;3.4;3.6;3.6;3.6;3.7;3.7;3.8;3.9;4;4;3.8;3.7;3.5;3.7;3.6;3.8;3.7;3.6;3.5;;3.6;3.6;3.4;3.5;8.8;3.9;3.5;2.3;531;Ram Sundar Das;Male;Janata Dal (United);25.1
Gwalior;UP;4.6;5.4;5.9;5.9;5.7;3.5;4.5;4.7;4.5;5.2;5.1;5.1;4.9;5.1;5;4.8;4.5;4.6;4.5;4.9;4.8;5;4.4;4;;3.8;2.1;3.4;3.4;5.4;4.6;3.8;3;1023;Vijay Bahadur Singh;Male;Bahujan Samaj Party;61.2
Hajipur;UP;2.8;3.9;3.3;3.1;3.1;1.5;3.9;3.8;2.9;3.1;3.7;3;3.1;3.5;3.2;2.9;3.2;3.1;3;3.1;2.8;3;3;2.7;;;;;;;3.1;3.7;2.2;503;Usha Verma;Female;Samajwadi Party;8.8
Hamirpur;Uttarakhand;6.4;6.2;6.3;6.3;6.2;4.8;5.3;5;5.3;4.9;5.1;4.9;4.9;5.3;5.1;5.3;4.8;4.9;5.3;5.3;5.4;4.9;5.4;5.3;;;;;;;5.4;4.2;3.5;520;Harish Rawat;Male;Indian National Congress;87.1
Hardoi;Karnataka;3.7;3.1;3;3.6;3.4;4.4;3.5;3.5;3.6;4.4;4.1;4.7;4.8;4.6;3.9;4.5;3.8;4.2;4.1;3.8;3.8;4.2;4;4.5;4.2;3.6;3.6;3.7;4.1;4.9;4;4.3;3.1;497;H.D. Devegowda;Male;Janata Dal (Secular);29.4
Hardwar;UP;4;4.9;3.4;3.8;4.7;4.1;4.5;4.5;6.7;5.2;4.3;5.2;5.8;5.3;5.9;4;3.9;4.2;4.7;4.3;4.7;7.3;3.8;3.8;;;;;;;4.7;3.8;2.5;501;Sarika Devendra Singh Baghel;Female;Rashtriya Lok Dal;66.3
HASSAN;Maharashtra;5.8;6.2;7.2;5.9;5.4;6.1;5.7;5.9;6.1;5.8;5.7;5.3;5.3;5.5;5.2;5.2;5;5.2;5.3;5.3;5.5;5.2;4.8;5.5;10;5.2;4.2;4.2;3.9;7.2;5.6;5.5;4.4;515;Raju alias Devappa Anna Shetti;Male;Swabhimani Paksha;90.6
Hathras;Karnataka;2.9;3.9;4.7;5.4;6.7;2.8;3.4;4.5;5.1;5.1;5.5;6.3;7.1;7.2;7.7;6.4;6.3;5.9;5.3;5.3;4.9;5.7;5;5.1;3.5;4.5;6.5;7;7.8;8;5.5;4.2;2.7;502;Shivkumar Chanabasappa Udasi;Male;Bharatiya Janata Party;89.1
Hatkanangle;Jharkhand;3.9;3.6;3.2;3.2;3;3.5;3.2;3.3;3.5;3.3;3.4;3.5;3.8;3.6;3.7;3.3;3.4;3.2;3.2;3.2;3.3;3.4;3.4;3.7;;;;;;;3.4;3.4;2;496;Yashwant Sinha;Male;Bharatiya Janata Party;12.9
HAVERI;Andhra Pradesh;3.2;3.3;3.1;2.9;2.8;4.8;4.9;4.8;4.3;4.5;4.6;4.3;4;4;3.9;4.2;4.5;4.6;4.7;4.5;4.6;4.3;4.5;4.6;4.6;6.4;6.3;7.2;7.1;7.6;4.6;2.4;3.6;505;Kristappa Nimmala;Male;Telugu Desam Party;61.2
Hazaribagh;Maharashtra;6.2;5.2;5;5.9;5.1;6.2;5.8;5.6;5.7;6;5.9;6;5.8;5.9;6;5.9;5.9;6;6.1;6.2;6.3;6.4;6.5;6.8;6.6;5.9;5.8;5;5.6;7.8;6;4.8;4;502;Subhash Bapurao Wankhede;Male;Shiv Sena;95.9
Hindupur;Haryana;3.7;3.6;3.3;3.2;3.3;3.1;2.9;4.2;3.4;3.5;3.7;3.8;4.1;4;4.4;3.4;3.3;3.2;3.2;3.3;3.3;3.7;3.2;2.3;2;;;;;;3.4;3.8;2.7;521;Kuldeep Bishnoi;Male;Haryana Janhit Congress (BL);12.9
Hingoli;West Bengal;1.8;3.7;5.4;4.7;3.6;1.9;3.3;5.5;4.1;4;3.7;4.1;4.5;4.1;4;4.5;4.2;3.3;3.7;4.3;3.8;3.6;3.9;4.2;4.3;1.6;4.1;4.3;5;3.8;3.9;3.6;2.2;499;Ratna De(Nag);Female;All India Trinamool Congress;25.1
Hisar;MP;2;2;2.2;1.9;2;1.6;1.8;3.1;2.4;2.8;2.5;2.3;2.1;2.1;2.1;3.2;2.1;1.8;2.5;2.4;2;2.2;3;1.4;;;;;;;2.2;3.4;2.1;491;Vacant;;Vacant;0.6
Hugli;Punjab;;;;;;2.6;2.4;2.9;2.5;2.6;2.5;2.5;2.6;2.6;2.6;2.4;2.4;2.6;2.6;2.5;2.5;2.6;2.5;2.5;;2.7;2.4;2.5;2.6;5.8;2.7;4.1;2.9;476;Santosh Chowdhary;Female;Indian National Congress;4.7
Hoshangabad;West Bengal;1.6;4.3;6.3;4.1;3.1;1.6;4.3;6.8;4.4;2.8;4.2;5.8;4.1;3;4.2;5.1;4.2;3.1;4.1;5;4;3.4;4.3;4.3;4.6;1.5;4.4;7.3;4.4;3;4.1;3.8;2.5;498;Prasun Banerjee;Male;All India Trinamool Congress;33.7
Hoshiarpur;Andhra Pradesh;1.1;3.3;2.8;4.4;2.8;2.3;3.3;4.1;3.9;3.9;4.1;4.3;4;3.9;4.2;4.3;4;4;4.4;4.4;3.9;3.7;4;3.8;3.1;3.1;3.1;4.1;3.6;5.8;3.7;4.4;2.7;515;Asaduddin Owaisi;Male;All India Majlis-E-Ittehadul Muslimeen;20.1
Haora;Kerala;4.5;5;4.9;5.1;5.2;4.6;4.1;4.7;5.7;6.2;4.3;4.3;5.8;6.5;6.2;4.7;4.7;5;4.8;4.8;4.8;5.1;4.7;4.4;3.8;5.8;4.4;4.6;4.8;6.9;5;4.5;4;501;P. T. Thomas;Male;Indian National Congress;76.6
Hyderabad;MP;2.9;2.9;2.6;2.9;2.8;2;2.3;3.3;3.2;3.2;2.5;2.9;3.4;3.1;3.1;2.2;1.6;3;2.5;2.7;2.7;3.3;2.4;1.9;;;;;;;2.7;3.5;2;473;Sumitra Mahajan;Female;Bharatiya Janata Party;4.7
Idukki;Manipur;3.3;3.4;3.5;3.8;4;3.8;5.7;3.8;3.9;6;5.4;5.4;4.2;5.9;3.9;3.9;3.9;3.9;5.1;4.2;4.5;4.8;3.7;3.7;3.8;2.6;3.7;3.7;3.8;9;4.3;4.2;4.1;489;Thokchom Meinya;Male;Indian National Congress;41.1
Indore;MP;3.4;3;3.1;2.9;2.5;2.7;1.6;3.4;3;3.3;3;2.9;3;2.9;2.9;3;2.7;3.1;2.7;2.6;2.3;2.8;2.8;2.6;;;;;;;2.8;3.5;2.5;525;Rakesh Singh;Male;Bharatiya Janata Party;5.5
Inner Manipur;West Bengal;6.4;4.4;4.7;6.9;6.9;3.6;4.7;6.2;5.3;5.4;5.9;6.2;5.7;5.3;5.6;5.8;5.4;5.1;5.5;5.9;5.6;5.3;5.5;5.7;5.7;3.5;4.5;5.3;6.3;6.3;5.5;4;3.7;493;Kabir Suman;Male;All India Trinamool Congress;89.1
Jabalpur;Odisha;;;;;;2.3;2.8;3.7;6.5;5.4;5.6;5.9;6;5.7;5.4;4.9;4.1;3.6;3.7;4;3.4;4.5;3.6;3.4;3.3;;;;;;4.4;3.8;2.3;521;Bibhu Prasad Tarai;Male;Communist Party of India;47.2
Jadavpur;Bihar;;;;;;5.3;5.5;4.8;5;4.6;5.2;4.8;5.2;5.1;4.8;4.9;4.9;5.3;4.8;5.1;4.8;5.1;5.2;4.7;;3.8;5.2;3.9;4.1;5;4.9;3.9;2.4;507;Vacant;;Vacant;72.9
Jagatsinghpur;Rajasthan;;;;;;3.8;3.8;4.3;3.9;3.9;4.1;3.8;3.9;4.1;3.9;4;4;3.9;4;3.8;3.9;3.9;4.2;3.8;;3.6;4.3;4.3;3.8;4.9;4;3.8;2.1;520;Mahesh Joshi;Male;Indian National Congress;29.4
Jahanabad;Rajasthan;;;;;;3.4;4.6;4.3;4.5;4.1;4.5;4.1;4.3;4.1;4.1;3.9;4.3;4;4.3;4.1;4.4;4.1;3.9;3.6;;3.2;3.6;3.7;4;3.7;4;3.9;2.6;515;Lalchand Kataria;Male;Indian National Congress;29.4
Jaipur;Odisha;3.1;3.4;3.8;3.9;3.8;3.7;4.2;4.1;4.4;4.2;4.2;4.1;4.2;4;4;4;3.9;3.9;3.9;3.9;4;4;3.8;3.7;;;;;;;3.9;3.6;2.3;524;Mohan Jena;Male;Biju Janata Dal;25.1
Jaipur Rural;Punjab;;;;;;1.7;2;2.4;2.6;2.4;2.2;2.6;2.6;2.6;2.7;2.3;2.1;2.2;2.3;2.3;2.2;2.3;2.2;1.6;;2.6;2;2.8;2.5;5.2;2.4;3.6;2.5;490;Mohinder Singh Kaypee;Male;Indian National Congress;2.5
Jajpur;UP;3;3.6;3.9;3.4;3.2;3.3;3.7;3.4;3.6;3.6;3.5;3.5;3.5;3.6;3.6;3.2;3.6;3.5;3.5;3.5;3.6;3.4;3.4;3.2;3.2;;;;;;3.5;4;2.9;481;Ghanshyam Anuragi;Male;Samajwadi Party;15.2
Jalandhar;Maharashtra;5.2;6.4;5.2;6;5.1;5.7;4;5.3;6.2;4.7;4.4;5.4;5.7;5.5;6;4.5;3.8;4;4.8;5.2;5.5;5.4;4.7;6.2;5.4;5.3;5;5.2;5.7;7.9;5.3;4.1;3.3;510;A.T. (Nana) Patil;Male;Bharatiya Janata Party;84.6
Jalaun;Maharashtra;5.4;4.5;4.2;4.5;5.1;5.2;3;3.9;5.7;5.5;3.9;3.8;5;5.5;6;4.9;3.6;3.6;3.3;4.2;4.6;3.8;3.6;6.3;6.2;6;4.5;2.3;3.4;8.2;4.6;3.8;3;510;Raosaheb Patil Danve;Male;Bharatiya Janata Party;61.2
Jalgaon;Rajasthan;;;;;;5;4.2;4.2;4.7;4.4;4.2;4.3;4.4;4.4;4.3;4.2;4.3;4.4;4.4;4.4;4.4;4.5;4.1;4.6;;4.9;3.9;4.7;5.1;4.9;4.5;4;2;512;Devji Mansingram Patel;Male;Bharatiya Janata Party;55.4
Jalna;Gujarat;1.4;4;8.4;4.8;2.7;1.4;4.1;9;4.3;2.6;4.4;6.5;4.5;3;4.1;6.4;4.8;2.8;4.2;6.4;4.4;2.8;4.4;6;4.9;1.3;4.2;5.6;4.7;4.1;4.4;2.5;2.4;490;Vikrambhai Arjanbhai Maadam;Male;Indian National Congress;47.2
Jalore;Jharkhand;3.4;3.4;3.3;3.2;3.1;3.1;3.3;3.1;3.3;3.1;3.4;3.5;3.6;3.4;3.4;3.2;3.2;3.2;3.2;3.2;3.2;3.4;3.3;3.3;;;;;;;3.3;3.2;2;500;Ajay Kumar;Male;Jharkhand Vikas Morcha (Prajatantrik);11.5
Jamnagar;Bihar;;;;;;3.5;4.9;3.8;4.8;4;4.4;3.9;4.6;3.9;4.6;3.9;4.6;3.8;4.5;3.9;4.5;3.9;4.6;3.6;;2.5;5.2;4;3.5;5.1;4.2;3.7;2.5;498;Bhudeo Choudhary;Male;Janata Dal (United);36.8
Jamshedpur;Chhattisgarh;2.7;2.7;3.7;5.1;5.4;3.4;3.3;2.7;2.8;3.1;3.6;4;4.4;4.7;4.5;4;3.7;3.7;3.5;3.8;4.2;4.5;4.5;4.8;5.5;3.4;3.5;3.7;3.7;4.9;3.9;3.9;2.7;514;Kamla Devi Patle;Female;Bharatiya Janata Party;25.1
Jamui;UP;;;;;;5;3.5;4;5.6;4.6;4.2;5.1;4.6;4.7;5;4.2;4.1;4.7;4.6;4.4;4.3;5.4;4;4.4;;5.6;4.6;4.7;4.9;7.3;4.7;3.8;3;460;Dhananjay Singh;Male;Bahujan Samaj Party;66.3
Janjgir-Champa;Rajasthan;;;;;;5;5.5;4.4;5;4.4;4.5;4.2;4.7;4.4;4.6;4.2;4.5;4.5;4.3;4.3;4.2;4.3;4.3;3.9;;5.7;4.8;5.3;5;3.7;4.6;3.9;2.5;514;Dushyant Singh;Male;Bharatiya Janata Party;61.2
Jaunpur;Bihar;;;;;;4.4;5.2;4.7;4.5;4.6;4.6;4.7;4.5;4.5;4.6;4.5;4.5;4.6;4.6;4.6;4.5;4.8;4.6;4.6;;4.1;4.1;3.8;4.5;6.1;4.6;3.2;1.7;498;Mangani Lal Mandal;Male;Janata Dal (United);61.2
Jhalawar-Baran;UP;3.8;3.8;4;3.7;3.4;4.3;3.8;3.7;4;3.7;3.7;3.7;3.7;3.8;3.8;3.4;3.6;3.6;3.7;3.6;3.6;3.4;3.5;3.1;;;;;;;3.7;3.9;2.4;507;Pradeep Kumar Jain Aditya;Male;Indian National Congress;20.1
Jhanjharpur;Rajasthan;;;;;;5.7;4.5;4.9;4.9;5.8;4.7;5.1;4.6;5.2;4.8;5;4.7;5.2;4.5;4.8;4.5;4.8;4.4;4.6;;5.7;4;3.6;4.5;3.8;4.8;4.3;2.8;499;Vacant;;Vacant;69.6
Jhansi;Rajasthan;;;;;;4.3;4.6;4.6;5.1;4.7;4.5;4.7;4.9;4.7;4.7;4.6;4.2;4.5;4.2;4.7;4.6;4.9;4.4;4.1;;5.3;4.9;4.2;5.4;3.2;4.6;4.2;2.3;519;Chandresh Kumari Katoch;Female;Indian National Congress;61.2
Jhunjhunu;Assam;2.3;2.2;2.2;2.2;2.2;2.4;2.4;2.7;4;4.6;3.5;4.1;3.6;4.5;3.1;2.6;2.6;3;2.6;2.5;3.5;2.7;2.7;2.7;3.3;;;;;;3;5.4;3.7;312;Bijoy Krishna Handique;Male;Indian National Congress;8.0
Jodhpur;West Bengal;2.6;3.8;6.2;4.7;4.6;4.2;3.8;4.6;4.4;3.7;4.3;4.9;4.9;5;5.2;5.5;5.2;4.7;4.7;4.7;4.5;4.5;4.4;4.6;4.6;4.4;4.4;6.7;10;10;5;3.2;2.2;496;Tarun Mandal;Male;Independent;76.6
Jorhat;Gujarat;1.5;4.3;7;5.3;4.5;1.4;4.3;7.1;5.3;4.2;4.8;6;4.4;3.1;4.2;5.4;4.7;3.9;4.2;5.1;4.6;3.8;4.3;4.6;4.6;;;;;;4.5;3.9;2.9;504;Dinubhai Boghabhai Solanki;Male;Bharatiya Janata Party;55.4
Joynagar;UP;4.4;4.2;4.5;4;3.6;4.1;3.8;4.1;4.4;4.2;4.2;4.6;4.5;4.4;4.6;4.1;3.7;4.3;4;4.4;4.4;4.6;4;4;;;;;;;4.2;4;2.6;555;Begum Tabassum Hasan;Female;Bahujan Samaj Party;36.8
Junagadh;UP;;;;;;4.6;4.7;4.9;3.8;4.4;4.1;4.1;3.9;4.1;3.8;4.4;3.8;4.2;4.1;4;3.8;3.9;3.7;3.2;;4.6;5;4.4;3.6;4.8;4.2;3.9;2.7;501;Brijbhushan Sharan Singh;Male;Samajwadi Party;36.8
Kairana;Andhra Pradesh;5.7;5.6;5.7;5.8;5.7;5.6;5.4;5.4;5.4;5.3;5.3;5.3;5.4;5.4;5.4;5.4;5.3;5.5;5.4;5.5;5.6;5.6;5.6;5.7;5.7;6.1;6.1;6.2;6.2;8.9;5.7;3.1;2;513;M. Mangapati Pallam Raju;Male;Indian National Congress;92.0
Kaiserganj;Odisha;;;;;;3.3;5.1;5.1;6.3;6;5.9;6.5;7.9;7.8;7.4;6;4.4;4.7;5.1;5.8;4.5;4.1;3.8;3.4;;5.3;6.2;5.7;4.5;8.9;5.6;3.7;2.7;520;Bhakta Charan Das;Male;Indian National Congress;90.6
Kakinada;Assam;4.7;3.8;4.1;4.2;4.3;4.8;3.1;4.2;4.1;4.6;4.6;4.6;4.7;4.7;4.5;4.2;4.1;4.1;4;4.2;4;4;4;3.9;4.4;6.6;3.6;3.5;4.9;9.6;4.5;4.4;3.6;369;Dip Gogoi;Male;Indian National Congress;55.4
Kalahandi;Tamil Nadu;4.5;5.9;3.6;3.1;4;3.5;4.2;3.2;4.7;4.9;5.1;6;5;6.7;5.3;4.6;3.7;3.2;4;4.3;6.7;4.8;3.2;3.1;4.3;3.4;3.7;4.4;3.9;4.2;4.4;4.7;3.1;515;Adhi Sankar;Male;Dravida Munnetra Kazhagam;47.2
Kaliabor;Maharashtra;3.9;4.2;4.1;4.4;4.2;3.9;3.7;4;4;4;3.5;4.1;4.2;3.9;4.2;3.8;3.5;3.5;3.5;3.8;3.7;3.8;3.7;4;4.9;3.8;3.4;3.1;3.5;5.5;3.9;4.1;3.1;500;Anand Prakash Paranjpe;Male;Shiv Sena;25.1
Kallakurichi;Tamil Nadu;5.3;5.2;4;4;3.7;4.4;3.5;4.8;6.9;5.7;5.2;5.3;5.4;5.2;5.4;5;4.7;4.7;4.6;4.2;3.7;4.2;3.9;3.7;4;4;4.4;3.7;3.5;4.9;4.6;4.1;2.8;500;Viswanathan Perumal;Male;Indian National Congress;61.2
Kalyan;Odisha;4.2;3.8;3.1;3.8;4.5;4.4;3.3;3.2;5.4;5.3;4.8;5.2;5.3;5.1;4.8;5.1;4.7;3.8;4.5;4.9;3.7;3.2;4.4;4.4;;;;;;;4.4;3.5;2;520;Rudra Madhab Ray;Male;Biju Janata Dal;47.2
Kancheepuram;Himachal Pradesh;5.3;5.8;5.6;5.5;4.9;5;5.7;5.6;5.8;5.7;6;5.7;5.7;5.8;5.9;5.7;6;5.7;5.9;5.9;5.9;5.3;5.8;5.6;;;;;;;5.7;3.9;3.1;525;Rajan Sushant;Male;Bharatiya Janata Party;92.0
Kandhamal;Chhattisgarh;6;5.7;6.2;6;5.5;5.9;5.4;6.2;5.8;5.5;5.3;5.5;5.5;5.5;5.6;5.6;5.6;5.4;5.4;5.5;5.2;5.5;5.7;5.3;5.3;5.6;4.6;4.4;5.3;4.8;5.5;3.1;2.6;445;Sohan Potai;Male;Bharatiya Janata Party;89.1
Kangra;UP;;;;;;2.2;3.9;3.2;3.4;3.5;3.5;3.1;3.7;3.3;3.4;3.3;3.4;3.2;3.6;3.2;3.5;3.1;3.2;2.8;;2.3;4.7;2.9;2.9;4.3;3.3;3.7;2.5;499;Dimple Yadav;Female;Samajwadi Party;11.5
Kanker;Kerala;8.7;4.6;6.1;3.3;7.9;5.3;2.4;3.6;9.4;6.8;9.5;6.1;6.7;9;5;8.9;5.5;6.2;4.8;9.5;9.6;7.7;4.3;7;3.3;6.6;2.4;5.4;4.8;10;6.3;2.5;3.7;514;Kumbakudi Sudhakaran;Male;Indian National Congress;97.5
Kannauj;UP;;;;;;2.2;4.1;3.2;3.6;3.7;3.8;3.7;3.9;3.8;3.8;3.3;3.2;3.1;3.1;3.2;3.4;3.3;3.1;3.1;1.9;2.8;2.1;2.5;2.8;5.4;3.3;3.8;3;528;Sriprakash Jaiswal;Male;Indian National Congress;11.5
Kannur;Bihar;;;;;;3.1;3.5;3.8;4.2;3.6;3.4;3.4;4.1;3.5;3.4;2.5;3.9;3.3;3.4;3;4;3.3;3.3;3.4;;4;3.5;3.9;3.4;6.4;3.6;3.8;2.7;503;Mahabali Singh;Male;Janata Dal (United);17.9
Kanpur;Rajasthan;2.9;3.7;3.8;3.6;3.2;2.3;3.8;4.2;4.3;4.6;4.5;4.5;4.4;4.3;4.2;3.5;3.1;3.1;3;2.9;2.9;3;2.8;2.5;;;;;;;3.6;3.9;2.4;500;Khiladi Lal Bairwa;Male;Indian National Congress;17.9
Karakat;Assam;2.3;2.7;3.1;3.3;3.3;2.6;2.7;2.9;3.2;3.8;3.7;3.8;3.8;3.8;3.2;3.1;2.8;2.8;2.9;3.3;3.6;3.7;2.9;3.4;3.2;3.1;2.8;2.4;3.4;4.5;3.2;4.1;3.1;494;Lalit Mohan Suklabaidya;Male;Indian National Congress;10.3
Karauli - Dhaulpur;Andhra Pradesh;5.1;4.4;4;3.7;4.8;4.3;4;4.8;5.5;5.7;4.7;5.2;5.6;5.7;5.5;5.4;4.7;4.3;4.8;4.7;4.4;4.7;4.5;4.4;4;3.4;2.9;3.8;4.1;5.1;4.6;4.4;3.2;509;Ponnam Prabhakar;Male;Indian National Congress;61.2
Karimganj;Haryana;4.4;4.3;3.7;4.2;4.3;4.1;4;4.1;4;3.9;4.2;4.2;4.1;4.3;4.7;4.4;4.5;4.7;4.5;4.6;4.5;4.3;4.2;4;;;;;;;4.3;4.2;2.9;515;Arvind Kumar Sharma;Male;Indian National Congress;41.1
Karimnagar;Tamil Nadu;4.4;5.1;3.5;3.4;5;4.4;1.2;5.6;6.5;5.5;3.5;6.8;6.2;6.4;4.9;3.8;4.5;3.7;3.8;6;1.2;3.6;3;3.4;;5.5;3.4;3.5;3.5;5.3;4.4;4;2.8;493;Munisamy Thambidurai;Male;All India Anna Dravida Munnetra Kazhagam;47.2
Karnal;Kerala;4.4;5.2;4.8;3.8;4.2;5.5;4.2;4.5;5.4;5.3;4.6;4.5;5;5.2;4.6;4.7;4.8;4.7;4.2;4.3;4.6;4.8;4.3;4.5;4.2;4.6;3.8;4.8;5.4;5.3;4.7;3.6;4.2;484;P. Karunakaran;Male;Communist Party of India (Marxist);66.3
Karur;Bihar;;;;;;3.9;4.4;4.3;4.2;4.2;4.1;4.1;4.1;4.2;4;4.2;4;4.3;4.1;4.4;4;4.4;4;4.4;;3.2;5.5;4.1;5.3;6.3;4.3;3.7;3;413;Nikhil Kumar Choudhary;Male;Bharatiya Janata Party;41.1
Kasaragod;UP;3.3;4.9;2.6;5.8;4.3;3.2;4.8;5;5.4;4.9;3.5;3.5;5.7;5.5;3.5;3.3;2.8;4.8;3.2;5;3.5;5.7;3.4;2.7;;;;;;;4.2;3.6;2.3;460;Shailendra Kumar;Male;Samajwadi Party;36.8
Katihar;Odisha;;;;;;2.3;1.6;1.6;4.9;5.5;5.2;5.4;5.2;5.7;5.3;4.3;2.8;2.8;4.7;4.2;3.2;5.4;3.5;4.4;3.3;4;2.9;5.2;3.7;2.2;4;3.4;2.3;521;Baijayant Jay Panda;Male;Biju Janata Dal;29.4
Kaushambi;Odisha;;;;;;5.4;3.2;5.5;6.1;6.3;6.3;6.9;8.1;8.1;7.2;6.5;5.9;6;5.9;5.9;6;5.9;4.6;6.2;;7.9;5.7;6.4;5.1;8.8;6.3;3.7;2.6;519;Yashbant Narayan Singh Laguri;Male;Biju Janata Dal;97.5
Kendrapara;Bihar;;;;;;3.4;4.6;3.9;4.2;4.1;4.3;4.4;4.8;4.4;4.4;4.3;4.2;4.1;4.2;4.2;4.1;4;4;3.9;;4.5;4.8;4.4;4.8;5.3;4.3;3.6;2.2;499;Dinesh Chandra Yadav;Male;Janata Dal (United);41.1
Kendujhar;MP;;;;;;2.7;3.2;3.3;5.4;4.4;4.5;4.3;4.3;4.7;4.5;3.2;3.6;3.1;3.4;3.2;3.4;4;2.9;2.7;1.7;4.4;3.5;3.8;3.8;5.4;3.7;3.4;2.1;515;Jeetendra Singh Bundela;Male;Bharatiya Janata Party;20.1
Khagaria;Andhra Pradesh;3;2.5;3.8;2.6;2.9;6.3;5.5;6;6.2;6.7;6.4;6;5;5.9;5.9;7;5.5;5.6;5.4;5.8;6.1;8.4;4.9;4.5;1.5;8.9;2;1.8;1.7;8.4;5.1;3.9;2.2;493;Nama Nageswara Rao;Male;Telugu Desam Party;80.1
Khajuraho;MP;;;;;;1.4;2.5;3.2;2.7;2.7;2.6;2.9;3.6;2.8;3.6;2.5;2.6;3;2.5;2.8;2.6;3.5;2.3;1.4;2.6;3.4;2.6;2.7;3;6.2;2.9;3.2;1.9;545;Arun Subhashchandra Yadav;Male;Indian National Congress;7.6
Khammam;MP;;;;;;1.6;3;3.3;3.8;3.3;3.4;3.4;3.9;4.1;4.3;2.7;2.9;3;2.9;3.3;3.2;4.1;2.7;1.4;;3.2;3.3;3.3;3.6;6;3.3;3.4;2.2;537;Makhansingh Solanki;Male;Bharatiya Janata Party;11.5
Khandwa;Gujarat;1.8;4.7;6.6;4.2;5.1;1.9;4.3;6;4.6;4.5;4.6;4.7;4.9;3.3;4.7;4.4;3.9;3.9;5.2;4.6;4.5;4.2;5.3;5.6;4.5;;;;;;4.5;4.4;2.9;502;Dinsha J. Patel;Male;Indian National Congress;55.4
Khargone;UP;;;;;;4.5;4.9;4.8;5;5;4.9;5;4.7;5.1;5.1;5.3;5;4.8;5;5.4;4.9;4.8;5;4.6;;5.6;6.7;6.1;5.8;6.8;5.2;3.6;2.5;519;Zafar Ali Naqvi;Male;Indian National Congress;82.3
Kheda;Jharkhand;4.8;4.4;3.8;4.2;4.6;5.5;3.2;6.2;5.6;6.1;4.5;4.4;4.5;4.8;4.5;4.2;3.2;3.6;4.4;4.1;3.3;5.3;5.2;5.3;;;;;;;4.6;5.1;4.8;471;Kariya Munda;Male;Bharatiya Janata Party;61.2
Kheri;Bihar;;;;;;3.2;4.8;3.7;4.5;3.9;4.6;3.8;4.5;3.9;4.4;3.9;4.5;3.9;4.4;3.9;4.4;3.9;4.2;3.6;;4.1;3.9;4.6;4.3;5.4;4.2;3.7;2.5;496;Maulana Asrarul Haque Mohammad;Male;Indian National Congress;36.8
Khunti;Jharkhand;;;;;;3.3;4.7;4.4;4.5;4.1;4.4;4;4.4;4;4.4;4.1;4.4;4.1;4.4;4.1;4.3;4.1;4.2;4.1;;6.3;3.5;5.3;3.1;4.8;4.3;3.7;2.4;473;Babu Lal Marandi;Male;Jharkhand Vikas Morcha (Prajatantrik);41.1
Kishanganj;Assam;2.8;2.3;2.8;2.6;3.7;3.5;3.9;2.7;3.3;2.5;3.4;3;2.8;2.6;3.3;3;3;3.4;3.9;3.4;3.4;3.3;2.7;3.5;4;3.3;2.2;6.5;3.3;9.6;3.4;3.5;3.1;444;Sansuma Khunggur Bwiswmuthiary;Male;Bodoland Peoples Front;12.9
Kodarma;Karnataka;6.3;6.3;6;6.4;6.1;5.9;5.8;5.9;6.1;6.2;6.3;6.8;7.2;7.5;6.2;6;5.9;5.5;5.6;5.6;5.7;5.7;5.5;6;5.1;3.8;3.9;4;5.2;10;5.9;4.6;3.6;401;K.H. Muniyappa;Male;Indian National Congress;94.9
Kokrajhar;Maharashtra;4.4;5.2;5.9;5.7;5.5;5.7;5.8;5.2;5.2;5;5.2;5.1;5.3;5.4;4.8;4.3;4.3;4.7;4.7;5.2;5.2;4.7;5;5.6;4.4;4.8;4.4;3.8;4.2;5.5;5;5.5;4.2;515;Sadashivrao Dadoba Mandlik;Male;Independent;76.6
KOLAR;Kerala;6.3;6.3;5.8;6;7.3;8.9;3.9;6.4;5.9;6.3;6.9;5.9;6.9;7.4;6.1;6.5;6.3;6.5;5.6;6.6;8.7;8.8;8.4;9;9.2;5.4;6.1;6.6;9.3;5.7;6.8;2.4;3.3;503;N. Peethambara Kurup;Male;Indian National Congress;99.0
Kolhapur;Karnataka;4.6;4.4;4.4;5.2;5;4.9;4.8;4.6;5.4;5.1;4.8;5;4.9;5.2;4.7;4.7;4.9;5;5;4.9;4.5;5.1;4.9;5.3;4.4;5;7;4.6;4.7;4.5;4.9;3.6;4;381;Shivaramagouda;Male;Bharatiya Janata Party;72.9
Kollam;Odisha;4.8;4.4;4;3.8;4.3;4.6;4.6;4.5;4.3;4.4;4.5;4.7;4.7;4.8;4.5;4.6;4.4;4.3;4.6;4.3;4.3;4.4;4.4;4.4;;;;;;;4.4;3.7;2.5;520;Jayaram Pangi;Male;Biju Janata Dal;47.2
KOPPAL;Chhattisgarh;4.9;4.1;5.1;6.2;6.7;4.9;4.1;4.3;4.9;4.4;4.5;5.2;5.2;5.3;5.2;5.4;5.4;5.4;5.1;5.3;5.3;5.1;5.2;5.3;5.7;7.1;5.6;5.1;5.8;5.3;5.2;3.3;2.3;425;Charan Das Mahant;Male;Indian National Congress;82.3
Koraput;Rajasthan;;;;;;4.2;4.4;4.4;4.6;4.7;4.4;4.4;4.7;4.5;4.4;4.4;4.4;4.3;4.4;4.3;4.4;4.8;4.2;3.3;;5.1;4.9;4.8;5.2;8.2;4.6;3.7;2.2;502;Ijyaraj Singh;Male;Indian National Congress;61.2
Korba;Kerala;5.4;5.9;5.1;4.6;4.1;4.4;4.8;5.8;5.8;5.7;5.5;5.2;5.2;5.2;5.2;4.9;4.6;4.4;4.2;4;4.3;4.3;3.8;3.8;3.8;3.2;5;6.4;4.4;4.5;4.8;3.7;4.1;501;Jose K. Mani;Male;Kerala Congress (M);69.6
Kota;Kerala;2.3;4.8;5.1;5.8;5;9.5;8.4;5;5.6;6.8;6.1;4.7;4.8;6.9;6.1;6.1;5.2;6.4;5;6.9;5.8;4.9;4.7;9.6;6.1;5.4;4.2;5.1;4.1;6;5.7;5.1;4.9;122;M. K. Raghavan;Male;Indian National Congress;92.0
Kottayam;Tamil Nadu;5.6;6.1;5.7;6.1;4.7;5.3;3.4;4.7;5.7;4.8;4.6;4.9;4.7;5.1;5;5.2;4.9;4.4;5.1;5.5;4.5;5.5;5.3;5.1;4.6;4.7;4.7;4.7;4.2;4.8;5;4.6;3.8;499;E.G. Sugavanam;Male;Dravida Munnetra Kazhagam;76.6
Kozhikode;Andhra Pradesh;5.5;5.2;5;4.9;5.2;4.4;4.9;4.4;4.5;4.3;4.7;4.8;5.3;5.1;5;4.7;4.5;4.2;4.3;4.2;4.3;4.3;4.4;4.6;4.4;4.1;5.1;4.5;4.8;7.4;4.8;4;3.4;502;Kotla Jaya Surya Prakash Reddy;Male;Indian National Congress;69.6
Krishnagiri;Haryana;3.1;3.2;5.2;4.1;4.1;3.6;3.2;4.4;4.5;4.2;3.7;3.7;3.9;3.8;3.7;4.1;3.9;4;4.1;3.9;4.3;4;4.3;4.3;;;;;;;4;3.7;2.3;519;Naveen Jindal;Male;Indian National Congress;29.4
Kurnool;UP;;;;;;5.3;3;4.2;4.6;7.8;7.1;6.5;7.1;6.1;4.4;4.5;4.5;3.8;3.3;4.8;5.9;5.3;3;5.4;;7.7;3.4;4.6;6;6.6;5.2;3.3;2.2;501;Ratanjit Pratap Narain Singh;Male;Indian National Congress;82.3
Kurukshetra;Gujarat;2.2;4.3;7.7;5.1;3.2;1.6;4.5;8.5;4.3;2.1;4.3;7.3;4.6;2.4;4.4;7.4;4.4;2.6;4.2;7.1;4.5;3.1;4.5;6.2;5.2;2;4.6;8.1;4.7;3.8;4.6;4.5;3.4;506;Poonam Veljibhai Jat;Female;Bharatiya Janata Party;61.2
Kushi Nagar;Assam;3.4;2.9;2.6;2.5;3;3.4;3.1;3.1;3.8;3.9;3.8;4;4;4.1;3.8;3.5;3.1;3;2.9;3.2;3.3;3.2;3;2.9;2.7;3.1;3.3;3.2;3.6;7.2;3.4;4.3;3.5;347;Ranee Narah;Female;Indian National Congress;12.9
Kachchh;UP;3.3;2.9;3.4;3.8;2.9;3.2;3;3.1;3.8;3.1;3.3;3.5;3.2;3.3;3.6;1.9;3.5;3.3;3.2;3;3.2;3.4;3.1;3.4;;;;;;;3.2;4;2.7;520;Bali Ram;Male;Bahujan Samaj Party;10.3
Lakhimpur;Maharashtra;5;4.6;4.3;4.4;4.1;4.9;5.3;4.5;5.2;4.9;4.3;4.7;5;5.4;5;4.6;4.2;4;4.5;4.4;5.7;4.6;5.1;4.5;4;4.4;4.7;4.7;4.5;7.5;4.8;3.3;2.1;486;Jayawant Gangaram Awale;Male;Indian National Congress;69.6
Lalganj;Jharkhand;;;;;;4.3;6.2;5.9;5.9;5.2;5.5;5.5;5.5;5.3;5.5;5.5;5.3;5.4;5.3;5.5;5.2;5.3;5.3;5.2;;5.3;4.7;5.2;5;3.9;5.3;3.6;2.6;489;Sudarshan Bhagat;Male;Bharatiya Janata Party;84.6
Latur;UP;;;;;;4.4;4.3;4.3;4.5;4.1;4.5;3.9;4.3;4;4.1;3.8;3.9;3.9;4.1;3.7;3.9;4.2;4.4;4;6.2;4;5.3;3.9;5.3;5.5;4.3;3.9;3;498;Lal Ji Tandon;Male;Bharatiya Janata Party;41.1
Lohardaga;Punjab;2.5;2.2;2.2;2.3;2.3;2.1;2.2;2.7;2.5;2.5;2.4;2.5;2.6;2.4;2.5;2.5;2.3;2.8;2.3;2.2;2.3;2.7;2.5;1.7;;;;;;;2.4;3.8;2.5;551;Manish Tewari;Male;Indian National Congress;2.5
Lucknow;UP;3.9;3.7;3.9;3.9;3.9;4.1;3.5;3.7;4.4;3.9;3.8;4.2;4;4;4.3;3.8;3.7;3.6;3.8;3.7;3.8;4.3;3.5;3.6;;;;;;;3.9;3.8;2.8;465;Tufani Saroj;Male;Samajwadi Party;25.1
Ludhiana;Andhra Pradesh;2.6;3.9;5.4;5;3.5;3;4.5;4.9;4.5;3.6;4;4.7;4.5;4.2;4.5;4.6;4.5;4.1;4.2;4.6;4.4;4;4.4;4.3;3.9;2.9;4.5;4.9;5.6;5.5;4.3;5;3.9;431;Konakalla Narayana Rao;Male;Telugu Desam Party;41.1
Machhlishahr;Maharashtra;5.1;5;5.1;5.1;5.1;4.7;4.7;5.1;5.2;5.2;5.3;5.3;5.3;5.3;5.3;5.2;4.9;4.7;4.5;4.3;4.1;4;4;4;4;4;3.9;4.4;4.6;10;4.9;5.6;3.9;515;Vacant;;Vacant;72.9
Machilipatnam;Bihar;2.7;4.1;4.2;3.9;3.5;2.8;4.2;3.8;4.2;4.2;4;3.8;3.9;4;3.9;4.1;3.9;4.1;3.9;4.1;3.9;4;3.7;3.7;;;;;;;3.9;3.5;2.2;463;Sharad Yadav;Male;Janata Dal (United);25.1
Madha;Bihar;;;;;;5.7;5.2;4.9;5.3;5.3;5.1;5;5.2;5.2;5.3;5.3;5.4;5.4;5.4;5.3;5.5;5.5;5.4;5.4;;;;;;;5.3;3.2;1.9;491;Hukmdev Narayan Yadav;Male;Bharatiya Janata Party;84.6
Madhepura;Tamil Nadu;;;;;;3.6;3.6;3.4;3.7;3.5;3.4;3.6;3.7;3.7;3.5;4.1;3.8;3.4;3.6;3.8;3.6;3.5;3.4;3.6;4.7;3.6;3.8;3.6;3.7;3.2;3.6;4.1;2.8;517;Dayanidhi Maran;Male;nnetra Kazhagam;17.9
Madhubani;Tamil Nadu;;;;;;2.5;3.9;3.6;4.1;4.1;4;4.1;4.1;4.3;3.9;4;3.9;3.6;4;4.3;4.2;3.8;3.9;4;4.5;3.5;3.8;4.1;4.2;3.9;3.9;2.2;2.9;509;T.K.S. Elangovan;Male;nnetra Kazhagam;25.1
Chennai Central;Tamil Nadu;;;;;;3.8;3.5;3.4;3.3;3.3;3.3;3.3;3.3;3.3;3.5;3.6;3.3;3.3;3.3;3.5;3.5;3.2;3.4;3.3;3.6;3.3;3.4;3.4;3.7;2.7;3.4;2.2;2.9;515;C. Rajendran;Male;All India Anna Dravida Munnetra Kazhagam;12.9
"Chennai North";Tamil Nadu;5.6;4.7;4.5;4.6;5.9;5.3;4.7;5.1;4.7;5.2;4.8;5.3;5;5.2;4.8;5.2;5;5.4;5.1;5.5;5.2;5.4;5;5.2;4.7;5.6;4.5;4.5;4.8;7.1;5.1;2.5;3;507;M. K. Alagiri;Male;Dravida Munnetra Kazhagam;80.1
"Chennai South";Andhra Pradesh;4.6;6.9;5.3;6.1;6.9;4.5;6.7;3.6;4.6;3.7;6.3;4.6;6.6;6.7;6.7;6.6;2.6;1.5;6.4;6.7;6.7;3.6;3.7;2.7;1.4;5.1;6.5;6.9;6.9;9.5;5.4;3.5;3.8;515;Porika Balram Naik;Male;Indian National Congress;87.1
Madurai;Andhra Pradesh;5.2;5.8;4.8;5.2;5;5.6;6;5.4;5.7;5.4;5.8;5.5;5.6;5.3;6;5.4;5.7;5.7;5.7;5.7;5.9;5.6;5.6;5.4;5.4;4.9;8.7;9.1;8.5;7.6;5.9;4.4;2.8;505;Kalva Kuntla Chandrasekhar Rao;Male;Telangana Rashtra Samithi;94.9
Mahabubabad;Bihar;;;;;;4.5;4.7;4.4;5.3;4.8;5;4.7;4.5;4.9;4.7;4.7;4.6;4.5;4.7;4.5;4.7;4.6;4.7;4.4;;5.7;5.2;5.1;4.9;6.2;4.8;3.6;1.9;923;Prabhunath Singh;Male;Rashtriya Janata Dal;69.6
Mahabubnagar;Chhattisgarh;2.4;2.8;4;4.3;6.2;2.7;3.1;3.2;3.2;3.4;3.6;3.9;3.9;4.1;4.3;4.4;4.4;4.1;4.1;4.3;4.4;4.7;4.6;4.9;5.2;2.7;3.8;3;4.4;6.8;4;4.2;2.6;495;Chandu Lal Sahu;Male;Bharatiya Janata Party;29.4
Maharajganj;UP;;;;;;1.9;3.7;3.2;3.3;3.5;3.6;3.6;3.4;3.4;3.8;3.2;3.1;3.1;3.1;2.9;3;3;3.2;3;;4;3.1;3.3;3;3.2;3.2;3.7;2.6;502;Mulayam Singh Yadav;Male;Samajwadi Party;10.3
Mahasamund;Andhra Pradesh;3.5;3.9;3.4;3.6;3.5;3.8;4.6;4.9;5.5;5.1;5.1;5.3;5.7;5.5;5.7;5.1;4.8;4.7;4.7;4.7;4.6;4.8;4.5;4.1;1.1;7.5;5.4;4.9;6.5;9.3;4.9;4.7;3;515;Sathyanarayana Sarvey;Male;Indian National Congress;72.9
Mainpuri;Kerala;4.8;4;5.7;3.7;5.9;5;9.2;4.2;6.1;7;5.7;5.7;7.9;8.4;4.7;4.3;3.4;2.8;4.2;6.1;9.4;5.3;4.1;5;4.3;3.3;3.7;4.1;1.9;7.8;5.3;3.8;3.3;323;E. Ahamed;Male;Indian Union Muslim League;84.6
Malakajagiri;Himachal Pradesh;5.1;5.7;5.9;5.7;5.4;3.9;6.1;5.2;5.7;6;6.7;6;5.9;5.7;6;6.4;5.9;5.4;5.6;6.5;6.7;6.2;5.3;4.9;;;;;;;5.8;3.9;3.1;522;Pratibha Singh;Female;Indian National Congress;93.8
Malappuram;MP;3.5;2.8;2.7;2.8;2.5;3.2;1.8;3;2;2.6;2.5;2.2;2.1;1.9;2.5;2;1.9;2.3;2.3;1.9;1.9;2.2;2.7;2.3;;;;;;;2.4;3.2;2.1;475;Basori Singh Masram;Male;Indian National Congress;2.5
Mandi;MP;2.4;2.4;2;2.6;2.3;1.9;2.4;3.2;2.8;3.2;2.5;3;3.2;3.1;2.9;2.2;1.5;2.9;2.5;2.7;2.7;3.1;2.5;2.1;;;;;;;2.6;3.3;2.1;488;Meenakshi Natrajan;Female;Indian National Congress;3.9
Mandla;MP;1.7;1.5;1.9;1.7;1.6;2.8;1.4;2.8;1.8;2.1;1.9;2.2;2.1;2;2.3;3.2;1.8;1.6;1.9;2.4;1.7;2.1;2.8;2.3;;;;;;;2.1;3.3;2.1;484;Kamal Nath;Male;Indian National Congress;0.2
Mandsour;Karnataka;3.6;4.6;4.5;4.8;5.2;4.1;5.4;5.2;5.2;5.7;5.6;5.5;5.3;5;4.9;4.8;4.8;4.9;4.9;4.5;4.5;4.6;4.7;4.6;4.7;3.9;4.9;5.2;5.3;5.8;4.9;4.9;4.2;515;Ramya Divya Spandana;Female;Indian National Congress;72.9
MANDYA;Assam;3.1;2.7;2.7;2.9;3.2;2.8;3;2.5;3.5;3.7;3.1;3.5;3.7;3.5;2.8;2.6;2.5;2.2;2.2;2.3;3;3.2;2.4;2.6;1.2;1.3;1.4;1.5;1.8;3.4;2.7;4.3;3.1;503;Ramen Deka;Male;Bharatiya Janata Party;4.7
Mangaldoi;UP;3.3;4.3;2.9;3.4;3.7;2.7;2.8;3.8;4.4;3.8;4.4;4;4.4;3.9;3.7;3.2;2.8;2.7;3.3;3.4;2.8;4.4;2.8;2.4;3;;;;;;3.5;4.1;2.4;527;Jayant Chaudhary;Male;Rashtriya Lok Dal;15.2
Mathura;West Bengal;3.3;3.9;3.3;2.7;2.5;5.2;5.3;5.5;5.7;6.3;6.4;6.3;6.4;5.7;6.1;5.7;5.7;6;6.1;6.1;6.6;5.8;5.9;5.8;5.8;3.1;3.4;4.9;6.9;8.8;5.4;3.4;1.9;493;Choudhury Mohan Jatua;Male;All India Trinamool Congress;87.1
Mathurapur;Maharashtra;7.6;7.6;7.6;7.6;7.6;8.9;8.9;8.9;8.9;8.9;8.9;8.9;8.9;8.9;8.9;8.9;8.9;8.9;8.9;8.9;8.9;8.9;8.9;8.9;8.9;6;6;6.1;6.1;9.6;8.3;4.5;2.8;515;Gajanan Dharmshi Babar;Male;Shiv Sena;100.0
Maval;Kerala;5.9;8.4;8.8;8.7;8.7;7.1;7.1;8.3;8.1;7.9;7.6;7.3;7.2;7.1;6.6;7.2;7.6;7.7;7.7;7.7;8;8;8.1;8.4;8.9;7.4;8.4;8.4;8;8.1;7.8;2.5;3.4;506;Suresh Kodikunnil;Male;Indian National Congress;99.8
Mavelikkara;Odisha;3.8;4.1;3.6;4.1;3.7;3.8;4.1;3.7;4.6;4.4;4.4;4.1;4.6;4.8;4.2;4.3;4.1;3.8;4.1;4;4;3.8;3.8;3.6;10;4.6;4.6;4.4;4;6.1;4.4;3.4;2.4;520;Laxman Tudu;Male;Biju Janata Dal;47.2
Mayurbhanj;Andhra Pradesh;6.8;4.7;3.3;5;6.5;4.9;4.1;4.6;4.7;5.4;4.8;4.9;5.4;5.2;5.3;4.5;4.4;4.6;4.6;4.1;3.9;4.6;4.6;4.9;4.3;3.6;5.3;5.5;5.6;5.8;4.9;3.9;2.7;503;M. Vijaya Shanthi;Female;Telangana Rashtra Samithi;72.9
Medak;UP;4.9;3.9;5;4.2;4.3;4.6;3.6;4.5;4.5;4.3;4.6;4.5;4.5;4.6;4.5;4.6;4.1;4.3;4.4;4.4;4.6;4.5;4.3;4.7;;;;;;;4.4;3.9;2.4;496;Rajendra Agrawal;Male;Bharatiya Janata Party;47.2
Meerut;Gujarat;3;4.9;5.9;5.5;4.9;1.1;4.3;8.8;4.7;1.8;4.4;7.9;4.5;1.8;4.4;7.3;4.3;2.4;4.6;6.4;3.6;2.5;4.3;5.2;4;2;4.6;6.3;6.9;6.8;4.6;2.2;4.2;512;Jayshreeben Patel;Female;Bharatiya Janata Party;61.2
Mehsana;UP;;;;;;4.7;3.7;4.2;5.2;5;4.5;5;4.7;4.8;5.4;4.8;4.2;4.4;4.6;4.8;4.3;5.4;4.3;4.4;;5.3;5;3.8;5.5;7.4;4.8;3.6;2.7;508;Bal Kumar Patel;Male;Samajwadi Party;69.6
Mirzapur;UP;3.6;4.7;3.4;4.1;3.9;3.5;3.7;3.5;3.3;4;3.6;3.7;3.6;3.8;3.4;3.1;2.9;2.9;2.9;2.7;2.9;2.9;3.1;3;;;;;;;3.4;3.8;2.7;502;Ashok Kumar Rawat;Male;Bahujan Samaj Party;12.9
Misrikh;UP;4.9;4.8;4.5;4.2;4.3;3.6;3.4;4.8;4.3;4;3.8;3.6;3.6;3.4;3.5;3.8;3;4;4.5;3.5;3.2;4.5;4;3.7;;;;;;;4;3.8;2.8;503;Sushila Saroj;Female;Samajwadi Party;29.4
Mohanlalganj;UP;;;;;;3.3;3.7;3.9;4;3.9;3.9;3.9;3.9;3.7;3.8;3.6;3.7;3.7;3.6;3.6;3.8;3.9;3.5;3.2;;3.6;4.1;3.9;4.1;6.9;3.9;3.9;3;479;Mohammed Azharuddin;Male;Indian National Congress;25.1
Moradabad;MP;3.4;3.4;3.4;3.4;3.4;3.8;4.1;3.5;3.6;3.6;4;3.9;3.7;3.8;3.8;3.9;4.2;4;3.8;4;4.3;3.9;3.9;4.2;;;;;;;3.8;3.6;2.4;500;Narendra Singh Tomar;Male;Bharatiya Janata Party;22.6
Morena;Maharashtra;3.3;;;;;6.2;4.4;4.9;4.6;4.6;4.4;4.2;4.4;4.6;4.7;4.4;4;3.8;4.1;4.5;4.2;3.6;3.5;4.3;3.5;5.4;3.5;3.1;3.5;8.2;4.4;4.6;3.6;510;Sanjay Nirupam;Male;Indian National Congress;47.2
Mumbai North;Maharashtra;;;;;;3.6;3.4;3.4;3.8;3.7;3.5;3.7;3.8;4.1;3.9;3.6;3.5;3.4;3.1;3.4;3.5;3.5;3.3;4;3.4;4.6;3.5;2.6;3.5;9;3.8;4.6;3.6;511;Priya Sunil Dutt;Female;Indian National Congress;22.6
Mumbai North-Central;Maharashtra;;;;;;3.4;3.6;3.9;4.8;4.5;4.4;4.5;4.3;4.1;3.7;3.6;3.2;3.7;3.5;3.7;3.3;3.6;3.6;3.7;3.8;3.6;3.6;3.9;4;6.8;3.9;3.9;3.6;514;Sanjay Dina Patil;Male;Nationalist Congress Party;25.1
Mumbai North-East;Maharashtra;3.9;3.3;5.6;6.7;6.7;4;5.1;4.1;5.4;5.3;5.8;5.8;6.5;6.1;6.3;4.7;5;5;4;5.7;6.1;5;3.9;5;5.5;4.9;4.5;5.7;5.2;8.4;5.3;4.5;3.7;503;Gurudas Kamat;Male;Indian National Congress;84.6
Mumbai North-West;Maharashtra;;;;;;3.9;3.9;3.8;3.9;4.2;4;4;4;4;4.6;3.9;3.7;4;3.9;4.6;3.8;3.7;3.8;4.5;3.3;4.3;3.8;3.9;4.2;9.9;4.2;4.3;3.9;515;Milind Murli Deora;Male;Indian National Congress;36.8
Mumbai South;Maharashtra;;;;;;3.4;4;3.9;4.6;4.8;5;4.7;4.5;4.3;4.4;4;3.8;3.8;3.8;3.9;4.2;4.1;3.7;3.8;3.8;3.5;3.6;3.9;4.2;7.4;4.2;4.1;3.7;492;Eknath Mahadeo Gaikwad;Male;Indian National Congress;36.8
Mumbai South-Central;Bihar;;;;;;3.3;4.7;3.9;4.9;3.6;4.8;3.7;4.7;3.7;4.9;3.6;4.8;3.8;4.8;3.7;4.8;3.6;4.8;3.6;;4.8;3.8;4.5;3.8;6.7;4.3;3.7;2.5;498;Rajiv Ranjan (Lalan) Singh;Male;Janata Dal (United);41.1
Munger;UP;4.6;3.7;4.8;3.9;4;3.9;3.7;4.1;4.4;4.6;4.5;4.7;4.6;4.5;4.6;4.5;4.4;4.6;4.5;4.5;4.5;4.3;4.2;4.5;;;;;;;4.4;3.9;2.5;509;Kadir Rana;Male;Bahujan Samaj Party;47.2
Muzaffarnagar;Bihar;;;;;;3.8;4.1;4.3;4.5;4.7;4.7;4.7;4.7;4.7;4.5;4.4;4.4;4.4;4.3;4.5;4.5;4.6;4.2;4.2;;6.4;3.8;6.6;6.6;9.8;4.9;3.6;2.4;524;Jainarain Prasad Nishad;Male;Janata Dal (United);72.9
Muzaffarpur;Karnataka;3.3;4.5;4.9;5;5.1;4.7;5.1;5.5;5.5;5.6;5.3;5.5;5.7;5.8;5.5;5.4;5.2;5.3;5.5;5.5;5.3;5.9;5.4;5.3;5.4;4.5;4.2;4.9;5.7;5.8;5.2;4.2;3.2;440;Adagooru Huchegowda Vishwanath;Male;Indian National Congress;82.3
MYSORE;Odisha;4.4;3.6;4;4.1;4;5.4;5.5;5.5;5.6;5.7;5.9;5.9;6.1;6;6;5.7;5.8;5.6;5.9;5.9;5.7;5.6;5.7;5.8;;;;;;;5.4;3.6;2.1;520;Pradeep Majhi;Male;Indian National Congress;87.1
Nabarangpur;Tamil Nadu;5.3;4.3;5.2;4.6;5.6;3.8;5.2;4.5;4.5;5.9;5.5;6.1;6.3;6.2;6.1;5;4.6;4.2;4.4;4.8;5.1;4.5;4.3;4.7;4.3;6.3;4.8;4.7;4.5;6.6;5.1;3.9;3.1;514;A.K.S. Vijayan;Male;Dravida Munnetra Kazhagam;80.1
Nagapattinam;Andhra Pradesh;3.3;3;3.5;2.8;3.2;3.3;3.7;3.4;3.3;3.5;3.4;3.7;3.8;3.9;3.8;3.5;3.1;3.4;3.9;3.5;3.3;3.5;3.4;3.3;4.7;3.6;3.3;3.5;1.9;3;3.4;3.7;3.1;515;M. Jagannath;Male;Indian National Congress;12.9
Nagarkurnool;Rajasthan;;;;;;6;5.4;4.7;5.1;5.5;5.6;5.5;5.6;5.6;5.1;4.6;4.4;4.1;4.1;4.5;4.7;5.2;4.7;4.8;;6.7;6.6;6.7;6.8;7.5;5.4;4.1;2.2;517;Jyoti Mirdha;Female;Indian National Congress;87.1
Nagaur;UP;4;3.6;3.1;3.2;3.3;3.6;3;3.2;3.3;3.3;3;3.3;3.1;3.1;3.2;3.1;3.2;3.4;3.1;3.1;3.2;3.3;3;2.8;;;;;;;3.2;3.8;2.2;485;Yashvir Singh;Male;Samajwadi Party;10.3
Nagina;Maharashtra;2.8;3.3;3.3;3.3;3.1;2.8;3.3;3;3.4;3.2;4.1;4.1;4.4;4.4;4.5;4.6;4.8;4.7;4.9;4.9;4.2;4.3;4.3;4.3;4.4;3.6;3.7;3.8;4.9;5.2;4;2.3;3.8;493;Vilas Baburao Muttemwar;Male;Indian National Congress;29.4
Nagpur;Uttarakhand;4;5.6;3.9;5.2;4.3;4.7;4.5;4.6;5.1;4.4;4.8;4.5;4.4;5.1;4.8;4.6;4.2;4.4;4.5;4.6;4.8;4.7;4.7;4.4;;;;;;;4.6;4;3.1;559;K.C. Singh Baba;Male;Indian National Congress;61.2
Nainital-udhamsingh Nagar;Bihar;;;;;;3.6;4.4;4.2;4.6;4.3;4.3;4.4;4.5;4.4;4.2;4.2;4.2;4.3;4.2;4.2;4.2;4.2;4.3;4.3;;4.3;6.1;4.4;4.8;5.9;4.4;3.4;2.1;468;Kaushalendra Kumar;Male;Janata Dal (United);47.2
Nalanda;Andhra Pradesh;3.4;2.9;3.1;3.1;3;3.7;3.9;3.8;3.5;3.7;3.7;3.8;3.8;3.7;4;3.5;3.5;3.7;3.7;3.7;3.7;3.8;3.8;4;4;3.7;4;4.4;4.3;5.5;3.8;4;2.8;493;Sukender Reddy Gutha;Male;Indian National Congress;22.6
Nalgonda;Tamil Nadu;5.1;6.4;3.4;2.8;3.3;4;1.3;5.7;6.6;5.8;6.1;6.8;7.7;8.1;7.3;5;5;4.7;4.6;5.1;1.3;4;4.2;4.2;3.9;5.6;4.2;4.6;4.6;6.2;4.9;4.9;2.5;512;S. Gandhiselvan;Male;Dravida Munnetra Kazhagam;72.9
Namakkal;Maharashtra;3.3;4.7;5.4;5.4;4.9;3.9;4.8;5.1;5.4;5.6;5.3;5.5;5.4;5.5;5.4;5.2;5.2;4.9;5;5;5.7;5.4;5.2;5.1;5;5.9;6.1;5.5;6.8;7.9;5.3;4.9;2.9;514;Bhaskarrao Bapurao Patil;Male;Indian National Congress;84.6
Nanded;Maharashtra;4.4;5.6;5.8;4;5.2;3.6;4.1;5.1;5.3;4.2;4.3;4.7;5.6;4.7;5.5;4.4;4.2;4.5;5;4.5;4;5.1;4;4.5;5.1;3.8;4.9;4.9;4.3;5.1;4.7;3.8;2.7;515;Manikrao Hodlya Gavit;Male;Indian National Congress;66.3
Nandurbar;Andhra Pradesh;1.4;3.7;4.1;3.9;4.7;3.1;2.9;3.1;4.1;4.2;4.2;4.1;4;3.9;4.2;4.3;4.3;4.1;3.9;4.1;4.1;3.9;3.9;4.1;4.3;5.6;4.7;4;3.9;4.4;4;3.3;1.4;515;S.P.Y. Reddy;Male;Indian National Congress;29.4
Nandyal;Andhra Pradesh;2.1;3.8;6.9;4.5;3.5;2.4;4.6;6;4;3.1;4.6;5.5;3.9;3.3;4.7;5.3;3.9;3.4;4.8;5.1;3.7;3.4;4.7;5;3.9;2.3;4.2;5.9;4.5;4.7;4.3;3.4;2.6;505;Modugula Venugopala Reddy;Male;Telugu Desam Party;41.1
Narasaraopet;Andhra Pradesh;6;5.7;6;6.3;6.1;5.7;5.1;5.5;5.9;5.6;5.3;5.5;5.8;5.7;5.5;5.6;5.7;5.7;5.6;5.7;5.7;5.7;5.6;5.7;5.7;5.7;5.6;5.7;5.8;9.4;5.8;3.6;1.9;514;Bapi Raju Kanumuri;Male;Indian National Congress;93.8
Narsapuram;Maharashtra;6.3;4.5;4.8;3.9;4.8;5.8;5.5;5.2;4.5;3.5;4;4.9;5.4;6;5.4;5;4.7;4.5;4.7;5.3;5.2;5.1;5;4.8;4.7;4.3;4.3;4.4;4.2;4.4;4.8;4.1;4.8;503;Sameer Magan Bhujbal;Male;Nationalist Congress Party;69.6
Nashik;Bihar;;;;;;3.5;4.6;4.2;4.4;4.1;4.1;4.1;4.4;4.3;4.3;4.2;4.1;4.1;4.6;4.2;4.1;4.3;4.3;4;;2.6;5.4;3.1;3.6;5.1;4.2;3.6;2.3;494;Bhola Singh;Male;Bharatiya Janata Party;36.8
Nawada;Andhra Pradesh;1.4;4.3;8.4;4.3;2.3;2.1;4.4;6.8;4;2.9;4.8;6.9;4.6;3.1;4.4;6.3;4.2;3;4.6;6.6;4.5;3;4.7;6.1;3.8;2.2;4.2;6.5;4.1;4.5;4.4;5.1;3.5;491;Mekapati Rajamohan Reddy;Male;Yuvajana Sramika Rythu Congress Party;47.2
Nellore;Delhi;;;;;;5.5;5.6;4.9;7.2;6.3;5.7;7;6.3;6;6.8;6.2;5.6;6.2;4.4;6;6;5.1;4.6;6.3;;;;;;;5.9;4.2;4.2;522;Ajay Maken;Male;Indian National Congress;94.9
New Delhi;Tamil Nadu;2.1;3.1;3.3;3.1;2.8;2.1;2.9;2.6;3;2.4;2.9;2.7;3.1;2.6;2.9;2.6;3;2.5;2.9;2.6;2.9;2.5;2.8;2.7;2.9;2;3.2;2.7;3.1;3.3;2.8;5.1;4;512;Andimuthu Raja;Male;Dravida Munnetra Kazhagam;5.5
Nilgiris;Andhra Pradesh;4.7;6.1;5.1;5.9;5;5.2;5.2;5.7;5.4;5.8;5.4;5.7;5.3;5.5;5;5.7;5.4;5.7;5.5;5.8;5.2;5.8;5.4;5.7;4.9;6;6.1;6;6.2;9.8;5.7;3.7;3.3;505;Madhu Goud Yaskhi;Male;Indian National Congress;92.0
Nizamabad;Delhi;;;;;;5.3;4;5.3;5.1;5.4;5.2;5.3;5.3;5.4;5.3;5.3;5.3;5;5.3;5.3;5.3;5.4;5.2;5;;5.4;4.9;5;4.8;7.1;5.2;4;3.4;563;Jai Prakash Agarwal;Male;Indian National Congress;82.3
North East Delhi;Goa;5.4;5.6;5.1;5.4;5.8;6.4;6;6.2;7.6;7.6;6.4;6.6;7.2;7.8;7.8;7;6.4;6.1;6.4;6.4;6.3;6.7;5.8;7.5;6.3;7.3;6.2;6.9;7.2;8.4;6.6;4.7;3;513;Shripad Yesso Naik;Male;Bharatiya Janata Party;98.8
North Goa;Delhi;;;;;;4.7;5.9;4.5;5.4;4.9;4.8;5.2;5.2;4.9;5.2;4.7;4.5;4.4;4.5;4.4;4.7;4.2;4.1;4.3;;5.1;3.6;5;4.5;7.5;4.8;4;3.1;490;Krishna Tirath;Female;Indian National Congress;69.6
North West Delhi;Assam;3.5;3.4;3.6;3.9;4.2;3;3;3.8;3.9;4.7;3.6;3.9;4.3;4.6;4;3.6;3.4;3.6;3.9;3.4;4.6;3.8;3.4;3.2;2.8;3.6;3.3;3.7;4;8.5;3.9;4.3;3.2;494;Rajen Gohain;Male;Bharatiya Janata Party;25.1
Nagaon;Andhra Pradesh;2.3;3.4;3.9;3.8;3.7;3.3;3.6;3.7;3.7;3.6;3.5;3.5;3.5;3.5;3.6;3.6;3.6;3.7;3.8;3.8;3.6;3.6;3.8;3.9;3.8;4.1;4.2;4.4;3.8;6.3;3.8;4.9;4.2;500;Magunta Sreenivasulu Reddy;Male;Indian National Congress;22.6
Ongole;Maharashtra;3.8;3.8;4.2;4.6;4.5;4.1;4.2;3.9;3.8;3.8;3.7;3.7;3.7;3.7;3.7;3.8;3.9;3.9;3.9;4;4.2;4.2;4.1;4.2;4.2;3.4;3.3;3.6;4.7;9.9;4.1;5.2;3.7;515;Padmasinha Bajirao Patil;Male;Nationalist Congress Party;33.7
Osmanabad;Jharkhand;;;;;;5.4;4.5;4.5;4.8;4.7;4.7;4.9;5.2;5.2;5.2;4.6;4.8;4.6;4.9;4.4;4.4;4.5;4.5;3.9;;6.5;4.9;4.5;5.9;5.1;4.9;3.4;2.4;524;Kameshwar Baitha;Male;Jharkhand Mukti Morcha;72.9
Palamau;Maharashtra;4.8;4.5;4;4;4;4.7;3.2;3.9;4.5;4.3;3.3;3.7;4.4;4.8;4.7;3.7;3.3;3.6;3.6;3.6;3.1;3.5;3.7;3.6;3.7;5.1;2.7;4.1;3.8;6.3;4;4.2;3.1;508;Baliram Sukur Jadhav;Male;Bahujan Vikas Aaghadi;29.4
Palghar;Kerala;2.3;2.3;2.2;2.3;2.4;2.5;2.5;2.8;3.3;3.3;3.4;3.8;4;4.3;4.7;4.4;4.2;3.6;3.8;3.3;3.3;3.3;3.2;3.1;3.2;3.1;3.4;3.7;4.7;3.7;3.3;4.3;4.4;501;M. B. Rajesh;Male;Communist Party of India (Marxist);11.5
Palakkad;Rajasthan;;;;;;3.9;4.4;4.3;4.4;4.2;4.7;4.1;3.8;4.1;3.9;3.9;4.3;3.9;4.2;4.2;4.6;4.8;4.3;3.9;;3.7;4;4.2;3.9;3.7;4.1;3.8;2.3;521;Badri Ram Jakhar;Male;Indian National Congress;33.7
Pali;Gujarat;2.8;4.8;6.8;3.8;5;1.7;4.2;7.5;6.1;3.9;3.5;4.7;4.4;3;4;6.8;5.9;3.8;3.5;4.8;4.6;3.3;4;5.4;4.6;1.5;4;7.8;4.4;3.2;4.5;4.4;3.1;489;Prabhatsinh Pratapsinh Chauhan;Male;Bharatiya Janata Party;55.4
Panchmahal;Maharashtra;3.6;4.8;5.1;4.8;5.9;4;5.3;5.4;5.5;6.1;5;5;5;5.5;5.5;5.3;4.9;4.7;5.1;5.2;6;6.1;5.1;5.2;4.9;6.3;6.5;6;6;7.7;5.4;4.7;3;511;Ganeshrao Nagorao Dudhgaonkar;Male;Shiv Sena;87.1
Parbhani;Bihar;;;;;;4.6;4.1;4.2;4.8;4.5;4.3;4.2;4.8;4.5;4.1;4.6;4.3;4.5;4.2;4.4;4.3;4.6;3.9;4.5;;3.3;4.1;3.8;3.9;4.9;4.3;3.4;2;499;Sanjay Jaiswal;Male;Bharatiya Janata Party;41.1
Paschim Champaran;Bihar;;;;;;6.1;6.4;6.3;2.7;6.3;2.9;6.3;5.4;6.2;4.3;5.5;4.5;4.2;4.9;3.9;5.8;3;5.9;3.6;;6.2;4.7;4.7;5;2.1;4.9;3.4;2.2;462;Ranjan Prasad Yadav;Male;Janata Dal (United);72.9
Pataliputra;Gujarat;1.3;3.2;7.2;5.9;2.8;2.3;4.3;6.6;4.6;2.5;4.7;6.2;4.4;3.1;4.7;5.9;4;3.4;4.7;5.1;4;3.9;4.8;5.4;4.7;2.2;3.2;6.5;6.1;4.8;4.4;6.5;2.8;467;Jagdish Thakor;Male;Indian National Congress;47.2
Patan;Kerala;4.4;4.6;5.5;4.4;4.4;4.5;4.5;5.2;5.6;6.1;5.2;5.2;5.8;6.2;6.5;5.4;4.9;4.8;5;5.1;5;5;4.6;4;3.1;5.1;4;4.8;5;5.7;5;4.3;4.1;500;Anto Antony;Male;Indian National Congress;76.6
Pathanamthitta;Punjab;;;;;;2.7;2.5;3.1;3.1;3;2.8;3.1;3.4;3.5;3.4;3;2.8;2.9;2.9;2.9;2.7;2.9;2.7;2.4;;3.1;2.6;3;3;6;3.1;4;2.4;535;Preneet Kaur;Female;Indian National Congress;8.8
Patiala;Bihar;;;;;;3.5;4.2;4.2;4.2;4.2;4.2;4.1;4.2;4.2;4.3;4.2;4.2;4.2;4.1;4.1;4.2;4.2;4.2;4;;3.5;4.6;4.7;3.5;4.4;4.1;3.5;2.2;469;Shatrughan Prasad Sinha;Male;Bharatiya Janata Party;33.7
Patna Sahib;Andhra Pradesh;5;5.9;5.1;5.6;5.8;3.4;4.4;4.6;5.2;5.7;5.6;5.8;6;6;5.6;5.5;5.5;5.3;5;5;5.1;5.2;5;4.7;4.9;4;4.8;5.3;5.5;6.7;5.2;4.2;2.5;502;Gaddam Vivekanand;Male;Indian National Congress;82.3
Peddapalli;Tamil Nadu;5.3;6.7;5.6;4.7;2.1;5;4.1;4.8;5.2;5;3.8;5.8;5.3;5;5.7;5;4.2;3.8;4.5;4.7;4.2;5.2;4.7;4.8;5;2.1;3;3.2;3.7;4.3;4.5;4.6;3.4;514;D. Napoleon;Male;Dravida Munnetra Kazhagam;55.4
Perambalur;UP;;;;;;4;4;3.7;4.6;3.7;3.7;4.2;3.8;3.8;4.2;3.5;3.8;4.1;3.9;3.7;4;3.9;3.8;4;;3.8;3.7;3.7;4.6;6.6;4;3.8;3;521;Kapil Muni Karwariya;Male;Bahujan Samaj Party;29.4
Phulpur;UP;3.5;5.8;5.6;5.5;4.4;4.3;5.4;5.2;5.3;4.8;5.2;4.8;5.2;4.8;5.2;4.8;5;4.9;5;5;5.1;5;4.9;5;;;;;;;5;3.7;2.2;488;Feroze Varun Gandhi;Male;Bharatiya Janata Party;76.6
Pilibhit;Tamil Nadu;3.5;3.8;3.1;2.2;1.8;2.1;2.9;2.4;3.1;2.4;2.9;2.5;2.9;2.3;2.9;2.6;2.9;2.4;2.9;2.5;2.9;2.4;2.9;2.7;3.1;3;3.5;3.3;3.4;4.5;2.8;4.6;3.5;510;K. Sugumar;Male;All India Anna Dravida Munnetra Kazhagam;5.5
Pollachi;Puducherry;4.1;6.2;6.8;5.4;4.7;4.9;4.8;5.3;5.6;6.4;5.3;5.7;6.1;7.1;6.4;5.6;5.4;5.1;5.2;5.4;5;4.8;4.3;3.8;3.1;4.2;5;5.1;5.2;4.8;5.2;4.4;3.4;327;V. Narayanasamy;Male;Indian National Congress;82.3
Puducherry;Kerala;5.8;4.2;6.4;3.7;6.9;6.4;7;4.6;5.4;7;5.8;5.8;7.6;7.4;4.1;3.8;3.8;3.1;4.1;6;9.3;6.2;4.5;4.8;4.4;2.8;5.6;6.2;5.9;8.6;5.6;4.1;3.6;199;E. T. Mohammed Basheer;Male;Indian Union Muslim League;90.6
Ponnani;Gujarat;1.1;4.4;9.7;4.2;3.7;1.3;4.2;9.5;4.6;2.3;4.2;7.3;4.3;2.4;4.3;7.7;4.6;2.4;4;6.9;4.2;2.4;4.4;6.8;4.6;1.4;4.3;9.2;3.7;2.4;4.6;4.8;2.3;497;Vitthalbhai Hansrajbhai Radadiyahai;Male;Bharatiya Janata Party;61.2
Porbandar;UP;3.4;3;3.5;4.3;3;3.3;3;2.9;3.8;3.6;3.4;3.5;3.3;3.2;4.1;1.7;3.9;3.1;3.1;2.3;3.9;3.5;3.1;3.2;;;;;;;3.3;3.9;2.3;526;Rajkumari Ratna Singh;Female;Indian National Congress;11.5
Pratapgarh;Maharashtra;5.3;7.3;6.9;2.9;3.3;4.2;3.4;3.6;4.4;4.6;4;4.8;4.3;4.5;4.2;4.9;4.4;3.4;3.5;5.1;3.3;3.4;3.5;4.5;4;4.2;3.4;4.2;3.7;7.6;4.4;5.1;3.1;512;Suresh Kalmadi;Male;Indian National Congress;47.2
Pune;Odisha;4.4;3.8;5;4.5;5.3;3.3;6.2;5.4;7;5.8;6.5;7.1;7.2;6.3;6.7;6.4;6.9;5.1;3.8;5.3;6.1;6.3;5.1;5.4;;;;;;;5.6;3.6;2.2;520;Pinaki Misra;Male;Biju Janata Dal;90.6
Puri;Bihar;;;;;;3.2;4.8;4.1;4.3;4.1;4.4;4.2;4.7;4.1;4.5;4.2;4.4;4.2;4.4;4;4.3;4.1;4.5;3.8;;2.6;5.4;3.5;4;6.2;4.3;3.8;3;486;Uday Singh;Male;Bharatiya Janata Party;41.1
Purnia;Bihar;;;;;;5.4;3.5;4.1;4.6;4.3;4.3;4;5.3;5.5;4.1;4.1;4;4.1;4.3;4.3;4.2;4.8;3.8;4.5;;3.9;3.3;3.6;4;5.2;4.3;3.3;1.8;500;Radha Mohan Singh;Male;Bharatiya Janata Party;41.1
Purvi Champaran;UP;3.9;6.5;2.4;5.7;4;3.8;4.8;6.2;6.5;5.2;4;3.9;6.5;6.2;5;3.7;3;4.8;3.5;5.1;4.2;5.9;4.3;3.6;4.1;5.9;4.5;3.8;4.9;4.9;4.7;3.7;2.7;501;Sonia Gandhi;Female;Indian National Congress;66.3
Rae bareli;Karnataka;4.2;4.4;3.8;4.1;4.3;3.4;4;4.3;4.2;4.1;4.1;4.3;4.1;4.5;4.4;4.4;4;4;4;4.1;4.1;4.3;3.9;4.1;4.1;4.4;4.5;4.2;4.3;6.2;4.2;4.2;3.3;499;S. Pakkirappa;Male;Bharatiya Janata Party;36.8
RAICHUR;Maharashtra;6.7;6.8;6.8;6.8;6.8;6.7;6.7;6.7;6.8;6.7;6.7;6.7;6.8;6.8;6.8;6.7;6.6;6.7;6.7;6.7;6.6;6.7;6.7;6.7;6.7;3.8;3.8;3.7;3.7;9.8;6.4;4.2;2.7;515;Anant Gangaram Geete;Male;Shiv Sena;98.2
Raigad;Chhattisgarh;3.7;4.2;6.1;5.3;6.2;4.1;4.6;5;5;4.9;5.1;4.8;4.9;5.1;5.2;5.2;5.1;5.1;5.4;5.7;5.7;5.9;5.9;5.8;6;4;5;6.1;5.7;7.8;5.3;3.5;2.6;406;Vishnu Deo Sai;Male;Bharatiya Janata Party;84.6
Raigarh;Chhattisgarh;2.9;3.1;4;4.2;4.9;3.4;3.5;3.7;4.1;3.8;4;4.3;4.3;4.2;4.4;4.4;4.4;4.2;4.1;4.2;4.2;4.3;4;4.2;4.8;3.2;4.4;5.3;4.8;5.8;4.2;3.8;2.9;502;Ramesh Bais;Male;Bharatiya Janata Party;36.8
Raipur;Andhra Pradesh;2.1;5.3;5.3;5.5;5.2;5.1;4.6;4.6;4.9;5.1;4.6;5;5.2;5;4.9;5.1;5.2;5.1;5.2;4.9;4.9;4.7;4.8;4.8;4.9;3.5;4.4;5.1;4.3;7;4.9;2.7;2.6;482;Aruna Kumar Vundavalli;Male;Indian National Congress;72.9
Rajahmundry;Andhra Pradesh;3.4;5.2;4.9;5.5;6.3;4.3;4.5;6;5.8;5.8;5.4;5.4;4.9;5.2;5.6;5.1;5.1;5.9;5.6;5.2;5.3;6.3;6.5;6;5.5;;;;;;5.4;3.7;2.3;515;Sai Prathap Annayyagari;Male;Indian National Congress;87.1
Rajampet;MP;3;3.7;2.5;3.1;2.6;2.7;3.4;2.8;5.7;3.8;3.7;3.8;4.5;4.9;3.6;3.3;3;3.2;2.9;4;3.8;4.9;2.6;2.4;3.1;;;;;;3.5;3.2;1.8;488;Narayan Singh Amlabe;Male;Indian National Congress;15.2
Rajgarh;Gujarat;1.2;4.3;8;4.5;3.9;1.1;4.4;8.7;3.6;2.9;5.1;5;5.3;4.7;2.9;4.8;6;3.6;3.7;5.3;4.5;4.6;4.8;3.6;5.1;1.2;4.4;8.3;4.4;3.3;4.4;5.1;2.9;450;Kunwarjibhai Mohanbhai Bavaliya;Male;Indian National Congress;47.2
Rajkot;Jharkhand;;;;;;3;3.5;3.9;4;3.8;3.9;4;3.4;3.7;3.3;3.9;3.9;4;4.1;3.9;3.9;4;3.6;3.4;;4.1;4.5;4.2;3.9;4.6;3.8;3.5;2;511;Devidhan Besra;Male;Bharatiya Janata Party;22.6
Rajmahal;Chhattisgarh;2.2;2.6;3.7;4.8;5.9;3.6;3.9;3.6;3.1;3.8;4.8;5.3;5.2;5.1;4.8;4.5;4.2;3.8;3.9;4.2;4.2;4.4;4.6;4.7;3.4;2.5;3.6;4.7;4.6;4.9;4.2;4.7;2.5;515;Madhusudan Yadav;Male;Bharatiya Janata Party;36.8
Rajnandgaon;Rajasthan;;;;;;5.6;5.1;4.6;4.8;4.9;4.7;4.8;5;4.7;4.7;4.8;4.7;4.8;4.7;4.8;4.7;4.8;4.1;3.2;;5.2;5.1;4.6;3.8;3.6;4.7;3.8;2.4;520;Gopal Singh Shekhawat;Male;Indian National Congress;66.3
Rajsamand;UP;3.4;4.4;3.6;3.8;4.1;3.9;3.8;3.8;3.9;4;4;4;3.9;3.9;4;3.9;3.6;3.8;3.9;3.8;3.8;3.8;4;3.9;;;;;;;3.9;3.8;2.6;506;P. Jaya Prada Nahata;Female;Samajwadi Party;25.1
Rampur;Maharashtra;2.5;3.3;3.2;4;4.3;2.3;2.5;2.6;3.1;3.2;3.2;3.3;3.4;3.3;3.3;3.1;2.9;2.8;2.8;3;3;3.1;2.8;2.9;3.3;3.4;2.5;3.5;3.8;4.9;3.2;2.4;3.5;377;Mukul Balkrishna Wasnik;Male;Indian National Congress;10.3
Ramtek;Jharkhand;3.3;3.3;3.1;3.1;2.7;3.4;3.2;3;3.1;3.1;3;3.3;3.6;3.5;3.3;3.1;3;2.8;2.9;2.8;2.8;3;3.1;3.3;;;;;;;3.1;3.3;2.2;476;Subodh Kant Sahai;Male;Indian National Congress;8.8
Ranchi;MP;2.4;2.3;2;2.4;2.1;2;2.5;3.2;2.3;3;2.3;2.8;2.9;3;3;2.6;1.6;2.9;2.5;2.8;2.8;3.1;2.5;1.8;;;;;;;2.5;3.3;1.9;483;Kantilal Bhuria;Male;Indian National Congress;3.3
Ratlam;Maharashtra;3.2;3.9;4.3;5.2;4;3.1;3.2;3.4;4.1;4.9;4.8;4.4;4.1;3.8;3.9;4;4;4.4;4.4;4.4;4.1;4;3.6;3.2;;3;4.6;4;4.3;6.1;4.1;4;2.7;512;Nilesh Narayan Rane;Male;Indian National Congress;33.7
Ratnagiri-Sindhudurg;Maharashtra;5.3;6.1;5.6;5.5;5.4;6;4.9;5.9;5.8;4.9;4.6;5;5.2;5.3;5.4;4.8;4.3;4.3;4.8;5.1;4.8;5.1;5.2;5.7;6.2;5.5;5.3;5.3;4.8;8.1;5.3;4.1;3.3;495;Haribhau Madhav Jawale;Male;Bharatiya Janata Party;84.6
Raver;MP;3;2.5;2.8;2.6;2.6;3.2;3.1;3.4;3.4;3.6;3.5;3.5;3.4;3.2;3.3;3.3;3;3.4;3.3;3.2;2.9;3.1;3.2;3.1;;;;;;;3.1;3.2;2.2;382;Deoraj Singh Patel;Male;Bahujan Samaj Party;8.8
Rewa;UP;3.7;3.6;3.6;4;3.9;3.7;3.4;3.7;4.1;4;3.7;4;4.1;3.9;4.3;3.5;3.3;3.6;3.7;3.6;3.6;4.4;3.4;3.4;;;;;;;3.8;3.4;2.4;519;Pakauri Lal;Male;Samajwadi Party;22.6
Robertsganj;Haryana;4.7;4;3.8;4.2;4.4;5.9;4.4;3.8;4;4;4.4;6.3;6.4;4.8;4.4;4.1;4;3.7;3.8;3.7;3.9;3.6;3.4;6.4;;;;;;;4.4;4.1;3.1;519;Deepender Singh Hooda;Male;Indian National Congress;47.2
Rohtak;Gujarat;1.4;4.2;7.8;4.2;3.8;1.7;3.9;7.9;4.5;2.5;3.9;6;4.2;2.8;4.4;6;4.5;3;4.1;5.9;4.4;3.2;4.6;5.9;4.9;2.1;3.3;7.2;4.9;2.6;4.3;2.3;2.9;507;Mahendrasinh Pruthvisinh Chauhan;Male;Bharatiya Janata Party;41.1
Sabarkantha;MP;4.3;4.2;4.1;4.1;3.8;2.8;2.6;4.1;3.7;3.7;3.5;3.7;3.7;3.7;3.9;4.1;3.2;3.5;3.6;3.8;3.3;3.9;4;3.1;;;;;;;3.7;3.4;2.2;534;Vacant;;Vacant;20.1
Sagar;UP;4.1;4;4.2;4.2;4.1;4;3.9;4;4.5;4.6;4.5;4.5;4.5;4.5;4.4;4.3;4.1;4.2;4.3;4.1;4.3;4.4;4.1;4.2;3.6;;;;;;4.2;3.9;2.2;537;Jagdish Singh Rana;Male;Bahujan Samaj Party;36.8
Saharanpur;Tamil Nadu;4.8;5.3;5;5.1;4.5;4.9;1.2;5.3;5.7;5.8;5.5;5.4;5.3;5.2;5.3;5.3;5.1;5.2;5.1;5.3;1.2;5.4;5.4;4.9;4.8;5.7;5.4;5.5;4.9;6.9;5;4.6;4;501;S. Semmalai;Male;All India Anna Dravida Munnetra Kazhagam;76.6
Salem;UP;4.3;4;3.8;3.9;4.3;4.3;3.8;3.7;4.4;6.6;6.5;4.8;4.2;4.7;4.1;4;4.1;4.8;4.4;4.1;4.4;3.8;4.1;4.1;;;;;;;4.4;3.6;2.2;501;Ramashankar Rajbhar;Male;Bahujan Samaj Party;47.2
Salempur;Bihar;;;;;;3.9;4.5;4.3;4.2;4.3;4.3;4.4;4.4;4.5;4.5;4.5;4.3;4.3;4.3;4.3;4.2;4.3;4.3;4.1;;;;;;;4.3;3.3;2.1;499;Maheshwar Hazari;Male;Janata Dal (United);41.1
Samastipur;Odisha;4.9;5.5;5.1;5.2;5;4.9;4.3;4.9;5.4;5.3;5;5.2;5.4;5.5;5.5;5.4;4.7;4.8;4.8;4.7;4.4;5;4.5;4.4;;;;;;;5;3.4;2.3;521;Amarnath Pradhan;Male;Indian National Congress;76.6
Sambalpur;UP;3.3;4.2;3.5;4.1;4;3.7;4.1;3.8;4.1;4;4.2;4.1;4;3.9;4.1;4;3.9;4;3.9;3.9;3.9;4;3.8;3.7;4.8;;;;;;4;4;2.7;515;Shafiqur Rahman Barq;Male;Bahujan Samaj Party;29.4
Sambhal;Maharashtra;4.8;4.3;4.2;4.8;4.2;4.9;4.7;4.4;4.6;5;4.8;4.4;4.4;4.6;4.6;4.4;4.4;4.7;4.6;4.9;4.7;4.5;4.4;4.4;4;5;5.6;5;5.5;6.6;4.7;5.4;4.2;515;Pratik Prakashbapu Patil;Male;Indian National Congress;66.3
Sangli;Punjab;1.9;1.6;1.6;1.8;1.7;2.1;2.1;3.1;2.7;2.6;2.4;2.6;3.3;2.8;3.3;2.6;2.3;2.8;2.3;2.5;2.2;3.1;2.1;1.7;;;;;;;2.4;3.7;2.2;498;Vijay Inder Singla;Male;Indian National Congress;2.5
Sangrur;UP;4.5;4.3;4.2;4.3;4.3;4.4;4.1;3.6;4.5;6.3;5.8;4.3;3.7;4.6;4.6;4;4.3;4.3;4.7;4.5;4.8;4.1;4.1;4.3;2.2;4.7;4.1;4.2;4.3;5.5;4.4;3.7;2.1;500;Bhismshankar Alias Kushal Tiwari;Male;Bahujan Samaj Party;47.2
Sant kabir Nagar;Bihar;;;;;;3;3.6;3.3;3.5;3.4;3.6;3.5;3.6;3.5;3.6;3.4;3.5;3.5;3.6;3.5;3.6;3.9;3.6;3.3;;4.6;4.8;4.1;4.6;5.2;3.7;3.8;2.1;497;Vacant;;Vacant;20.1
Saran (Chhapra);Chhattisgarh;3.9;4.6;5.7;5.4;5.7;4.4;4.8;5.4;5.3;5.7;5.6;5.4;5.6;5.4;5.4;5.2;5.3;5.3;5.3;5.3;5.5;5.7;5.6;5.7;5.8;4.4;5.2;5.6;6.5;5.1;5.3;3.5;2.5;388;Vacant;;Vacant;84.6
Sarguja;Bihar;2.7;3.8;4;4.4;3.2;2.8;4;3.1;4;3.7;3.4;3.6;3.5;3.8;2.6;2.4;4.4;3.1;3;3.2;3.7;3.7;3.7;2.6;;;;;;;3.4;3.9;2.5;527;Meira Kumar;Female;Indian National Congress;12.9
Sasaram;Maharashtra;4.5;4.4;4.5;4.5;3.9;3.9;4.8;4.7;4.8;5.3;6.2;4.7;4.7;5;4.8;4.4;3.7;4.6;4.2;5.1;5;4.1;4.1;4.2;3.9;4.7;4.4;4.4;3.9;7.4;4.6;5.5;4.5;515;Udayanraje Pratapsingh Bhonsle;Male;Nationalist Congress Party;61.2
Satara;MP;3;2.5;3;2.9;2.8;2.1;1.6;3.2;2.8;3.2;3;3.1;3.3;3.1;3.5;2.9;2.4;2.4;3.1;3;3.1;3.1;3;1.9;;;;;;;2.8;3.4;2.4;494;Ganesh Singh;Male;Bharatiya Janata Party;5.5
Satna;Andhra Pradesh;;;;;;2.1;2.6;3.4;3.8;3.9;3.8;3.7;3.6;3.7;3.8;3.9;3.9;3.8;3.9;3.9;3.8;3.7;3.7;3.5;2.9;3.2;2.4;3.7;3.7;7.1;3.7;4.2;2.2;515;M. Anjan Kumar Yadav;Male;Indian National Congress;20.1
Secunderabad;West Bengal;4.4;4.5;5.3;7.9;8.1;4.3;4.3;4.8;5.3;6.7;7.4;7.1;6.2;5.1;5.2;5.7;6.1;6.6;6.6;6.3;6;5.6;6;6.4;6.5;2.3;4.1;6.4;4.8;4.7;5.7;3.9;2.2;484;Kalyan Banerjee;Male;All India Trinamool Congress;92.0
Shrirampur;MP;;;;;;3;1.2;2.8;1.9;2.6;2.1;2.2;2.2;1.9;2.3;2.2;2;2.5;2.2;1.8;1.4;1.9;2.4;2.4;;2.5;1.4;1.8;1.8;2.2;2.1;3.4;2.1;510;Rajesh Nandini Singh;Female;Indian National Congress;0.2
Shahdol;UP;4.2;3.8;3.9;4;4;3.9;3.4;4.2;4.5;4.1;4.1;4.4;4.2;4.1;4.3;3.8;3.5;3.7;4;3.6;3.6;4.9;3.5;3.4;3.3;5.2;3.8;3.8;4.8;7.5;4.1;3.6;2;503;Mithlesh Kumar;Male;Samajwadi Party;33.7
Shahjahanpur;Bihar;;;;;;5.1;4.9;5;5;5;4.9;4.9;5.1;5;4.9;5;5;5;5;5;5;5;5;4.9;;3.6;3.5;3.5;3.7;9.4;4.9;3.5;2.1;500;Rama Devi;Female;Bharatiya Janata Party;72.9
Sheohar;Meghalaya;2;2.1;2.2;2.3;3;2.3;2.7;1.9;1.8;3.1;3.7;3.8;3.8;3.9;3.7;3.5;3;2.4;2.2;2.8;3.3;3.6;3.6;3.3;3;3;3.6;3;3.1;3.3;3;2.6;3.3;514;Vincent H Pala;Male;Indian National Congress;8.0
Shillong;Himachal Pradesh;5.1;6;5.7;5.8;5.3;3.9;5.5;4.9;5.7;5.5;5.9;5.8;5.7;5.7;6;6;5.9;5.8;5.8;5.7;5.8;5;5.5;5.2;;;;;;;5.6;4.3;3.5;518;Virender Kashyap;Male;Bharatiya Janata Party;90.6
Shimla;Karnataka;3.5;4.8;4.9;4.7;5.3;3.8;4.9;4.7;4.6;4.2;4.3;4.5;4.5;4.8;4.9;5;5.2;5;5;5;4.9;4.8;5;5.1;4.9;3.6;4.9;4.5;4.7;5.6;4.7;4.5;3.4;513;Raghavendra Yeddyurappa;Male;Bharatiya Janata Party;66.3
SHIMOGA;Maharashtra;5.2;5;5.5;5.9;6.5;5.4;5.3;5.5;5.8;6;5.9;6.3;6.4;6.6;6.5;6.3;6.1;6.1;6.3;6.1;6;6;6.3;6.1;6;6.2;5.8;5;5.6;7.2;6;5.1;3.9;495;Bhausaheb Wakchaure;Male;Shiv Sena;95.9
Shirdi;Maharashtra;5.5;6;5.8;5.8;5.6;4.4;5;5.3;6;5.6;5.3;4.9;6.1;6.3;6.4;6.1;5.8;5.4;5.1;5.7;5.1;5.2;5.1;5.7;5.5;4.6;4.3;4.3;4.1;7.5;5.4;3.4;2.9;522;Shivaji Adhalrao Patil;Male;Shiv Sena;87.1
Shirur;UP;;;;;;3.7;4.2;5.2;4.7;4.9;4.6;4.9;4.8;5.1;4.8;4.7;4.7;4.9;4.6;4.8;4.4;4.3;4;3.2;;4.5;3.8;4.6;3.7;5.2;4.5;3.8;2.4;501;Vinay Kumar Vinnu Pandey;Male;Indian National Congress;55.4
Shrawasti;MP;2.9;2.6;2.7;2.6;2.6;2.9;1.2;2.9;1.6;2.6;2;1.7;1.8;1.8;2;2.3;1.7;2.7;2.4;2.1;1.4;1.8;2.5;2.5;;;;;;;2.2;3.3;2.7;507;Govind Prasad Mishra;Male;Bharatiya Janata Party;0.6
Sidhi;Rajasthan;;;;;;4.1;4.8;4.4;4.7;4.5;4.6;4.8;4.9;4.4;4.8;4.6;4.4;4;4.1;4.3;3.9;4.5;4.4;4.1;;4.5;3.2;4.5;5.1;7.7;4.6;4.1;3.3;474;Mahadeo Singh Khandela;Male;Indian National Congress;61.2
Sikar;Assam;3.8;3.8;3.7;3.8;3.6;4.7;3.3;3.6;4;5;3.3;3.3;4.3;4.5;4.8;4.2;3.6;3.3;3.4;3.9;3.5;4.7;3.7;4.2;5.6;4;3.7;3.7;4.3;6.6;4.1;4.1;3;321;Kabindra Purkayastha;Male;Bharatiya Janata Party;33.7
Silchar;Jharkhand;3.9;3.7;3.2;3;2.7;3.8;3.4;2.8;3;2.9;3.2;3.4;3.5;3.4;3.3;3;3.1;2.8;2.9;3;3.1;3.3;3.4;3.9;;;;;;;3.2;3.2;2;526;Madhu Kora;Male;Independent;10.3
Singhbhum;Haryana;;;;;;3.8;3.6;4.1;3.8;3.7;3.7;3.8;3.8;3.8;3.7;3.6;3.8;3.6;3.6;3.5;3.7;3.6;3.4;2.9;;4.3;3.6;4.1;4;3.5;3.7;4;2.3;496;Ashok Tanwar;Male;Indian National Congress;20.1
Sirsa;Bihar;;;;;;6.2;5.5;5.4;5.3;5.5;5.1;5.3;5.4;5.3;5.4;5.5;5.5;5.7;5.5;5.5;5.5;5.6;5.6;5.8;;;;;;;5.5;3.2;1.7;510;Arjun Roy;Male;Janata Dal (United);89.1
Sitamarhi;UP;5.4;5.3;5.3;5.1;5.1;4.8;5;5.2;5;5.4;5.1;5;4.9;5.3;4.9;5.4;5;4.9;5.2;5.5;4.8;5;5;4.5;;;;;;;5.1;3.6;2.2;519;Kaisar Jahan;Female;Bahujan Samaj Party;80.1
Sitapur;Bihar;;;;;;3.3;3.4;4;5;3.7;3.7;4.3;4.2;3.8;4.5;3.6;3.2;3.3;4.1;3.2;3.7;4;3;2.6;;5.2;4.1;3.2;3.9;5.4;3.8;3.8;2;500;Om Prakash Yadav;Male;Independent;22.6
Siwan;Maharashtra;5.2;5.2;5;5;5.1;4.3;5.2;4.5;4.3;4.2;4.1;4.1;4.1;4.1;4.2;4.3;4.3;4.5;4.4;4.3;4.3;4.4;4.2;4.2;4.3;3.9;3.8;4.3;4.8;10;4.6;5.3;3.6;515;Sushil Kumar Sambhajirao Shinde;Male;Indian National Congress;61.2
Solapur;Haryana;;;;;;2.3;4.8;3.7;5.1;5;5.3;5.5;5.1;5.6;5;4.5;4.1;3.8;4.1;4.7;5.2;4;3.8;3.6;;5.8;5;5.8;3.8;8.4;4.8;3.7;2.5;487;Jitender Singh Malik;Male;Indian National Congress;69.6
Sonipat;Delhi;;;;;;5.4;4.3;5.1;4.8;5.1;5;5.1;5;5.1;5.1;5;5;5.1;5.1;5.1;5;5.1;5;5;;5.1;4.6;4.8;4.6;7.8;5.1;4;3.4;476;Ramesh Kumar;Male;Indian National Congress;80.1
South Delhi;Goa;3.7;3.9;3.9;4.2;4.6;4.7;4.8;4.6;5.9;5.8;5.5;6.1;6.5;6.8;6.4;5.1;4.5;4.2;4.5;5.1;5.1;5.5;4.6;5;6.5;5.1;4.1;4.5;5.1;7.6;5.1;5.1;3.3;515;Francisco Sardinha;Male;Indian National Congress;80.1
South Goa;Andhra Pradesh;3.8;3.8;3.8;3.9;3.8;4;3.8;3.9;4;3.9;3.9;3.9;3.9;3.9;4;3.9;4;4.1;4;4;3.9;4;4;4;4;5.9;4.8;5.2;5.9;7.2;4.2;3.7;2.8;514;Kruparani Killi;Female;Indian National Congress;36.8
Srikakulam;Tamil Nadu;3;3.7;3.9;3.5;3.8;3.6;3.4;5.1;4.7;4.7;4.2;5.1;4.7;4.8;4.3;4.7;4.4;4.2;4.4;4.5;3.5;4.7;4.8;4.3;4.3;3.6;4.5;4.6;4.6;6.2;4.3;4.3;3.1;498;Thalikkottai Rajuthevar Baalu;Male;Dravida Munnetra Kazhagam;41.1
Sriperumbudur;UP;;;;;;3.4;2.5;2.6;4.1;3.4;3;3.5;3;3.1;3.7;1.5;3.7;3.1;2.9;1.8;4;3.1;3;3.6;;3.6;2.8;3.2;4;6;3.3;4;2.4;520;Vacant;;Vacant;11.5
Sultanpur;Odisha;;;;;;4.8;4.5;3.6;4.1;4.3;3.9;4.5;4.1;4;4.4;4.1;4;4.2;4;4;4.3;4.3;3.9;4;;;;;;;4.2;3.3;2.5;521;Hemanand Biswal;Male;Indian National Congress;36.8
Sundargarh;Bihar;;;;;;2.3;3.4;3.5;4.1;4.1;4.2;4;3.9;3.9;3.8;3.4;3.4;3.3;3.4;3.5;3.4;3.5;3.2;2.7;;3.9;3.2;3.8;3.7;3.2;3.5;3.3;1.8;516;Vishwa Mohan Kumar;Male;Janata Dal (United);15.2
Supaul;Gujarat;2.3;4.5;7;4.2;4.4;1.9;5;7.7;4.7;3.1;4.5;6.7;4.4;2.8;4.4;5.6;4.4;3.3;4.5;5.8;4.4;3.2;4.2;4.4;4.5;2;5.3;6.9;4.1;5.8;4.5;4.5;2.4;509;Darshana Vikram Jardosh;Female;Bharatiya Janata Party;55.4
Surat;Gujarat;2.3;4.3;5.7;4.2;4.1;2.2;4.1;6.9;4.6;2.7;4.5;6.9;4.2;3.2;4;5.2;4.5;3.3;4.5;5.1;4.2;4;4.3;6.1;4.1;2.1;4.3;7;4.3;4.9;4.4;3.6;2.2;1012;Somabhai Gandalal Koli Patel;Male;Indian National Congress;47.2
Surendranagar;Assam;2.6;2.9;4;2.9;2.6;2.2;3.3;4.7;7.1;7.3;4.3;6.8;7.1;6.8;5.1;4.6;2.8;3.4;3.5;4.1;4.5;3.6;5.1;3.6;;3.3;5;5;5.6;7.2;4.5;4.6;3;163;Joseph Toppo;Male;Asom Gana Parishad;55.4
Tezpur;Maharashtra;;;;;;4.1;3.3;3.7;6.2;6;4.1;5.9;4.9;6.5;7.1;3.7;3.3;3.4;5.6;3.6;7.8;5.1;3.6;3.8;4.4;6.5;3.6;4.2;4.7;9.8;5;3.9;3.1;514;Sanjeev Ganesh Naik;Male;Nationalist Congress Party;76.6
Thane;Tamil Nadu;3.5;3.5;3.2;3.1;3.2;3.1;2.3;3.1;3.5;3.6;3.5;3.6;3.7;3.7;3.7;3.5;3.5;3.5;3.4;3.7;2.5;3.2;3.2;3.1;3.3;3.7;3.2;3.2;3.5;8.5;3.5;4.8;4;513;S.S. Palanimanickam;Male;Dravida Munnetra Kazhagam;15.2
Thanjavur;Tamil Nadu;6.7;7.3;6.6;6.1;6.5;5.8;5.6;5.8;5.9;6.2;6.4;7;7.2;7.1;6.9;6.2;5.9;5.9;6;6;6.2;6.5;6.6;6.7;2.2;6.8;6.1;6.3;6.5;8.3;6.3;4.3;2.8;456;J.M. Aaroon Rasheed;Male;Indian National Congress;97.5
Theni;Kerala;1.7;3.8;4.7;4.5;4.3;4.7;5.8;6;6.1;6;6;5.8;5.9;6.1;6.1;5.8;5.6;5.5;5.6;5.9;6.3;6.4;5.9;5.9;6;4.2;6.2;6.9;7;9.5;5.7;3.6;4.6;492;Shashi Tharoor;Male;Indian National Congress;92.0
Thirvananthapuram;MP;3.2;3.2;2.9;3.2;3.2;3.6;2.5;3.3;3.5;3.1;2.8;2.8;3.3;3;2.8;2.8;2.4;3.2;3.1;2.9;2.8;3.5;2.9;2.9;;;;;;;3;3.5;2.2;484;Virendra Kumar;Male;Bharatiya Janata Party;8.0
Tikamgarh;Tamil Nadu;5.1;5.5;3.7;5.9;6.1;3.5;1.8;5.3;5.3;6.7;4.2;6.9;6.6;5.7;5.6;5.6;5.3;3.9;5.4;5.1;2.1;5.7;5.2;3.4;4.1;8.7;5.4;5.3;3.7;8.5;5.2;4.2;3.4;508;P. Kumar;Male;All India Anna Dravida Munnetra Kazhagam;82.3
Tiruchirappalli;Tamil Nadu;3.6;4.1;4;4.1;4.7;4.1;4.5;4.2;3.9;4;4.1;4.4;4.5;4.3;4.4;4.1;4.2;4.2;4.3;4.2;4.1;4.1;4.5;5.1;4.5;4.1;4.8;4.4;3.6;7.6;4.4;4.2;2.8;502;S.S. Ramasubbu;Male;Indian National Congress;47.2
Tirunelveli;Andhra Pradesh;2.7;2.9;3.1;3.3;3.1;2.8;2.8;3.1;3.3;3.4;3.3;3.2;3.2;3.2;3.5;5.6;3.4;3.2;2.9;3.2;2.6;2.7;2.7;2.5;2.7;1.1;3.7;3.2;1.3;2.8;3;3.8;2.8;434;Chinta Mohan;Male;Indian National Congress;8.0
Tirupathi;Tamil Nadu;2.2;4;3.9;3.4;3.3;2.4;4;4.2;4.2;4.1;4.1;4.3;4.1;3.9;3.7;4;3.7;3.8;3.9;4;3.9;3.8;4;4.2;4.1;2.5;4.1;5.3;4.4;5.3;3.9;3.3;4;513;C. Sivasami;Male;All India Anna Dravida Munnetra Kazhagam;25.1
Tiruppur;Tamil Nadu;4.2;4;3.8;3.8;3.9;4;4;4.1;4.1;3.9;4.1;3.8;3.9;3.9;4;4;4.1;4;4;3.8;4;3.7;4;4.1;4.1;3.3;3.8;3.9;3.9;6.7;4;2.7;3.8;506;Ponnusamy Venugopal;Male;All India Anna Dravida Munnetra Kazhagam;29.4
Tiruvallur;Tamil Nadu;5.9;6;4.4;4.3;4.8;4.6;2;4.9;5.4;5;5.5;5.9;5.7;6;5;4.5;4.5;3.8;4.3;4.8;2.3;4.6;4.5;4.8;4.8;4.9;3.6;4;4.3;5.3;4.7;4.5;3.4;506;Danapal Venugopal;Male;Dravida Munnetra Kazhagam;66.3
Tiruvannamalai;Rajasthan;5;5.3;4.9;4.7;4.1;4.5;4.5;5.1;5.7;5.7;5.6;5.5;5.3;5.3;5.5;4.8;4.5;4.5;4.9;4.6;4.6;5.2;4.9;4.3;;;;;;;5;3.9;2.6;520;Namo Narain Meena;Male;Indian National Congress;76.6
Tonk-Sawai Madhopur;Kerala;4.8;4.8;4.8;4.8;5;2.5;3.3;4.3;4.4;4.1;4;4;4;4.5;4.2;4.6;4.3;4.2;4.2;4.4;3.9;3.9;4;4.4;3.5;3.7;4.4;4.5;4.3;6.8;4.3;2.3;3.5;511;P.C. Chacko;Male;Indian National Congress;41.1
Thrissur;Tripura;4.8;3.9;5.4;5.3;6.5;5.5;4.3;4.4;5.9;6.1;5.4;5.1;6.2;6.5;6;5.3;4.7;4;4.6;5.3;6.5;5.6;4.9;5.1;4.9;4.4;4.4;4.4;4.4;4.4;5.1;3.3;2.7;501;Baju Ban Riyan;Male;Communist Party of India (Marxist);80.1
Tripura East;Tripura;5.6;4.6;4.4;3.7;4.2;4.9;6;5;6.1;4.9;4.8;5.6;6.7;5.6;5.2;4.1;4.2;3.3;4.3;5.4;5.5;4.2;3.7;4.3;4.3;4.9;4.8;4.6;4.3;8.4;4.9;4.1;2.9;500;Khagen Das;Male;Communist Party of India (Marxist);72.9
Tripura West;Karnataka;4.1;3.7;3.8;3.7;3.9;4.2;3.9;3.8;3.8;3.9;4;4;4.2;4.2;4.3;4.1;4;3.8;3.8;3.9;4;4.4;3.8;3.8;3.6;4.4;3.8;3.5;3.8;4.3;3.9;4;3.8;504;Gangasandra Siddappa Basavaraj;Male;Bharatiya Janata Party;25.1
TUMKUR;Meghalaya;1.1;1.1;1.1;1.1;1.1;;;;;;;4.4;;;;;;;;;;;;;;4.9;3.7;3.8;3.9;3.4;2.7;3.4;2;515;Agatha K. Sangma;Female;Nationalist Congress Party;4.7
Tura;Rajasthan;3.5;3.6;3.7;3.7;3.7;3.8;4;3.8;3.7;3.7;3.9;3.8;3.8;3.8;3.7;3.7;4.1;3.9;3.9;3.8;3.9;4;4;3.9;;;;;;;3.8;3.6;1.8;440;Raghuvir Singh Meena;Male;Indian National Congress;22.6
Udaipur;Karnataka;3.7;4.3;3.7;4.3;4.4;4.5;4.6;4.9;4.9;5.1;4.6;5.2;5.3;5.7;5;4.4;4.4;4.5;4.7;4.8;4.6;4.6;4.7;5.1;4.9;4.3;4.6;4.6;4.4;7.6;4.7;4.7;4.1;497;Jayaprakash Korgi Hegde;Male;Indian National Congress;66.3
Udupi Chikmagalur;Bihar;4;4;4.1;4.2;4.1;4.4;5.3;4.1;4.1;4.3;4.3;4.4;4.4;4.4;4.4;4.1;4.1;4.1;4.1;4.1;4.1;4.1;3.9;3.9;;;;;;;4.2;3.5;2.3;522;Ashwamedh Devi;Female;Janata Dal (United);36.8
Ujiarpur;MP;2.9;2.7;2.6;2.8;2.8;2.2;2.5;3.1;2.6;3;2.3;2.8;3.1;3;3.2;2.2;1.5;2.7;2.5;2.7;2.6;3.1;2.3;1.9;;;;;;;2.6;3.4;2.2;495;Prem Chand Guddu;Male;Indian National Congress;3.9
Ujjain;West Bengal;3;4.6;6.7;5.3;4.4;2.3;3.9;6.4;4.7;3.3;4;5.3;4.6;3.8;4.3;5.2;4.8;4;4.4;5;4.6;4.1;4.5;5;4.7;1.3;3.9;6.7;4.9;4.6;4.5;3.6;2.6;482;Sultan Ahmed;Male;All India Trinamool Congress;55.4
Uluberia;UP;2.8;3.8;2.4;3.8;3.3;2.2;4.9;3.7;4.6;3.6;3.6;3.8;4.4;4.3;3.6;3.3;2.8;4.2;3.1;4;3.4;4.2;3.2;2.8;;;;;;;3.6;3.6;2.3;501;Annu Tandon;Female;Indian National Congress;17.9
Unnao;Karnataka;4.4;4.7;5;4.8;4.5;4.2;4.5;4.7;4.9;4.8;4.9;4.7;4.8;4.6;4.7;4.9;4.8;4.8;4.6;4.7;4.6;4.6;4.7;4.5;4.5;7.9;5.9;5.7;5.5;8;5;4.1;3.6;400;Anant Kumar Dattatreya Hegde;Male;Bharatiya Janata Party;76.6
UTTARA KANNADA;Bihar;5.3;4.8;3.7;3.2;5.2;4.6;5.2;5.3;5.2;5.5;5.4;5.4;5.4;5.4;5.2;5.3;5.3;5.4;5.4;5.4;5.4;5.4;4.8;4.7;;;;;;;5.1;3.6;2.3;513;Raghuvansh Prasad Singh;Male;Rashtriya Janata Dal;80.1
Vaishali;Bihar;;;;;;4.2;4.1;4;4.1;5.1;4.8;4.3;4.3;4.6;3.9;4.2;4.4;4.3;4.3;3.9;4.3;4.8;4.2;4;;;;;;;4.3;3.2;1.7;499;Baidyanath Prasad Mahto;Male;Janata Dal (United);41.1
Valmiki Nagar;Gujarat;1.7;3;6.5;3.6;3.8;1.4;4.5;8.9;5;3.4;4.2;6.4;4.3;2.4;4.2;6.6;5;3.5;4.4;5.3;4.1;3.5;4.3;5.2;4.6;1.6;3.8;6.5;5;5.3;4.4;4.3;2.9;505;Kishanbhai Vestabhai Patel;Male;Indian National Congress;47.2
Valsad;UP;;;;;;5.3;4.2;4.1;4.1;4.2;4.3;4.4;4.3;4.4;4.5;4.3;4.3;4.3;4.4;4.2;4.2;4.1;4.2;3.7;;6.2;4.1;4.6;4.7;4.6;4.4;4;3.4;493;Murli Manohar Joshi;Male;Bharatiya Janata Party;47.2
Varanasi;Tamil Nadu;2.1;1.9;6.1;4.4;4.3;1.7;4.2;6.6;2.8;6.2;3.5;6.8;6.8;6.7;3.6;4.5;3.3;3.6;4.3;4;4.1;4.2;4.1;3.2;4.7;2.3;5.2;4.7;4.7;6.1;4.4;4.3;3.5;507;Abdul Rahman;Male;Dravida Munnetra Kazhagam;47.2
Vellore;MP;2.3;2.4;2.3;2.2;2.1;2.2;2;3.1;2.2;2.8;2.6;2.2;2.1;1.9;2.3;3.2;2.1;2.1;2.4;2.2;2;2.2;2.6;2.2;;;;;;;2.3;3.3;2.1;489;Sushma Swaraj;Female;Bharatiya Janata Party;1.4
Vidisha;Rajasthan;;;;;;5;6.6;5.4;6.6;6;6.2;6;5.8;7;5.4;5.9;5.9;5.6;4.8;5.9;6.2;5.9;4.5;5.2;;5.4;6;5.7;5.4;5.5;5.7;3.9;2.2;521;Sachin Pilot;Male;Indian National Congress;92.0
Vijayawada;Andhra Pradesh;2;3.2;7.2;5.7;2.2;2.5;3.1;6.1;5.3;2.9;3.5;5.8;6.3;5.4;5.3;5.5;4.4;3.2;3.8;5.4;4.8;4.1;4.5;4.7;3.4;2.5;3.5;6;5.5;4.7;4.4;5.7;2;482;Vacant;;Vacant;47.2
Viluppuram;Tamil Nadu;4.9;4;3.8;3.8;4.9;2.9;2.6;3.7;4.1;4.8;4.5;4.8;4.9;4.8;4.5;3.8;3.5;3.3;3.5;3.5;3.5;3.4;3;2.4;1.2;5.8;3.1;4.2;4.4;5.4;3.9;2.8;3.2;511;K. Murugesan Anandan;Male;All India Anna Dravida Munnetra Kazhagam;25.1
Virudhunagar;Tamil Nadu;4.4;4.4;5;8.3;8.3;7.2;5.6;5;6.7;6.7;6.7;6.7;5.6;5.6;6.7;8.3;6.7;6.7;6.7;3.9;3.9;6.7;6.7;5;5.6;;;;;;6.1;2.5;2.5;2;Manicka Tagore;Male;Indian National Congress;96.9
Visakhapatnam;Andhra Pradesh;4.4;4.4;4.4;4.4;4.4;4.7;4.3;4.2;4.4;4.5;4.2;4.3;4.4;4.4;4.3;4.4;4.4;4.3;4.4;4.3;4.3;4.5;4.4;4.4;4.3;3.1;2.8;4.3;4.3;5.1;4.3;3.8;3.4;513;Daggubati Purandeswari;Female;Indian National Congress;41.1
Vizianagaram;Andhra Pradesh;3.2;4;3.3;3.4;3.8;4.1;4;4.1;4.1;4.1;4.1;4.1;4.1;4.1;4.1;4.1;4.1;4.1;4.1;4.1;4;4.1;4.1;4.1;4;2.8;3.2;3.3;3.2;5.2;3.9;3.3;3.2;516;Jhansi Lakshmi Botcha;Female;Indian National Congress;25.1
Warangal;Andhra Pradesh;2.6;2.9;2.7;2.8;3.3;2.5;2;2.5;2.5;3.2;2.4;3;3.8;4.2;4.1;2.9;2.5;2.4;2.5;2.5;2.4;2.4;2.5;2.5;2.1;;;;;;2.8;4.5;2.5;501;Rajaiah Siricilla;Male;Indian National Congress;5.5
Wardha;Maharashtra;5.4;5.9;5.7;5.7;5.2;4.7;5.2;5.6;5.7;5.8;5.8;5.8;5.9;5.9;5.8;5.5;5.5;5.4;5.6;5.4;5.4;5.3;5.2;5.2;4.8;3.5;4.3;4.3;4.6;5.1;5.3;2;2.6;444;Datta Raghobaji Meghe;Male;Indian National Congress;84.6
WAYANAD;Kerala;4;5;5.9;5.7;4.4;4.5;4.5;5.6;5.6;5.2;4.7;4.4;4.8;4.5;4.3;4.5;4.3;4.2;4.2;4.4;4.4;4.3;4.5;4.3;4.2;3.1;3.8;6;5.5;5.3;4.7;3.7;4.4;500;M. I. Shanavas;Male;Indian National Congress;66.3
West Delhi;Delhi;;;;;;5;5.1;5;5.8;5.8;5.5;5.6;5.5;5.3;5.6;4.8;4.5;4.4;4.2;4.7;4.5;4.9;4.5;4.8;;5.7;4.9;5.3;5.2;6.6;5.1;4.7;3.1;516;Mahabal Mishra;Male;Indian National Congress;80.1
Yavatmal-Washim;Maharashtra;3.2;4.1;3.8;4.4;4;4.2;4.3;4.8;4.5;4.6;4.7;5;4.5;4.9;4.8;5.4;4.9;4.9;4.7;5.2;4.7;4.7;4.6;4.5;4.5;4.5;4.5;5.3;4.8;7.3;4.7;2;2.7;499;Bhavana Gawali (Patil);Female;Shiv Sena;66.3
Zaheerabad;Andhra Pradesh;3.1;4.8;6;4.5;4.4;3.4;4.6;5;4.6;4.7;5.5;5.6;5.3;4.8;4.8;4.7;4.9;4.6;4.8;4.9;5.1;5;4.8;4.6;4.8;3.6;3;5.4;4.9;4.1;4.7;1.8;2.1;501;Suresh Kumar Shetkar;Male;Indian National Congress;66.3
;;;;;;;;;;;;;;;;;;;;;;;;;;;;;;;;;;;;;;;
;;;;;;;;;;;;;;;;;;;;;;;;;;;;;;;;;;;;;;;
;;;;;;;;;;;;;;;;;;;;;;;;;;;;;;;;;;;;;;;
;;;;;;;;;;;;;;;;;;;;;;;;;;;;;;;;;;;;;;;
;;;;;;;;;;;;;;;;;;;;;;;;;;;;;;;;;;;;;;;
;;;;;;;;;;;;;;;;;;;;;;;;;;;;;;;;;;;;;;;
;;;;;;;;;;;;;;;;;;;;;;;;;;;;;;;;;;;;;;;
;;;;;;;;;;;;;;;;;;;;;;;;;;;;;;;;;;;;;;;
;;;;;;;;;;;;;;;;;;;;;;;;;;;;;;;;;;;;;;;
;;;;;;;;;;;;;;;;;;;;;;;;;;;;;;;;;;;;;;;
;;;;;;;;;;;;;;;;;;;;;;;;;;;;;;;;;;;;;;;
;;;;;;;;;;;;;;;;;;;;;;;;;;;;;;;;;;;;;;;
;;;;;;;;;;;;;;;;;;;;;;;;;;;;;;;;;;;;;;;
;;;;;;;;;;;;;;;;;;;;;;;;;;;;;;;;;;;;;;;
;;;;;;;;;;;;;;;;;;;;;;;;;;;;;;;;;;;;;;;
;;;;;;;;;;;;;;;;;;;;;;;;;;;;;;;;;;;;;;;
;;;;;;;;;;;;;;;;;;;;;;;;;;;;;;;;;;;;;;;
;;;;;;;;;;;;;;;;;;;;;;;;;;;;;;;;;;;;;;;
;;;;;;;;;;;;;;;;;;;;;;;;;;;;;;;;;;;;;;;
;;;;;;;;;;;;;;;;;;;;;;;;;;;;;;;;;;;;;;;
;;;;;;;;;;;;;;;;;;;;;;;;;;;;;;;;;;;;;;;
;;;;;;;;;;;;;;;;;;;;;;;;;;;;;;;;;;;;;;;
;;;;;;;;;;;;;;;;;;;;;;;;;;;;;;;;;;;;;;;
;;;;;;;;;;;;;;;;;;;;;;;;;;;;;;;;;;;;;;;
;;;;;;;;;;;;;;;;;;;;;;;;;;;;;;;;;;;;;;;
;;;;;;;;;;;;;;;;;;;;;;;;;;;;;;;;;;;;;;;
;;;;;;;;;;;;;;;;;;;;;;;;;;;;;;;;;;;;;;;
;;;;;;;;;;;;;;;;;;;;;;;;;;;;;;;;;;;;;;;
;;;;;;;;;;;;;;;;;;;;;;;;;;;;;;;;;;;;;;;
;;;;;;;;;;;;;;;;;;;;;;;;;;;;;;;;;;;;;;;
;;;;;;;;;;;;;;;;;;;;;;;;;;;;;;;;;;;;;;;
;;;;;;;;;;;;;;;;;;;;;;;;;;;;;;;;;;;;;;;
;;;;;;;;;;;;;;;;;;;;;;;;;;;;;;;;;;;;;;;
;;;;;;;;;;;;;;;;;;;;;;;;;;;;;;;;;;;;;;;
;;;;;;;;;;;;;;;;;;;;;;;;;;;;;;;;;;;;;;;
;;;;;;;;;;;;;;;;;;;;;;;;;;;;;;;;;;;;;;;
;;;;;;;;;;;;;;;;;;;;;;;;;;;;;;;;;;;;;;;
;;;;;;;;;;;;;;;;;;;;;;;;;;;;;;;;;;;;;;;
;;;;;;;;;;;;;;;;;;;;;;;;;;;;;;;;;;;;;;;
;;;;;;;;;;;;;;;;;;;;;;;;;;;;;;;;;;;;;;;
;;;;;;;;;;;;;;;;;;;;;;;;;;;;;;;;;;;;;;;
;;;;;;;;;;;;;;;;;;;;;;;;;;;;;;;;;;;;;;;
;;;;;;;;;;;;;;;;;;;;;;;;;;;;;;;;;;;;;;;
;;;;;;;;;;;;;;;;;;;;;;;;;;;;;;;;;;;;;;;
;;;;;;;;;;;;;;;;;;;;;;;;;;;;;;;;;;;;;;;
;;;;;;;;;;;;;;;;;;;;;;;;;;;;;;;;;;;;;;;
;;;;;;;;;;;;;;;;;;;;;;;;;;;;;;;;;;;;;;;
;;;;;;;;;;;;;;;;;;;;;;;;;;;;;;;;;;;;;;;
;;;;;;;;;;;;;;;;;;;;;;;;;;;;;;;;;;;;;;;
;;;;;;;;;;;;;;;;;;;;;;;;;;;;;;;;;;;;;;;
Averages, etc;;3.8;4.3;4.5;4.3;4.3;3.8;4.1;4.5;4.6;4.5;4.5;4.7;4.6;4.6;4.6;4.4;4.2;4.1;4.2;4.4;4.3;4.4;4.2;4.2;4.4;4.2;4.3;4.6;4.6;6.0;4.4;3.8;2.8;499;;;;