Constituency,State,Agricultural loan availability,Electricity for Agriculture,Higher price-realization for farm products,Irrigation Programmes,Subsidy for seeds and fertilizers,Accessibility of MP,Anti-terrorism,Better employment opportunities,Better electric supply,Better hospitals / Primary Healthcare Centres,Better Law and Order / Policing,Better public transport,Better roads,Better schools,Drinking water,Empowerment of Women,Environmental issues,Eradication of Corruption,Reservation for jobs and education,Security for women,Strong Defence/Military,Subsidized food distribution,Training for jobs,Trustworthiness of MP,Other,Better garbage clearance,Encroachment of public land / lakes etc,Facility for pedestrians and cyclists on roads,Lower food prices for Consumers,Traffic congestion,Constituency Average,Wealth Index Avg,Education Index Avg,# of Responses,MP,Gender,Party,Percentile
Adilabad,Andhra Pradesh,4.7,5.8,5.4,5.9,5.9,4.9,5.8,6,6.2,6.1,6.1,6.3,6.3,6.2,6.2,5.9,5.9,5.7,5.9,5.7,5.9,5.8,5.9,5.8,5.7,,,,,,5.8,3.9,3,499,Ramesh Rathod,Male,Telugu Desam Party,93.8
Agra,UP,,,,,,3.7,3.7,3.9,4.5,3.8,3.6,3.8,4.2,4,4.3,3.2,3.5,3.5,3.6,3.4,3.7,4.8,3.1,3.1,,4.6,3.8,2.9,5,6.4,3.9,3.6,2.6,505,Ram Shankar,Male,Bharatiya Janata Party,25.1
Ahmedabad West,Gujarat,1.7,4,4.8,4.8,4.5,3,4.1,5.5,5.2,4.1,3.4,5.3,5.4,3,4.3,5.9,4.4,4.1,4.3,3.8,5.3,4.7,3.7,4.6,4.1,2.7,4.1,5.4,5,5.6,4.4,4.1,2.7,507,Kirit Premjibhai Solanki,Male,Bharatiya Janata Party,47.2
Ahmednagar,Maharashtra,4.5,5.4,5.1,5.1,5.6,4.8,5.7,5.5,5.5,6.3,5.4,5.4,5.3,6,5.4,5.5,5.2,5.7,5.6,5.4,7.4,5.9,5.6,6.4,4.8,6.8,5.6,6,6.1,8,5.7,4.4,2.6,501,Dilip Kumar Mansukhlal Gandhi,Male,Bharatiya Janata Party,92.0
Akabarpur,UP,3.3,3.5,3.4,3.6,3.4,3.7,3.7,3.8,3.6,3.8,3.8,3.9,3.8,3.9,4,3.9,3.9,3.7,3.7,3.7,3.6,3.5,3.5,3.4,,,,,,,3.7,3.7,2.6,519,Raja Ram Pal,Male,Indian National Congress,20.1
Akola,Maharashtra,3.2,4.2,4.1,4.3,4.3,3.8,4.1,4.3,4.6,4.6,4.6,4.5,4.8,5,5.3,4.9,4.7,4.6,4.6,4.8,4.9,4.9,4.8,4.8,5,3.7,3.8,4.1,3.7,5.4,4.5,2.1,3.4,510,Sanjay Shamrao Dhotre,Male,Bharatiya Janata Party,55.4
Alappuzha,Kerala,8.8,6.6,7.3,8.2,8.6,8.7,5.7,6.8,6.6,7.5,7.3,8,8.1,7.9,8.2,7.6,7.3,7.3,7.2,7.5,6.9,7.8,7.9,8.8,8.2,8,7.9,7.6,4.4,9.5,7.6,4.2,3.5,507,K. C. Venugopal,Male,Indian National Congress,99.6
Alathur,Kerala,5.1,5.9,5.5,5.8,5.7,4.1,4.9,5,5,5,5.1,5.1,5,4.9,5,5,5.1,5.1,5.1,5,4.9,5,5,4.9,4.1,3.5,4.6,4.5,4.4,4.7,4.9,1.9,3.5,515,Parayamparanbil Kuttappan Biju,Male,Communist Party of India (Marxist),72.9
Aligarh,UP,4.1,4.7,3.6,4.4,4.4,2.9,4.3,4.2,4.5,4.5,4.5,4.1,4.1,3.9,3.7,3.5,3.3,3.2,3.3,3.4,3.3,3.5,3.2,3,,,,,,,3.8,4,2.5,527,Raj Kumari Chauhan,Female,Bahujan Samaj Party,22.6
Allahabad,UP,,,,,,2.8,4.2,4.1,4.6,4.6,3.4,3.6,5.2,5.1,3.8,3.4,2.9,4.3,3.3,4.5,3.8,5.2,3.5,2.9,,3.7,3.2,2.5,5.4,4.2,3.9,3.6,2.4,502,Kunwar Rewati Raman Singh,Male,Samajwadi Party,25.1
Almora,Uttarakhand,,,,,,4.6,4.1,3.7,4.8,4.7,4.2,4.4,4.4,4.4,4.7,4.4,4.4,4.4,4.4,4.7,4.1,4.4,4.4,4.4,,4.8,3.9,4.8,4.3,5.2,4.4,3.7,2.9,488,Pradeep Tamta,Male,Indian National Congress,47.2
Alwar,Rajasthan,3.5,4,3.5,3.5,3.4,2.5,4.2,4.1,4.5,4.4,4.4,4.7,5,5.1,5.2,4.4,4.2,4.1,4.4,4.2,4.2,5.1,4.1,2.2,,,,,,,4.1,4.5,2.4,488,Jitendra Singh,Male,Indian National Congress,33.7
Amalapuram,Andhra Pradesh,3.3,4.1,3.9,4.9,5.9,3.5,4.3,4.3,4.2,4.5,4.6,4,4.3,4.3,4.1,4.4,4.5,4.3,4,4.5,4,4.2,4.2,4.2,4.8,2.3,4.5,6,5.6,4.3,4.3,5,4.6,507,G.V. Harsha Kumar,Male,Indian National Congress,41.1
Ambala,Haryana,,,,,,5,4.6,4.2,4.1,4.5,4.6,4.4,4.5,4.7,4.8,4.7,4.6,4.6,4.7,4.5,4.9,4.6,4.5,4.7,,5.2,4.5,3.6,4,4.2,4.5,4,2.7,503,Vacant,,Vacant,55.4
Ambedkar Nagar,UP,,,,,,3.1,6.7,5,7.1,3.3,6.7,3.8,6.1,3.2,6.2,3.3,3.5,3.9,4.3,2.9,3,3.8,4.7,3.7,,2.9,5.4,2.9,7,3.5,4.4,4,3,465,Rakesh Pandey,Male,Bahujan Samaj Party,47.2
Amethi,UP,3.2,4.7,2.8,5.4,4.7,3.2,5.3,5.3,6.1,5.1,3.5,3.8,6.2,5.7,3.3,3,2.6,5,3.1,5.4,4.3,6.2,3.7,2.8,,,,,,,4.4,3.6,2.3,460,Rahul Gandhi,Male,Indian National Congress,47.2
Amravati,Maharashtra,3.9,4.7,4.9,4.8,4.6,4.3,5,5.2,5.4,5.5,5.4,5.3,5.4,5.6,5.4,5.3,5.2,5.2,5.2,5.2,5.1,5.1,5,4.9,4.7,3.3,4.4,4.4,5.6,4.4,5,2.1,2.7,426,Anandrao Adsul,Male,Shiv Sena,76.6
Amreli,Gujarat,2.3,4.9,5.7,4.4,2.8,1.6,4.1,6.2,3.8,3.1,4.2,5.2,4.2,3.5,3.9,4.7,4.1,4.1,4.4,4.8,4.2,3.8,4.2,4.5,3.7,1.5,4.4,8.1,4.6,2.4,4.1,4.6,3,492,Naranbhai Kachhadia,Male,Bharatiya Janata Party,33.7
Amritsar,Punjab,,,,,,2,2.1,2.4,2.1,2.1,2.1,2.1,2.3,2.2,2.4,2.1,2.1,2.1,2.1,2.1,2,2.2,1.9,1.7,,2.5,3.1,2.6,2.4,4.7,2.3,3.6,2,498,Navjot Singh Sidhu,Male,Bharatiya Janata Party,1.4
Amroha,UP,3.6,4.6,3.9,4,4,3.8,4,3.8,4.4,4.1,4.1,4.1,4.1,4.2,4.2,3.9,3.9,4,4.1,4,4,4.1,3.8,3.8,4,3.8,3.7,4.1,4.2,7.1,4.1,4.4,3,511,Devendra Nagpal,Male,Rashtriya Lok Dal,33.7
Anakapalli,Andhra Pradesh,4,3.8,4,4,3.9,4.1,3.8,3.8,4,3.8,3.9,3.8,3.9,3.9,4.1,4.1,4.2,4,4,4.1,4.2,4.1,4,4.1,4.2,3.8,3.3,3.6,4,3.9,4,3.8,3.3,512,Sabbam Hari,Male,Indian National Congress,29.4
Anand,Gujarat,2.4,3.4,4.4,4.3,3.9,2.7,3.3,4.8,4,3.5,3.9,4.8,4.4,3.7,3.7,4.5,4.2,3.4,3.8,4.6,4.1,3.6,3.9,4.5,3.9,2.6,3.7,5.2,5.5,5.4,4,3.9,2.5,501,Bharatsinh Madhavsinh Solanki,Male,Indian National Congress,29.4
Anandpur Sahib,Punjab,,,,,,1.6,2,2.7,2.1,2.4,2.2,2.3,2.3,2.3,2.3,2.4,1.9,2.4,2.4,2.3,2.2,2.6,2.3,1.4,,2.3,1.3,2.2,1.9,2.7,2.2,3.9,2.5,496,Ravneet Singh,Male,Indian National Congress,0.6
Anantapur,Andhra Pradesh,1.9,3.1,3.4,3.3,3.2,2.2,2.9,3.2,3.5,3.4,3.4,3.1,3.3,3.2,3.2,3,3.2,3.1,3.4,3.3,3.2,3.2,3.3,3.3,3.3,1.7,2.8,3.3,3.6,3.3,3.1,2.9,4.6,468,Anantha Venkatarami Reddy,Male,Indian National Congress,8.8
Aonla,UP,7.9,6.6,6,7.8,7.5,5.8,5.5,5.4,7.1,6.2,6.6,5.4,4.8,5,5,3.8,2.9,2.9,2.8,2.8,2.8,3.9,3.4,2.6,,,,,,,5,3.7,1.8,498,Maneka Sanjay Gandhi,Female,Bharatiya Janata Party,76.6
Arakkonam,Tamil Nadu,3.7,3.8,3.8,3.7,3.7,3.7,4,3.9,4,3.8,3.8,3.7,3.8,3.8,3.6,4,3.9,4,3.9,3.9,3.9,3.6,4.1,4.1,4.3,3.6,3.9,3.9,3.9,7.3,4,2.5,3,502,S. Jagathrakshakan,Male,Dravida Munnetra Kazhagam,29.4
Araku,Andhra Pradesh,2.6,2.7,2.8,2.8,2.7,4.6,4.7,4.7,4.6,4.7,4.7,4.7,4.7,4.7,4.7,4.7,4.7,4.7,4.7,4.7,4.7,4.7,4.7,4.7,4.7,3.2,3.5,3.9,3.4,6.7,4.3,3.5,3.5,515,V. Kishore Chandra Deo,Male,Indian National Congress,41.1
Arambagh,West Bengal,3.7,4.6,6.4,5.4,5.3,3.8,4.9,6.6,5.4,4.6,5,5.7,5.2,4.5,4.8,5.5,5.1,5,5.1,5.4,5.1,4.7,5,5.3,5.2,1.1,6.7,4.4,1.1,4.4,4.8,3.9,2.8,464,Sakti Mohan Malik,Male,Communist Party of India (Marxist),69.6
Arani,Tamil Nadu,4.1,4.1,3.7,3.1,3.1,4.2,2.5,4.6,4.9,5.1,4.6,5.6,5.2,5.2,4.6,4.7,4.3,4.4,4.1,4.3,3,4.4,4.3,4,4.2,2.5,3.6,3.1,4.1,5.1,4.2,4.4,2.7,431,M. Krishnasswamy,Male,Indian National Congress,36.8
Araria,Bihar,2.6,2.6,2.4,2.6,2.9,2.4,2.2,2.5,2.7,3.2,3.3,3.3,3.3,3.3,2.9,2.8,2.7,2.8,2.8,2.9,3,3.3,2.8,2.7,,,,,,,2.8,3.3,1.8,486,Pradeep Kumar Singh,Male,Bharatiya Janata Party,5.5
Arrah,Bihar,3.8,3.6,4.2,4,3.7,4.1,3.2,3.3,4,4.1,3.6,4.1,3.9,4.1,3.9,3.6,3.5,3.9,3.8,3.8,3.7,4,3.6,3.6,,,,,,,3.8,3.5,2.3,506,Meena Singh,Female,Janata Dal (United),22.6
Aska,Odisha,5.1,4.9,4.1,5.2,4.3,3.3,3.7,5.6,7.9,7.5,6.9,6.9,7.2,7.9,6.7,5.4,4.7,4.5,4.7,5.7,5.4,4.8,5.5,3.9,,,,,,,5.5,3.9,2.3,520,Nityananda Pradhan,Male,Biju Janata Dal,89.1
Attingal,Kerala,5.4,4.9,4.3,4.7,4.8,5.5,5.3,5.4,5.6,5.6,5.5,5.6,5.6,5.9,6,5.1,5.2,5.2,5.5,5.4,5.1,5.2,5.4,5.2,4.8,5.6,5.4,5.3,4.9,7.4,5.4,5,4.4,502,Anirudhan Sampath,Male,Communist Party of India (Marxist),87.1
Aurangabad,Bihar,4.3,4.9,4,4.3,4,4,3,3.6,4.6,4.8,3.9,4,5.1,4.7,5.3,3,3.6,3.4,4,3.5,5.5,4.8,3.8,4.3,4.8,6,3.6,5.3,5.4,8.6,4.5,4,2.7,1037,Sushil Kumar Singh,Male,Janata Dal (United),55.4
Autonomous District,Assam,3.3,3,3.1,3.2,3.2,3.6,3.7,3.5,3.9,4.5,4.4,4.3,4,4.4,3.7,4,4,3.6,3.5,3.9,3.9,3.9,3.5,3.5,3.3,3.4,3.6,3.4,3.5,9.5,3.9,4.3,3.3,342,Biren Singh Engti,Male,Indian National Congress,25.1
Azamgarh,UP,4.2,4.1,4,4.4,4.1,4.1,4,4.1,4.7,5,5.1,4.5,4.2,4.4,4.2,4.3,4.3,4.2,4.4,4.3,4.3,4.3,4.2,3.9,,,,,,,4.3,3.5,2.3,482,Ramakant Yadav,Male,Bharatiya Janata Party,41.1
Badagara,Kerala,6.4,6,5.7,5.3,5.5,4.6,4.9,5.4,5.4,5.3,5.1,5.2,5.7,6.4,6.2,5.9,5.8,5.5,5.2,5,5.1,4.9,4.6,4.1,3.5,4.9,5,4.6,4.7,4.8,5.2,3.8,3.3,500,Ramachandran Mullappally,Male,Indian National Congress,82.3
Badaun,UP,4.3,4.2,4.3,4.1,4.2,4.7,4.5,4.4,4.7,4.3,4.1,4.5,4.5,4.3,4.5,4.2,4.1,4.1,4,4.1,4.2,4.5,4.2,4.1,,,,,,,4.3,3.8,2.5,505,Dharmendra Yadav,Male,Samajwadi Party,41.1
BAGALKOTE,Karnataka,4.4,4.4,4.4,4.4,4.4,4.5,4.5,4.5,4.5,4.5,4.5,4.4,4.5,4.5,4.5,4.5,4.5,4.5,4.5,4.4,4.4,4.4,4.4,4.4,4.4,2.8,5.5,5.6,7.6,9.8,4.8,5.3,2,326,Parvatagouda Chandanagouda Gaddigoudar,Male,Bharatiya Janata Party,69.6
Baghpat,UP,4.9,4.5,4.5,4.5,4.7,4.9,4.8,4.6,4.8,4.7,4.6,4.7,4.7,5,4.8,4.5,4.2,4.2,4.4,4.7,4.7,4.7,4.3,4.5,,,,,,,4.6,4,2.9,525,Ajit Singh,Male,Rashtriya Lok Dal,61.2
Bahraich,UP,,,,,,3.7,5.4,3.8,4.6,3.1,4.5,2.9,4.2,2.9,3.9,2.7,2.8,2.7,2.9,2.3,2.6,2.6,3.3,2.7,,4.1,4.4,3.7,4,3.4,3.5,4,2.7,499,Kamal Kishor,Male,Indian National Congress,15.2
Balaghat,MP,2.9,2.8,2.8,2.7,2.8,3,1.4,3.1,1.8,2.3,2.3,1.8,1.9,1.5,2.1,2.7,1.6,2.7,2.1,1.6,1.4,2,2.6,2.4,,,,,,,2.3,3.5,2.7,513,Vacant,,Vacant,1.4
Balasore,Odisha,1.6,1.8,3.5,3.8,6.8,2.1,2.2,2.5,3.6,3.8,4.1,4.3,4.3,4.4,4.3,4.2,4.3,4.1,4.1,4.3,4.4,4.2,3.7,3.2,,,,,,,3.7,3.6,2.4,517,Srikant Kumar Jena,Male,Indian National Congress,20.1
Ballia,UP,,,,,,4.2,3.6,3.7,4.5,6,6,4.8,4.3,4.6,4,4,4.1,4.6,4.5,4.1,4.5,3.9,4.2,3.8,,5.2,3.6,3.8,3.8,5.9,4.4,3.5,2.3,502,Neeraj Shekhar,Male,Samajwadi Party,47.2
Banaskantha,Gujarat,1.3,4.3,9.1,4.5,2.8,1.4,4.4,8.1,5.2,2.8,4,5.3,3.9,2.5,4.6,4.6,4.3,3.4,5.1,4,3.7,4.7,4,4,4.5,2.2,6.7,6.7,2.2,10,4.5,4.6,2.9,497,Haribhai Parthibhai Chaudhary,Male,Bharatiya Janata Party,55.4
Banda,UP,3.2,3.3,3.8,3.5,3.2,3.5,3.1,3.2,3.5,3.4,3.4,3.4,3.5,3.4,3.4,2.7,3.7,3.4,3.3,3.3,3.6,3.4,3.2,3.2,3.3,3.4,2.9,3.5,3.7,5.7,3.4,3.7,2.6,521,R.K. Singh Patel,Male,Samajwadi Party,12.9
BANGALORE CENTRAL,Karnataka,1.1,2.2,4.4,4.4,4.4,5.1,6.4,5.7,6.6,6.3,7,6.5,7,6.3,6.8,6.3,6.8,6.3,6.7,6.2,6.5,6,6.5,6.1,6.5,5.5,6.6,6,6.9,7,5.9,3.6,3.6,854,P. C. Mohan,Male,Bharatiya Janata Party,94.9
BANGALORE NORTH,Karnataka,3.1,3,4,3.4,4.2,4.1,3.4,4,4.5,4.4,4.2,4.6,5.1,5.5,5.1,4.8,4.3,4.7,4.4,4.5,4.5,4.8,4.4,4.8,4.6,4.6,4.7,4.9,4.6,5.2,4.4,4.3,3.6,1030,Chandre D.B. Gowda,Male,Bharatiya Janata Party,47.2
BANGALORE RURAL,Karnataka,4.6,4.1,4.1,4,5.2,4.3,4.3,4.5,4.4,4.7,4.8,4.7,4.5,4.3,4.6,4.7,4.5,4.8,4.7,4.5,4.5,4.4,4.4,4.6,4.8,4.1,3.5,4.3,4.4,4.7,4.5,4.3,3.7,514,Doddaalahalli Kempegowda Suresh,Male,Indian National Congress,55.4
BANGALORE SOUTH,Karnataka,4.1,6.6,6.8,5.6,4.1,3.9,4.4,4.4,4.2,4.4,4.4,4.4,4.5,4.3,4.5,4.3,4.4,4.5,4.4,4.3,4.4,4.4,4.3,4.4,4.7,4,4.4,4.4,4.6,5.1,4.6,3.7,4.1,1027,Ananth Kumar,Male,Bharatiya Janata Party,61.2
Banka,Bihar,5,4.7,4.6,4.6,4.8,5.2,4.9,5,5,5,4.9,4.9,5.1,5,4.9,5,5,5,5,5,5,5,5,4.9,,,,,,,4.9,3.5,2.1,500,Putul Kumari,Female,Independent,72.9
Bansgaon,UP,3.6,4.2,4.3,4.7,4.7,3.6,4.5,4.1,4,5.7,5.4,4.2,4.4,4.5,4,4.1,4.4,4.4,3.9,4.3,4.4,3.5,3.9,4,,,,,,,4.3,3.6,2.2,484,Kamlesh Paswan,Male,Bharatiya Janata Party,41.1
Banswara,Rajasthan,3.7,3.7,3.9,3.7,3.8,3.8,4.3,3.4,3.5,3.5,4.1,3.6,3.5,3.6,3.6,4.2,4.1,3.6,3.8,4,4,4.2,3.7,4.3,,,,,,,3.8,3.8,2,521,Tarachand Bhagora,Male,Indian National Congress,22.6
Bapatla,Andhra Pradesh,2.3,3.5,6.2,5.5,4.6,2.3,4.1,6.5,5,3.7,4.2,5.4,4.6,3.7,4.6,5.4,4.6,3.9,4.7,5.2,4.4,3.7,4.4,5.4,4.5,2.1,4.2,7.1,4.5,4,4.5,3.4,3.3,502,Lakshmi Panabaka,Female,Indian National Congress,55.4
Barabanki,UP,5,4.9,5.1,4.7,5.1,3.8,4.1,4.7,4.7,4.3,4.1,4.2,4.1,4.2,4.1,4.2,3.8,4.3,4.5,4.3,3.9,4.7,4.1,4.2,,,,,,,4.4,3.8,2.6,502,P.L. Punia,Male,Indian National Congress,47.2
Baramati,Maharashtra,3.2,3.9,5.1,4.8,3.9,3.5,3.7,5.4,5,4.2,4.4,5.3,5.1,4.4,4.7,5.1,4.8,4.5,4.6,4.9,4.7,4.3,4.5,4.9,4.8,7.3,5.3,7.6,9.3,7.1,5,5.7,2.6,514,Supriya Sadanand Sule,Female,Nationalist Congress Party,76.6
Barasat,West Bengal,4.2,4.8,5,6.5,5.7,3.7,5.1,5.7,5.8,5.2,6.5,6.5,6.1,4.8,6.3,6.9,6.3,4.9,5.9,6.4,6.2,5.5,6.2,6.4,5.7,4.1,5,5.9,8.4,8.2,5.8,3.9,3.1,487,Kakoli Ghosh Dastidar,Female,All India Trinamool Congress,93.8
Bardoli,Gujarat,1.1,4.4,10,4.4,4.4,1.2,4.3,9.2,4.7,2.2,4.6,7.7,4.3,2.4,4.3,7.6,4.6,2.4,4.3,7.3,4.3,2.5,4.6,7,3.8,1.7,4.3,8.1,3.9,4.5,4.7,2.2,2.9,509,Tushar Amarsinh Chaudhary,Male,Indian National Congress,66.3
Bareilly,UP,3.9,4.4,3.5,3.9,3.9,3.7,3.8,3.8,4.9,3.8,3.8,4.3,4.4,3.9,4.5,3.6,4,3.8,3.5,3.7,3.7,4.9,3.5,3.5,,,,,,,4,3.6,1.8,501,Praveen Singh. Aron,Male,Indian National Congress,29.4
Bargarh,Odisha,,,,,,4.1,3.9,4.3,4.7,4.6,4.5,4.5,4.7,4.6,4.6,4.5,4.2,4.3,4.4,4.4,4,4,3.9,3.8,6.4,5.2,4,6.9,6.2,5.7,4.7,3.4,2.4,520,Sanjay Bhoi,Male,Indian National Congress,66.3
Barmer,Rajasthan,,,,,,2.8,3.5,3.7,3.6,3.9,3.9,3.8,3.6,3.9,3.8,3.6,4,3.6,3.5,3.4,3.7,3.4,3.3,3.1,,2.6,3.5,3.2,3.4,4,3.5,3.7,1.6,470,Harish Choudhary,Male,Indian National Congress,15.2
Baroda,Gujarat,1.4,4.1,7.4,4.7,3,1.4,4,8.3,4.8,2.6,3.4,6.6,4.9,2.7,3.9,6.3,4.9,3.1,4.1,5.5,4.5,3,3.7,4.2,4.3,,,,,,4.3,4.2,1.9,411,Balkrishna Khanderao Shukla,Male,Bharatiya Janata Party,41.1
Barpeta,Assam,5.7,4.2,4,5,5.2,3.3,3.1,4,6.2,6.2,4.4,5.6,6.6,7.2,5.4,4,3.9,4.1,4.2,3.9,4.3,5.6,3.9,4,3.6,3.8,3.5,3.3,3.4,9.1,4.7,4.2,2.9,484,Ismail Hussain,Male,Indian National Congress,66.3
Barrackpore,West Bengal,5.6,4.4,2.2,3.3,3.3,4.2,4.4,4.9,5.7,6.6,6.8,6.2,6.1,5.4,5.7,6.2,6.4,6.6,6.2,5.8,5.9,5.3,5.7,5.5,5.3,4.1,4.4,6.5,7.8,7.7,5.5,4,3,496,Dinesh Trivedi,Male,All India Trinamool Congress,89.1
Basirhat,West Bengal,4,3.7,4.4,5.5,5.3,2.2,3.8,5.7,4.5,3.3,3.8,4.9,4.5,4.1,4.1,5,4.4,3.8,4.4,4.9,4.5,4.4,4.6,4.6,4.1,1.6,4.1,7.5,4.6,2.1,4.3,3.7,2.7,500,Sk. Nurul Islam,Male,All India Trinamool Congress,41.1
Bastar,Chhattisgarh,6.7,6.7,5.7,6.7,6,6.4,6.1,5.9,6.6,5.9,5.7,5.9,5.9,5.9,5.8,5.8,5.5,6.2,5.5,5.8,5.6,6.3,5.6,5.8,5.6,7.5,5.8,5.4,6.2,5.8,6,3.5,2.2,423,Dinesh Kashyap,Male,Bharatiya Janata Party,95.9
Basti,UP,4.1,4.3,4.3,3.1,4.1,2.4,4.1,4.2,4.6,2.9,4.5,3,3.4,2.4,3.7,3.1,2.5,3.5,3.7,2.6,2.5,4.1,3.4,2.7,,,,,,,3.5,4,3,501,Arvind Kumar Chaudhary,Male,Bahujan Samaj Party,15.2
Bathinda,Punjab,,,,,,2.4,2,2.6,2.6,2.4,2.3,2.3,2.8,2.6,2.5,2.4,2.2,2.5,2,2.1,2,2.6,2.1,1.9,,3.2,2.7,3.2,2.8,4.2,2.5,4,2.3,490,Harsimrat Kaur Badal,Female,Shiromani Akali Dal,3.3
Beed,Maharashtra,4.4,4.7,4.6,4.7,5,5.1,4.7,5.1,5.5,5.5,5.3,5.1,5.2,5.2,5.4,5.1,4.9,5.1,4.8,5.3,5.1,4.9,4.9,5.6,4.3,5.4,5,4.8,5.1,8.4,5.1,4.5,2.9,497,Gopinath Pandurang Munde,Male,Bharatiya Janata Party,80.1
Begusarai,Bihar,3.6,3.5,3.4,3.4,3.8,3,3.5,3.5,3.8,3.6,3.6,3.8,3.7,3.7,3.5,3.8,3.8,3.5,3.9,3.6,3.7,3.7,3.5,2.9,,,,,,,3.6,3.8,2.6,513,Monazir Hassan,Male,Janata Dal (United),17.9
BELAGAUM,Karnataka,4.5,4.6,5,4.8,4.7,4.5,4.7,5.2,4.7,4.9,4.9,5.2,5.1,5.1,5,5.2,5,4.6,4.5,5,4.9,5,5.1,5.1,4.9,4.1,4.6,4.2,4,6.8,4.9,3.9,3.5,515,Suresh Chanabasappa Angadi,Male,Bharatiya Janata Party,72.9
BELLARY,Karnataka,4.1,4.4,4.6,5,5,4,4.6,4.8,4.7,5,4.9,5.1,4.8,5.1,5.1,4.9,4.5,4.7,4.6,5,4.7,4.4,4.8,4.5,4.8,2.9,3.6,4.1,3.6,5.5,4.6,4.2,3.1,511,J. Shantha,Female,Bharatiya Janata Party,61.2
Berhampur,Odisha,3.5,3.8,4,3.9,3.7,3.6,4,4.1,4.4,4.1,4.2,4.3,4.4,4.3,4.2,4.2,4.1,4.2,4.1,4.2,4.1,3.9,3.9,3.9,,,,,,,4.1,3.9,2.5,520,Sidhant Mohapatra,Male,Biju Janata Dal,33.7
Betul,MP,2.4,2.2,2,2.4,2.3,1.7,2.6,3.2,2.6,2.9,2.6,2.8,3.3,3,3.9,2.6,2.7,3,2.6,2.8,2.5,3.1,2.4,1.6,,,,,,,2.6,3.3,2.5,535,Jyoti Dhurve,Female,Bharatiya Janata Party,3.9
Bhadohi,UP,2.8,2.2,3,2.6,2.6,2.4,2.4,2.7,3.7,3.7,3.2,2.1,3.7,4.2,3.1,2.8,2.5,3.1,2.8,2.7,3.2,2.4,2.7,3.1,,,,,,,2.9,4.1,3.4,529,Gorakh Nath Pandey,Male,Bahujan Samaj Party,7.6
Bhadrak,Odisha,4.8,4.1,3.5,4.1,4.3,5.3,4.4,3.5,3.8,4.1,3.9,3.8,4.2,4.5,4.2,3.8,3.6,3.6,3.2,3.5,3.5,3.5,3.6,3.4,,,,,,,3.9,3.2,2.4,520,Arjun Charan Sethi,Male,Biju Janata Dal,25.1
Bhagalpur,Bihar,3.7,3.6,3.6,3.6,3.9,3.1,3.6,3.6,3.8,3.6,3.6,3.8,3.7,3.7,3.6,3.8,3.8,3.5,3.9,3.6,3.8,3.7,3.6,3,,,,,,,3.6,4.1,2.3,574,Syed Shahnawaz Hussain,Male,Bharatiya Janata Party,17.9
Bhandara-Gondiya,Maharashtra,2.9,3,2.9,3,3.1,3.3,3.3,3.3,3.3,3.4,3.4,3.3,3.3,3.3,3.4,3.4,3.4,3.4,3.4,3.4,3.4,3.4,3.4,3.4,3.4,3.9,3.9,3.9,3.9,3.9,3.4,2.4,3.2,367,Praful Manoharbhai Patel,Male,Nationalist Congress Party,12.9
Bharatpur,Rajasthan,3.7,3.6,3.5,3.5,3.5,3.4,3.4,3.5,3.8,3.7,3.6,3.6,3.7,3.8,3.8,3.5,3.4,3.4,3.3,3.4,3.4,4,3.3,2.4,,,,,,,3.5,4.7,2.5,501,Ratan Singh,Male,Indian National Congress,15.2
Bhavnagar,Gujarat,1.6,3.9,7.4,4.7,4.1,1.9,4.1,7.6,5.3,3.8,4,5.5,4.9,3.8,4.4,5.8,5.3,3.9,4.2,5.3,4.9,4.1,4.5,5.8,4.9,1.4,4.1,9.2,3.5,5.3,4.6,4.4,3.3,481,Rajendrasinh (Raju Rana) Rana,Male,Bharatiya Janata Party,61.2
Bhilwara,Rajasthan,,,,,,4.1,4.7,5,6.3,5.5,4.9,5.1,5.5,5.1,5.8,5.2,5,5.5,5.6,5.3,5,5.2,4.6,4.2,,5,5,6.1,4.3,4.5,5.1,3.9,2.7,498,C. P. Joshi,Male,Indian National Congress,80.1
Bhind,MP,3.2,3.6,3.4,3.6,3.4,3.2,3.8,3.5,3.9,3.6,3.8,3.8,3.8,3.9,3.8,3.5,3.6,3.6,3.6,3.7,3.9,3.7,3.4,3.2,3.3,,,,,,3.6,3.8,2.6,478,Ashok Argal,Male,Bharatiya Janata Party,17.9
Bhiwandi,Maharashtra,2.9,4.2,4,3.8,3.8,3.3,3.5,3.7,4.1,4.2,3.8,3.8,3.8,3.9,4,3.9,3.7,3.7,3.7,3.7,3.9,3.8,3.7,4,3.7,5.8,3.2,2.8,3.4,9.3,4,3.8,3.5,504,Suresh Kashinath Taware,Male,Indian National Congress,29.4
Bhiwani-Mahendragarh,Haryana,3.6,3.8,4,4.1,3.4,4.4,3.9,4.8,4.5,4.3,4.2,4.3,4.1,4.3,4.3,4,4.1,4,4.2,4.2,4.1,4.3,4.2,3.4,3.8,,,,,,4.1,3.8,2.9,511,Shruti Choudhry,Female,Indian National Congress,33.7
Bhongir,Andhra Pradesh,3.1,2.8,2.9,2.9,2.8,3.7,3.7,3.5,3,3.5,3.6,3.7,3.6,3.5,3.5,3.4,3.5,3.5,3.5,3.6,3.6,3.6,3.7,3.8,3.7,3.5,3.7,4,3.9,4.8,3.5,4,2.7,500,Komatireddy Raj Gopal Reddy,Male,Indian National Congress,15.2
Bhopal,MP,2.3,2.4,2.3,2.4,2.4,2.1,2.9,3.3,3,3.2,3,3.1,3.1,3,3.2,3,3,3,3,3.1,3.1,3.1,2.9,2.3,,,,,,,2.8,3.4,2.4,511,Kailash Joshi,Male,Bharatiya Janata Party,5.5
Bhubaneswar,Odisha,7.6,6.8,5.2,4.9,5.1,6.5,6.6,8.2,8.2,8.2,7.9,8.2,8.3,8.2,8,7.3,6.7,7,6.6,6.8,6.3,7.6,5.1,6.9,,,,,,,7,3.9,3,520,(Prof.) Prasanna Kumar Patasani,Male,Biju Janata Dal,99.2
BIDAR,Karnataka,3.9,5.5,4.6,5.1,5,3.9,5.8,4.4,5.3,4.9,5.4,4.9,5.4,5.2,5.6,5.1,5.6,5.3,5.9,5.2,5.7,5.5,6.1,5.6,6,4.2,6.3,5.4,6.1,5.9,5.3,3.7,4.2,419,N.Dharam Singh,Male,Indian National Congress,84.6
BIJAPUR,Karnataka,4.8,4.9,4.1,3.9,4.5,4.8,4.2,4.2,5.1,4.8,4.3,4.4,4.6,5.1,5.2,4.6,4.4,4.5,4.9,4.9,5.1,4.5,4.2,4.8,4.2,2.9,3.5,3.4,3.9,4.4,4.4,4,2.6,498,Ramesh Chandappa Jigajinagi,Male,Bharatiya Janata Party,47.2
Bijnor,UP,,,,,,3.8,3.8,3.7,4.1,4.4,3.7,4.3,3.9,4,3.9,3.6,3.2,3.8,3.6,3.6,3.5,4.3,3.4,3.4,3.3,4,2.6,3.5,4.8,3.5,3.7,3.9,2.7,520,Sanjay Singh Chauhan,Male,Rashtriya Lok Dal,20.1
Bikaner,Rajasthan,,,,,,3,3.3,3.5,3.9,3.6,3.6,3.9,3.9,3.9,3.7,3.5,3.5,3.7,3.5,3.6,3.5,3.7,3.4,3.3,,3.5,3.7,3.7,3.6,4.1,3.6,3.8,1.9,477,Arjun Ram Meghwal,Male,Bharatiya Janata Party,17.9
Bilaspur,Chhattisgarh,2.5,3.5,6.2,4.2,3.4,2.9,3.8,5.3,4.3,3.5,4.3,5.6,4.8,3.8,4.2,4.6,3.7,3.4,3.9,4.7,4.2,4.1,4.2,4.6,4.4,5.8,5.4,4.1,5.7,6.7,4.4,3.9,2.4,507,Vacant,,Vacant,47.2
Bolangir,Odisha,4.5,4.5,4.4,4.1,4.4,4,4.5,4.2,4.2,4.4,4.6,4.5,4.4,4.2,4.4,4.4,4.4,4.5,4.4,4.5,4.4,4.3,4.4,4.5,,,,,,,4.4,3.4,2.2,520,Kalikesh Narayan Singh Deo,Male,Biju Janata Dal,47.2
Broach,Gujarat,1.5,3.3,5.5,5.5,3.2,3,4.2,6.5,4.4,3.5,4.9,4.9,4.6,4,4,5,5,4,4.4,5.2,4.8,4.3,4.6,5.6,5.3,2.3,4,6.7,5.1,5.1,4.5,4.1,2.6,468,Mansukhbhai D. Vasava,Male,Bharatiya Janata Party,55.4
Bulandshahr,UP,,,,,,3,3.2,3.4,3.6,3.5,3.4,3.5,3.7,3.5,3.6,3.2,3.1,3.2,3.4,3.3,3.4,4,3.2,3.1,3.2,4.1,3.5,3.3,3.6,8.7,3.6,3.9,2.3,483,Kamlesh Balmiki,Male,Samajwadi Party,17.9
Buldhana,Maharashtra,3.5,3.5,3.4,3.4,3.5,3.8,3.8,3.9,4.4,4.4,4.3,4.3,4.3,4.4,4.3,4.4,4.2,4.2,4.1,4,4,4.1,4.1,4,3.6,3.1,4.1,3.7,3.4,4.8,4,1.7,2.6,505,Prataprao Ganpatrao Jadhav,Male,Shiv Sena,29.4
Burdwan,West Bengal,3.2,4.9,8,7,6.5,3.7,4.7,6,6.7,6.7,6.4,5.6,5.8,5.5,6.1,7,6.6,6.3,5.7,5.2,5.6,5.4,5.8,5.9,6.1,4.3,4.9,6.3,6.4,7.8,5.9,3.8,2.9,300,Anup Kumar Saha,Male,Communist Party of India (Marxist),94.9
Buxar,Bihar,,,,,,2.9,4.3,4.2,4.8,4.5,4.8,4.6,5.2,4.6,5.2,4.2,3.8,3.8,4.4,4,4.3,4.2,4.7,4,,3.4,4.8,4.6,3.7,6.9,4.4,3.5,2.3,499,Jagadanand Singh,Male,Communist Party of India (Marxist),47.2
Calcutta South,West Bengal,,,,,,4.2,4.5,5,5.2,5.3,6.5,7.4,7.7,7,6.4,6.1,5.8,5.7,6.2,6.8,7,6.3,5.8,5.9,5.5,4.2,4.7,5.3,7.7,8.4,6,2,4,480,Subrata Bakshi,Male,All India Trinamool Congress,95.9
Chalakudy,Kerala,5.8,4.9,4.9,5.2,5.2,5.2,5.4,5.2,5.6,5.8,5.6,5.5,5.4,5.6,5.5,5.5,5.3,5.2,5.5,5.5,5.6,5.5,5.4,5.5,5.3,6.4,6.4,6,6.1,8.2,5.6,5,5.1,503,K. P. Dhanapalan,Male,Indian National Congress,90.6
CHAMARAJANAGAR,Karnataka,7.9,7.7,7.7,7.9,7.7,8.2,9.4,6.9,7.1,6.9,7.7,8,8.6,7.5,8.4,7.9,8.1,7.7,6.4,7.8,7.8,8.1,7.1,8,8.1,2.9,4.3,2.8,3.1,2.9,7,4.4,2.3,515,Rangaswamy Dhruvanarayana,Male,Indian National Congress,99.2
Chandauli,UP,,,,,,5.4,4.2,4.2,4.8,4.4,4.5,4.6,4.6,4.4,4.5,4.2,5.1,4.4,4.6,4.5,4.5,4.5,4.7,4.3,,,,,,,4.5,3.8,3.3,525,Ramkishun,Male,Samajwadi Party,55.4
Chandigarh,Chandigarh,,,,,,2.1,1.8,2.7,2,2.4,2.2,2.2,2.5,2.4,2.4,2.3,2,2.6,2.1,2.1,2.1,2.6,2.2,1.6,,2.9,1.7,2.4,2.6,2.8,2.3,3.6,2.2,508,Pawan Kumar Bansal,Male,Indian National Congress,1.4
Chandni Chowk,Delhi,,,,,,5.3,5.8,4.8,7.4,6.8,6.5,7,6.7,7,7.4,6.3,6.5,6.1,4.6,5.9,6.5,5.1,4.5,6.2,,,,,,,6.1,4.3,3.9,438,Kapil Sibal,Male,Indian National Congress,96.9
Chandrapur,Maharashtra,4.3,6.6,6.1,6.1,5.7,4.6,6.4,6,6.4,5.9,6,6,6.1,6.1,6.1,6,6.1,6,6,6.1,6,6.1,5.9,5.6,4.7,,,,,1.1,5.7,2.5,3.1,472,Hansraj Gangaram Ahir,Male,Bharatiya Janata Party,92.0
Chatra,Jharkhand,4.1,4.9,5,5,4.3,2.9,5.1,5.1,5,4.6,4.8,4.6,4.7,4.5,4.7,4.6,4.7,4.6,4.9,4.7,4.9,4.6,4.7,4.4,,,,,,,4.6,3.4,1.7,468,Inder Singh Namdhari,Male,Independent,61.2
Chevella,Andhra Pradesh,4.8,5,5.1,5,5.2,5.6,5.8,5.9,5.9,6,5.9,5.9,5.9,6,5.9,5.8,5.7,5.8,5.7,5.5,5.5,5.4,5.6,5.5,5.8,6.1,6.3,6.2,6.1,8.6,5.8,3.8,3,514,Jaipal Sudini Reddy,Male,Indian National Congress,93.8
Chhota Udaipur,Gujarat,1.4,3.7,7.6,5.4,3.3,1.8,3.8,7.7,5.1,2.3,3.7,6.7,5.1,2.6,3.6,6,5.2,3.2,3.5,5.3,5.3,3.4,3.5,4.6,5.3,2.6,3.9,5,4.9,3.7,4.3,3,2.6,499,Ramsinh Patalyabhai Rathwa,Male,Bharatiya Janata Party,41.1
Chidambaram,Tamil Nadu,3,3.6,3.8,3.6,3.3,3.6,4.6,5,4.9,5.4,5,4.9,4.3,4.6,4.4,4.5,4.8,4.8,4.6,4.7,4.2,4.5,4.6,4.8,3.6,3.3,4.8,5,4.7,5.4,4.4,4.3,3.4,515,Thirumaa Valavan Thol,Male,Viduthalai Chiruthaigal Katchi,47.2
CHIKKABALLAPUR,Karnataka,4.6,6.7,5.4,5.9,5.1,4.1,3.5,3.7,4.1,4.2,4.3,4.2,3.9,3.9,4,3.5,3.8,3.9,3.1,3.5,4.3,3.4,3.5,3.5,4.1,4.4,5.5,5.4,5.8,4.5,4.3,4.6,3.5,463,M. Veerappa Moily,Male,Indian National Congress,41.1
CHIKKODI,Karnataka,2.1,3.6,4.1,3.9,3.8,3,3.6,3.7,3.7,3.6,4,3.8,3.8,3.6,3.8,3.7,3.6,3.7,3.8,3.7,3.5,3.8,3.8,3.8,3.7,3.2,3.6,3.6,3.9,8.8,3.8,4,3.2,495,Ramesh Vishwanath Katti,Male,Bharatiya Janata Party,22.6
Chittoor,Andhra Pradesh,4.1,4.9,2.4,4.3,5.8,3.2,2.4,5.4,5.5,5.6,4.3,5,4.4,5.6,4.6,3.6,3.1,3.2,5.8,3.3,4.4,6.2,4.7,3,3.3,4.4,1.1,4.4,4.4,4.4,4.2,3.9,2.3,497,Naramalli Sivaprasad,Male,Telugu Desam Party,36.8
Chittorgarh,Rajasthan,,,,,,4.8,4.3,3.9,4.3,4,4.5,4.1,4.2,4.2,4.1,4.1,4.2,4.1,4.1,4.3,4.2,4.3,3.9,3.8,,4.3,4,3.6,4,2.9,4.1,3.7,2.4,510,Girija Vyas,Female,Indian National Congress,33.7
CHIYTRADURGA,Karnataka,3.8,4.9,4.5,4.6,4.3,4.7,5.2,5.4,4.4,4,4.5,4.6,4.7,4.9,5.1,4.6,4.2,4.5,4.7,4.4,4,4.4,5.1,4.3,3.4,4.2,4.6,3.9,4.8,4.2,4.5,4.3,3.7,512,Janardhana Swamy,Male,Bharatiya Janata Party,55.4
Churu,Rajasthan,,,,,,4.5,4.1,4.9,4.6,4.3,4.3,4.5,3.7,4.2,4.2,4.2,4,4.1,4.3,3.8,3.6,5.1,4.1,5.6,,4.5,2.9,4.2,6.9,5.4,4.4,3.9,2.3,467,Ram Singh Kaswan,Male,Bharatiya Janata Party,47.2
Coimbatore,Tamil Nadu,2.8,4.2,3.2,3.8,3,2.3,2.7,2.5,2.8,2.5,2.8,2.6,2.7,2.6,2.9,2.5,2.8,2.5,2.8,2.6,2.8,2.6,2.7,2.6,2.9,2.4,2.9,2.6,2.5,2.4,2.8,4.5,4.8,509,P.R. Natarajan,Male,Communist Party of India (Marxist),5.5
Cuddalore,Tamil Nadu,3,3.6,3.8,3.9,4.6,2.5,5,2.6,3.6,3.9,3.9,3,4.2,3.2,3.9,3.8,3.4,4.2,3.7,3.4,3.5,3.4,2.3,1.5,1.1,4.8,3.6,2.3,6.7,7.6,3.7,3,3.1,503,Sambandam Keerapalayam Alagiri,Male,Indian National Congress,20.1
Cuddapah,Andhra Pradesh,1.9,5.4,3.7,5.5,7.9,3.4,2.9,6.4,6.4,6.5,4.9,4.9,3.9,4.9,6.2,4.7,4.5,5.9,6.4,4.3,5.3,7.3,7.8,6.1,4.5,,,,,,5.3,2.9,2.5,505,Y. S. Jagan Mohan Reddy,Male,Yuvajana Sramika Rythu Congress Party,84.6
Cuttack,Odisha,,,,,,4.7,4.8,4.9,4.9,4.9,4.9,4.8,4.6,4.6,4.9,4.4,4,4.4,4.2,4.1,4.2,4.3,4.1,4.7,3.6,3.3,4,4.4,3.9,6,4.5,3.6,2.7,518,Bhartruhari Mahtab,Male,Biju Janata Dal,55.4
Dadra & Nagar Haveli,Dadra and Nagar Haveli,1.8,5.8,6.4,4.3,4.4,2.3,5,7.2,4.5,2.9,4.6,6,3.7,2.9,4.9,5.6,3.9,3.5,4.7,5.2,3.7,3.7,4.7,4.6,4.4,2.7,4.6,8.5,4.2,3.8,4.5,2.7,2.7,487,Natubhai Gomanbhai Patel,Male,Bharatiya Janata Party,55.4
DAKSHINA KANNADA,Karnataka,7.2,5.4,7.4,5.5,6.8,6.6,6.1,6.6,5.3,7.2,5.9,5.9,6.4,7.4,7.2,6.7,5.8,5.7,6.8,7.1,6.3,6.8,6.3,6,5.7,6.7,5.6,7.6,5.9,6.3,6.4,4,3.5,515,Nalin Kumar Kateel,Male,Bharatiya Janata Party,98.2
Daman And Diu,Daman and Diu,1.1,4.4,10,4.4,4.4,1.2,4.2,9.2,4.8,2.8,4.4,7.8,4.2,2,4.6,7.5,4.8,2.6,4.4,6.7,3.9,2.4,4.6,5,4.5,1.6,4.1,8.2,4.8,3.1,4.6,4.3,3,506,Lalubhai Babubhai Patel,Male,Bharatiya Janata Party,61.2
Damoh,MP,,,,,,3.5,2.4,3.6,3.8,3.8,3.6,3.6,3.6,3.6,3.6,3.7,3.1,3.6,3.4,3.3,3,3.1,3.1,2.8,2.1,4.5,3.9,3.7,4,4.5,3.5,3.3,2.2,465,Shivraj Singh Lodhi,Male,Bharatiya Janata Party,15.2
Darbhanga,Bihar,,,,,,3.8,4.5,4.1,4.3,4.3,4.5,4.6,4.8,4.8,4.6,4.3,4.2,4.1,4.3,4.2,4,4.2,4.1,4,,4.2,4.6,4.1,4.8,7,4.4,3.4,2.1,518,Kirti (Jha) Azad,Male,Bharatiya Janata Party,47.2
Dausa,Rajasthan,4.1,4.8,4.6,4.5,3.8,3.6,4.7,5.2,4.2,4.8,4.7,4.3,4.2,4.4,4.2,4.2,4.7,4.3,4.4,4.3,4.6,4.5,4.4,3.7,,,,,,,4.4,4,2.9,521,Vacant,,Vacant,47.2
DAVANAGERE,Karnataka,4.2,2.3,4.4,1.5,9.6,3.7,1.9,6.6,4.5,4.5,2.7,4.5,4.6,5.3,5.5,4.4,3.8,3.2,4,2.8,3.1,9.2,7.9,2.3,3.1,9.7,4.6,4.6,4.6,9.9,4.8,4,2.4,508,Gowdar Mallikarjunappa Siddeshwara,Male,Bharatiya Janata Party,69.6
Deoria,UP,4.5,6.3,5.6,4.9,4.3,3.9,6,4.9,5.1,5.4,5.1,4.2,4,5.6,5.3,5.1,5.9,5.7,5.1,5.3,5.1,4.1,4.3,4.4,,,,,,,5,3.7,2.1,461,Gorakh Prasad Jaiswal,Male,Bahujan Samaj Party,76.6
Dewas,MP,3.3,4.7,2.7,3.2,2.8,3.3,4.6,3.4,7.9,4.2,4.8,5.1,5.1,6.1,5.4,3.7,3.6,3.7,3.7,4.1,4.5,5.4,3.4,3.7,,,,,,,4.3,3.3,2.2,519,Sajjan Singh Verma,Male,Indian National Congress,41.1
Dhanbad,Jharkhand,,,,,,5.8,4.4,3.8,4,4,4.4,6.3,6.3,4.8,4.4,4.1,4,3.7,3.8,3.7,3.9,3.6,3.4,6.3,,,,,,,4.5,3.5,2,536,Pashupati Nath Singh,Male,Bharatiya Janata Party,55.4
Dhar,MP,,,,,,2.4,2.9,3.1,5.3,3.5,3.6,3.6,4.5,4.5,4.8,2.8,2.5,2.8,2.9,3.1,2.9,4.2,2.8,2.1,3.3,4.8,2.9,3.3,5,4,3.5,3.4,1.9,494,Gajendra Singh Rajukhedi,Male,Indian National Congress,15.2
Dharmapuri,Tamil Nadu,1.8,3.5,3.6,3.4,3.8,3.5,2.9,4.5,4,3.9,4.1,4.6,4.6,4.6,4.2,4,4.1,4,4.1,4.3,3.6,3.9,4.2,4.3,4.2,3.5,4.6,4.5,4,4.8,4,4.6,3.7,506,R. Thamaraiselvan,Male,Dravida Munnetra Kazhagam,29.4
DHARWAD,Karnataka,4.7,3.5,3.4,3.4,5.7,4.5,4.7,3.4,6.4,3.8,6.2,5.4,4,5.3,5.7,3.9,4.8,5.1,3.8,5.6,6.2,5.9,3.7,4.8,4.4,4.2,5,7.5,4.8,4.6,4.8,4.9,2,515,Pralhad Venkatesh Joshi,Male,Bharatiya Janata Party,69.6
Dhaurahra,UP,,,,,,5,5.4,6.1,5.4,6.1,5.5,5.5,5.6,5.8,5.3,5.6,5.2,5.1,5.3,5.8,5.3,5.4,5.6,5.1,,5.1,6.5,5.8,6.1,7.3,5.6,3.6,2.6,420,Jitin Prasada,Male,Indian National Congress,90.6
Dhenkanal,Odisha,3.3,4,4,3.9,4.1,3.9,4.5,4.3,4.4,4.4,4.5,4.5,4.3,4.4,4.3,4.4,4.4,4.3,4.1,4.4,4.2,4,4.1,4.1,,4.4,4.8,4.3,3.8,4,4.2,4.3,2.3,520,Tathagata Satpathy,Male,Biju Janata Dal,36.8
Dhubri,Assam,1.1,1.1,1.2,1.1,1.9,1.5,1.5,1.5,1.3,1.6,1.5,1.5,2.2,1.7,3.8,1.6,1.5,1.5,1.5,1.5,1.5,1.5,1.5,1.5,3,,,,,,1.6,3.4,2.6,147,Maulana Badruddin Ajmal,Male,All India United Democratic Front,0.0
Dhule,Maharashtra,4.6,6,4.8,4.7,4.6,4.8,6.1,5.1,4.5,4.5,4.8,4.7,4.7,4.8,4.8,4.7,4.9,4.6,4.7,4.7,4.6,4.8,4.9,4.9,4.6,4.9,6.2,4.1,5,6.1,4.9,3.9,3.2,515,Sonawane Pratap Narayanrao,Male,Bharatiya Janata Party,72.9
Diamond Harbour,West Bengal,1.6,4.2,7.9,4.9,4.4,2.3,4.7,7.3,5.1,4.3,5.5,6.4,5.5,5.2,5.4,6.1,5.8,5.5,5.5,5.7,5.7,5.5,5.5,5.6,5.2,3,5.2,5.6,6.3,6.2,5.2,3.7,2.1,475,Vacant,,Vacant,82.3
Dibrugarh,Assam,5.4,2.7,3.2,3.3,4.8,3.9,2.9,3.4,5.1,6.7,6.9,4.6,4.6,5.5,2.8,3.8,3.5,3.4,3,4.1,7.7,5.4,3.6,4.3,4.1,4.5,4,4.2,3.3,10,4.5,4.8,3.9,171,Paban Singh Ghatowar,Male,Indian National Congress,55.4
Dindigul,Tamil Nadu,6.7,7.4,6,5.3,6.6,5.9,4.7,5.7,6.5,7,6.6,7.5,7.8,7.9,7.6,6.7,6.1,6.1,6.3,6.4,6.3,5.9,6.1,6.3,3.8,7.7,5.3,6,6.3,8.6,6.4,4.5,3.2,499,N.S.V. Chitthan,Male,Indian National Congress,98.2
Dindori,Maharashtra,6,4.8,4.6,4.9,5.5,6.8,5.4,4.7,4.5,5,5,5.3,5.4,5.7,5,5.1,5.5,5.4,5,5,5.2,5.5,5,4.7,4.8,7.9,5.1,3.9,4,6.1,5.2,4.2,4.1,502,Harischandra Deoram Chavan,Male,Bharatiya Janata Party,82.3
Dohad,Gujarat,1.8,5.5,6.1,3.4,4.7,2,4,7.8,3.9,4.3,4.8,5.7,3.8,3.5,5.7,5.4,4.4,3.8,5.2,4.5,4.9,6.1,4.9,7.1,,10,,2.2,,,4.8,3.5,2.6,506,Prabha Kishor Taviad,Female,Indian National Congress,69.6
Domariyaganj,UP,,,,,,4,4.1,4.1,4.4,5,5.2,4.3,4,4.4,4.1,4.3,4.2,4.2,4.3,4.2,4.1,4.1,4.1,3.8,,3.4,4.1,3.3,4.1,5.2,4.2,3.8,2.3,502,Jagdambika Pal,Male,Indian National Congress,36.8
Dum Dum,West Bengal,,,,,,2.9,4.3,6.2,5.5,5.3,5.3,5.5,5,4.3,4.9,5.8,5.5,4.7,5.2,5.6,5,4.3,4.7,5.2,5.5,2.6,4.2,4.4,6,6.4,5,3.9,3,499,Saugata Roy,Male,All India Trinamool Congress,76.6
Dumka,Jharkhand,,,,,,3.6,3.5,2.7,2.6,2.6,2.6,2.7,2.7,2.7,2.5,2.6,2.6,2.6,2.6,2.6,2.6,2.7,2.6,2.6,,2.7,2.7,2.7,2.6,4.7,2.8,3.4,2.2,371,Shibu Soren,Male,Jharkhand Mukti Morcha,5.5
Durg,Chhattisgarh,3.8,4.3,4.5,5.7,6.2,4.5,4.1,4.5,4.8,4.5,4.8,4.7,5.1,5.2,5.5,5.1,4.6,4.6,4.8,4.7,4.4,5,4.5,5,4.5,5.3,4.3,4,5.4,7.5,4.9,4.4,3.3,506,Saroj Pandey,Female,Bharatiya Janata Party,72.9
East Delhi,Delhi,,,,,,4.5,4.5,5,5.2,5.1,5.2,5.1,5.1,4.9,5,4.9,4.6,4.4,4.8,4.7,4.7,4.8,4.2,4,,4.6,4.2,4.6,4.8,7.6,4.8,4.4,3.5,520,Sandeep Dikshit,Male,Indian National Congress,69.6
Eluru,Andhra Pradesh,2.9,3.8,5.1,4.7,4,2.5,3.7,6.9,4.6,2.8,4,6.1,4.7,3.3,4.2,6.3,4.7,2.9,4.2,6.1,4.3,3,4.4,5.9,3.8,1.9,4,8.2,4.7,2.3,4.3,5.2,2.3,515,Kavuri Samba Siva Rao,Male,Indian National Congress,41.1
Ernakulam,Kerala,2.8,2.2,2.8,2.8,2.8,7.2,7.4,7.4,7.2,7.3,7.1,7,7,7,6.9,6.8,6.8,6.6,6.5,6.5,6.5,6.6,6.3,6.7,6.6,5.9,5.8,5.8,6,8,6.1,2.7,4.5,506,Kuruppassery Varkey Thomas,Male,Indian National Congress,96.9
Erode,Tamil Nadu,4.5,5.2,3.6,3.9,5.6,3.7,1.2,6.5,7.1,6.8,3.3,9.1,8.6,9.2,8,5,4.6,3.8,4,5.5,1.3,6,5.6,3.5,4.4,9.1,5.6,5.6,3.5,9.8,5.5,4.2,3.1,508,A. Ganeshamurthi,Male,Marumalarchi Dravida Munnetra Kazhagam,89.1
Etah,UP,,,,,,1.8,3.8,3.7,3.8,3.7,3.7,3.9,3.9,3.9,3.7,3.5,3.7,3.7,3.7,3.6,3.6,3.8,3.6,3.4,,3.1,2.6,3.3,3.3,5.6,3.6,3.5,2.4,558,Vacant,,Vacant,17.9
Etawah,UP,,,,,,2,3.6,3.1,3.1,3,3.2,2.9,3.3,3.2,3.3,3.2,3.3,3.2,3.4,3.1,3.3,3.1,3.3,2.7,,2.2,3.5,2.9,2.7,4.3,3.1,3.6,2.5,501,Premdas Katheria,Male,Samajwadi Party,8.8
Faizabad,UP,,,,,,5.9,4.9,6.2,4.9,5.6,5.4,5.7,5.5,5.6,5.3,5.4,5.3,5.5,5.2,5.3,5.1,5.1,4.9,4.4,,6.5,4.8,5.1,5,5.8,5.4,3.9,2.6,478,Nirmal Khatri,Male,Indian National Congress,87.1
Faridabad,Haryana,3.8,3.8,3.4,3.7,3.6,3.3,3.3,4,3.9,3.8,3.7,3.7,3.7,3.9,3.7,3.6,3.5,3.5,3.5,3.7,3.5,3.6,3.6,3.7,,,,,,,3.6,3.8,2.3,512,Avtar Singh Bhadana,Male,Indian National Congress,17.9
Faridkot,Punjab,2.8,2.2,2.7,2.4,2.9,2.2,2.1,2.3,2,2.3,2.4,2.2,2.1,2,2.4,2.4,2.3,2.8,1.9,1.8,2.1,2.7,2.6,1.8,,,,,,,2.3,3.8,2.1,551,Paramjit Kaur Gulshan,Female,Shiromani Akali Dal,1.4
Farrukhabad,UP,2.9,3.9,3.1,3.3,3.2,1.2,3.8,3.3,3.1,3.3,3.6,3,3.5,3.1,3,2.8,3,2.7,3.1,2.9,2.9,2.8,2.7,2.4,4.4,2.3,4.1,2.6,2.4,4.4,3.1,3.8,2.5,501,Salman Khurshid,Male,Indian National Congress,8.8
Fatehgarh Sahib,Punjab,,,,,,2.4,2.1,2.6,2.5,2.8,2.9,2.4,2.4,2.6,2.7,2.5,2.3,2.9,2.5,2.2,2.3,2.7,2.7,2,,2.3,1.9,2.3,2.1,4.6,2.5,3.9,2.4,478,Sukhdev Singh Libra,Male,Indian National Congress,3.3
Fatehpur,UP,3.8,4,3.8,4.2,4.1,4.8,4.6,4.6,5,4.9,4.8,4.8,4.6,4.8,4.8,4.6,4.4,4.6,4.6,4.6,4.6,4.7,4.4,4.2,3.7,,,,,,4.5,3.7,2.6,508,Rakesh Sachan,Male,Samajwadi Party,55.4
Fatehpur sikri,UP,,,,,,3.3,3.3,4,4.3,3.8,3.9,3.7,3.9,3.9,4.5,3.5,3.3,3.3,3.5,3.3,3.3,4.7,3.1,3.1,,3.8,4.2,3.8,3.7,7.7,3.9,3.7,2.1,503,Seema Upadhyay,Female,Bahujan Samaj Party,25.1
Ferozpur,Punjab,,,,,,2.1,2,2.9,2,2.5,1.9,1.9,2.3,2.2,1.9,2.5,1.9,2.4,2.2,2.2,2.1,2.7,2.3,1.7,,2.4,1.4,1.9,2.1,2.6,2.2,3.8,2.3,514,Sher Singh Ghubaya,Male,Shiromani Akali Dal,0.6
Firozabad,UP,3.3,3.6,3.8,4.1,3.5,2.1,4,4.2,4.2,4.3,4.1,4.1,4.1,4.1,4.1,3.6,3.7,3.9,4,3.8,4,3.9,3.9,3.6,7.9,,,,,,4,3.7,2.4,498,Raj Babbar,Male,Indian National Congress,29.4
Gadchiroli-Chimur,Maharashtra,4,6.3,5.5,6.4,5.7,4.7,6.9,5.9,6.8,6,6.2,5.8,6.6,6.3,6.7,6,6.2,5.9,6.2,6,6.4,6.2,6.4,6,5.9,6.3,3.7,6.5,5.1,6.4,6,2.8,3.8,501,Marotrao Sainuji Kowase,Male,Indian National Congress,95.9
Gandhinagar,Gujarat,1.4,4.4,7.7,4.1,2.3,1.3,4.5,8.6,4,2.3,5,7.4,4,2.7,4.6,6.9,4.3,2.8,4.1,6.8,4.3,3.3,4.7,6.5,3,1.9,4.3,6.8,4.2,3.2,4.4,4.9,3.8,506,Lal Krishna Advani,Male,Bharatiya Janata Party,47.2
Ganganagar,Rajasthan,,,,,,3.4,2.9,3.2,3.3,3.3,3.2,3.4,3.5,3.6,3.2,3.2,3.1,3.1,3,3,3,3,2.9,2.7,,4.1,3.4,3.2,3.1,6.9,3.4,3.9,2.2,484,Bharat Ram Meghwal,Male,Indian National Congress,12.9
Gauhati,Assam,5,4.3,5.2,5,4.6,5.5,3.9,4.7,5.5,5.3,5.3,5.3,5.6,5.5,5.3,5,3.7,3.7,4.7,4.8,4.2,5,4.8,5.5,3.8,3.5,3.6,2.4,2.4,4.4,4.6,4.2,3.2,497,Bijoya Chakravarty,Female,Bharatiya Janata Party,61.2
Gautam buddh Nagar,UP,,,,,,3.8,4,4.2,4.2,4.2,4.2,4.2,4.4,4.4,4.6,3.9,3.8,3.8,4,3.9,4,4.4,3.8,3.7,,4.1,4.1,4,4.7,8.3,4.3,4.3,2.5,475,Surendra Singh Nagar,Male,Bahujan Samaj Party,41.1
Gaya,Bihar,,,,,,4.8,4.6,4.6,4.5,4.4,4.8,4.7,4.5,4.8,4.6,4.7,4.4,4.6,4.7,4.7,4.7,4.6,4.7,4.8,,,,,,,4.6,4,2.8,522,Hari Manjhi,Male,Bharatiya Janata Party,61.2
Ghaziabad,UP,4.6,4.2,4.6,4.3,4.7,4.4,4.1,4.7,4.4,4.2,4.5,4.3,4.3,4.5,4.4,4.2,3.6,3.7,4.4,4.4,4.4,4.2,3.9,4.3,,4.4,4.6,4.9,4.3,9.1,4.5,3.9,2.6,511,Rajnath Singh,Male,Bharatiya Janata Party,55.4
Ghazipur,UP,,,,,,4.7,3.7,4.6,5.3,4.9,4.1,5.1,4.9,4.6,5.1,4.6,4.2,4.4,4.6,4.4,4.3,5.5,4.1,4.5,,5.8,4.5,4.5,5.9,6.6,4.8,3.8,3.1,512,Radhe Mohan Singh,Male,Samajwadi Party,69.6
Ghosi,UP,,,,,,3.9,3.9,4,4.3,5.2,5,4,3.9,4.2,3.9,4.1,3.9,3.9,4.5,4.4,4.1,4.1,4.4,3.8,,4.4,3.8,3.5,3.7,5.9,4.2,3.6,2.3,501,Dara Singh Chauhan,Male,Bahujan Samaj Party,36.8
Giridih,Jharkhand,,,,,,3.8,4.4,4.6,4.7,4.5,4.5,4.4,4.3,4.3,4.5,4.3,4.4,4.3,4.3,4.3,4.4,4.5,4.2,4,,4.3,4.8,5,4.9,5.5,4.5,3.7,2.2,503,Ravindra Kumar Pandey,Male,Bharatiya Janata Party,55.4
Godda,Jharkhand,6.5,5.8,5.8,5.9,6,6.2,6.2,6,6,6.3,6.3,5.9,4.8,5,4.9,3.6,3.3,3.5,3.2,3.8,3.8,3.7,3.5,3.5,,,,,,,5,3.6,2,521,Nishikant Dubey,Male,Bharatiya Janata Party,76.6
Gonda,UP,4.4,4.9,4,4.1,4,2.9,3.9,4.3,4.2,3.5,4.1,2.9,3.4,3,3.5,3.1,2.2,3.2,3.2,2.6,2.2,4.4,3.5,3.3,,,,,,,3.5,4,2.9,499,Beni Prasad Verma,Male,Indian National Congress,15.2
Gopalganj,Bihar,,,,,,4,3.8,4,4.2,4.4,4.6,4.1,4,4.2,3.8,3.9,4.1,4.2,4,4,4.1,4.4,4,4,,4.5,3.5,4.3,4.5,5.6,4.2,3.4,1.9,501,Purnmasi Ram,Male,Janata Dal (United),36.8
Gorakhpur,UP,4.2,4.3,4,4,4.3,4.7,4.5,4,4.5,5.8,5.6,4.6,4.2,4.6,4.2,4.1,4.2,4.1,4.5,4.3,4.5,4.1,3.9,4.3,5.6,,,,,,4.5,3.9,2.5,507,Yogi Adityanath,Male,Bharatiya Janata Party,55.4
GULBARGA,Karnataka,4.1,5.7,4.1,4.1,3.4,4,4.6,4.3,4,3.9,4.2,4.2,4,4.2,4.1,3.9,3.8,3.8,4,4.1,3.8,4,4,3.9,1.9,4.1,4.8,4.4,4.2,4.2,4.1,2.8,4,499,Mallikarjun Kharge,Male,Indian National Congress,33.7
Guna,MP,3.2,4.1,3.2,3.9,3.2,3.4,4.4,4,5,4.7,4.5,4.8,4.8,5.1,4.7,3.9,4,4.1,4.1,4.4,5,4.3,3.6,3.4,3.3,,,,,,4.1,3.5,2.1,479,Jyotiraditya Madhavrao Scindia,Male,Indian National Congress,33.7
Guntur,Andhra Pradesh,1.4,4.4,8.3,4.7,2.2,1.6,4.3,7.5,4.6,2.6,4.3,6.8,4.6,2.8,4.4,6.5,4.5,3,4.5,6.4,4.5,3,4.5,6.3,4.4,2,4.4,7.2,4.5,5.1,4.5,5.1,2.8,499,Rayapati Sambasiva Rao,Male,Indian National Congress,55.4
Gurdaspur,Punjab,,,,,,2.4,1.9,2.9,2.2,2.5,2.1,2.5,2.7,2.2,2.1,2.6,2.3,2.7,2.2,2.3,2.2,2.8,2.4,1.9,,5.4,2.4,2.6,3.4,4.3,2.6,3.8,2.4,480,Sardar Partap Singh Bajwa,Male,Indian National Congress,3.9
Gurgaon,Haryana,,,,,,3.9,3.6,3.7,3.8,3.6,3.3,3.5,3.4,3.5,3.6,3.4,3.4,3.7,3.6,3.6,3.5,3.6,3.4,3.7,,4,3.6,3.7,3.8,4.8,3.7,3.8,2.5,487,Inderjit Singh Rao,Male,Indian National Congress,20.1
Gwalior,MP,3.1,2.7,2.9,2.4,2.4,2.8,2.2,3.3,2.7,3,2.8,2.9,3.1,2.8,2.9,2.9,2.6,3.1,2.8,2.6,2.4,2.7,3,2.7,,,,,,,2.8,3.5,2.2,484,Vacant,,Vacant,5.5
Hajipur,Bihar,,,,,,3.4,3.6,3.6,3.6,3.7,3.7,3.8,3.9,4,4,3.8,3.7,3.5,3.7,3.6,3.8,3.7,3.6,3.5,,3.6,3.6,3.4,3.5,8.8,3.9,3.5,2.3,531,Ram Sundar Das,Male,Janata Dal (United),25.1
Hamirpur,UP,4.6,5.4,5.9,5.9,5.7,3.5,4.5,4.7,4.5,5.2,5.1,5.1,4.9,5.1,5,4.8,4.5,4.6,4.5,4.9,4.8,5,4.4,4,,3.8,2.1,3.4,3.4,5.4,4.6,3.8,3,1023,Vijay Bahadur Singh,Male,Bahujan Samaj Party,61.2
Hardoi,UP,2.8,3.9,3.3,3.1,3.1,1.5,3.9,3.8,2.9,3.1,3.7,3,3.1,3.5,3.2,2.9,3.2,3.1,3,3.1,2.8,3,3,2.7,,,,,,,3.1,3.7,2.2,503,Usha Verma,Female,Samajwadi Party,8.8
Hardwar,Uttarakhand,6.4,6.2,6.3,6.3,6.2,4.8,5.3,5,5.3,4.9,5.1,4.9,4.9,5.3,5.1,5.3,4.8,4.9,5.3,5.3,5.4,4.9,5.4,5.3,,,,,,,5.4,4.2,3.5,520,Harish Rawat,Male,Indian National Congress,87.1
HASSAN,Karnataka,3.7,3.1,3,3.6,3.4,4.4,3.5,3.5,3.6,4.4,4.1,4.7,4.8,4.6,3.9,4.5,3.8,4.2,4.1,3.8,3.8,4.2,4,4.5,4.2,3.6,3.6,3.7,4.1,4.9,4,4.3,3.1,497,H.D. Devegowda,Male,Janata Dal (Secular),29.4
Hathras,UP,4,4.9,3.4,3.8,4.7,4.1,4.5,4.5,6.7,5.2,4.3,5.2,5.8,5.3,5.9,4,3.9,4.2,4.7,4.3,4.7,7.3,3.8,3.8,,,,,,,4.7,3.8,2.5,501,Sarika Devendra Singh Baghel,Female,Rashtriya Lok Dal,66.3
Hatkanangle,Maharashtra,5.8,6.2,7.2,5.9,5.4,6.1,5.7,5.9,6.1,5.8,5.7,5.3,5.3,5.5,5.2,5.2,5,5.2,5.3,5.3,5.5,5.2,4.8,5.5,10,5.2,4.2,4.2,3.9,7.2,5.6,5.5,4.4,515,Raju alias Devappa Anna Shetti,Male,Swabhimani Paksha,90.6
HAVERI,Karnataka,2.9,3.9,4.7,5.4,6.7,2.8,3.4,4.5,5.1,5.1,5.5,6.3,7.1,7.2,7.7,6.4,6.3,5.9,5.3,5.3,4.9,5.7,5,5.1,3.5,4.5,6.5,7,7.8,8,5.5,4.2,2.7,502,Shivkumar Chanabasappa Udasi,Male,Bharatiya Janata Party,89.1
Hazaribagh,Jharkhand,3.9,3.6,3.2,3.2,3,3.5,3.2,3.3,3.5,3.3,3.4,3.5,3.8,3.6,3.7,3.3,3.4,3.2,3.2,3.2,3.3,3.4,3.4,3.7,,,,,,,3.4,3.4,2,496,Yashwant Sinha,Male,Bharatiya Janata Party,12.9
Hindupur,Andhra Pradesh,3.2,3.3,3.1,2.9,2.8,4.8,4.9,4.8,4.3,4.5,4.6,4.3,4,4,3.9,4.2,4.5,4.6,4.7,4.5,4.6,4.3,4.5,4.6,4.6,6.4,6.3,7.2,7.1,7.6,4.6,2.4,3.6,505,Kristappa Nimmala,Male,Telugu Desam Party,61.2
Hingoli,Maharashtra,6.2,5.2,5,5.9,5.1,6.2,5.8,5.6,5.7,6,5.9,6,5.8,5.9,6,5.9,5.9,6,6.1,6.2,6.3,6.4,6.5,6.8,6.6,5.9,5.8,5,5.6,7.8,6,4.8,4,502,Subhash Bapurao Wankhede,Male,Shiv Sena,95.9
Hisar,Haryana,3.7,3.6,3.3,3.2,3.3,3.1,2.9,4.2,3.4,3.5,3.7,3.8,4.1,4,4.4,3.4,3.3,3.2,3.2,3.3,3.3,3.7,3.2,2.3,2,,,,,,3.4,3.8,2.7,521,Kuldeep Bishnoi,Male,Haryana Janhit Congress (BL),12.9
Hooghly,West Bengal,1.8,3.7,5.4,4.7,3.6,1.9,3.3,5.5,4.1,4,3.7,4.1,4.5,4.1,4,4.5,4.2,3.3,3.7,4.3,3.8,3.6,3.9,4.2,4.3,1.6,4.1,4.3,5,3.8,3.9,3.6,2.2,499,Ratna De(Nag),Female,All India Trinamool Congress,25.1
Hoshangabad,MP,2,2,2.2,1.9,2,1.6,1.8,3.1,2.4,2.8,2.5,2.3,2.1,2.1,2.1,3.2,2.1,1.8,2.5,2.4,2,2.2,3,1.4,,,,,,,2.2,3.4,2.1,491,Vacant,,Vacant,0.6
Hoshiarpur,Punjab,,,,,,2.6,2.4,2.9,2.5,2.6,2.5,2.5,2.6,2.6,2.6,2.4,2.4,2.6,2.6,2.5,2.5,2.6,2.5,2.5,,2.7,2.4,2.5,2.6,5.8,2.7,4.1,2.9,476,Santosh Chowdhary,Female,Indian National Congress,4.7
Howrah,West Bengal,1.6,4.3,6.3,4.1,3.1,1.6,4.3,6.8,4.4,2.8,4.2,5.8,4.1,3,4.2,5.1,4.2,3.1,4.1,5,4,3.4,4.3,4.3,4.6,1.5,4.4,7.3,4.4,3,4.1,3.8,2.5,498,Prasun Banerjee,Male,All India Trinamool Congress,33.7
Hyderabad,Andhra Pradesh,1.1,3.3,2.8,4.4,2.8,2.3,3.3,4.1,3.9,3.9,4.1,4.3,4,3.9,4.2,4.3,4,4,4.4,4.4,3.9,3.7,4,3.8,3.1,3.1,3.1,4.1,3.6,5.8,3.7,4.4,2.7,515,Asaduddin Owaisi,Male,All India Majlis-E-Ittehadul Muslimeen,20.1
Idukki,Kerala,4.5,5,4.9,5.1,5.2,4.6,4.1,4.7,5.7,6.2,4.3,4.3,5.8,6.5,6.2,4.7,4.7,5,4.8,4.8,4.8,5.1,4.7,4.4,3.8,5.8,4.4,4.6,4.8,6.9,5,4.5,4,501,P. T. Thomas,Male,Indian National Congress,76.6
Indore,MP,2.9,2.9,2.6,2.9,2.8,2,2.3,3.3,3.2,3.2,2.5,2.9,3.4,3.1,3.1,2.2,1.6,3,2.5,2.7,2.7,3.3,2.4,1.9,,,,,,,2.7,3.5,2,473,Sumitra Mahajan,Female,Bharatiya Janata Party,4.7
Inner Manipur,Manipur,3.3,3.4,3.5,3.8,4,3.8,5.7,3.8,3.9,6,5.4,5.4,4.2,5.9,3.9,3.9,3.9,3.9,5.1,4.2,4.5,4.8,3.7,3.7,3.8,2.6,3.7,3.7,3.8,9,4.3,4.2,4.1,489,Thokchom Meinya,Male,Indian National Congress,41.1
Jabalpur,MP,3.4,3,3.1,2.9,2.5,2.7,1.6,3.4,3,3.3,3,2.9,3,2.9,2.9,3,2.7,3.1,2.7,2.6,2.3,2.8,2.8,2.6,,,,,,,2.8,3.5,2.5,525,Rakesh Singh,Male,Bharatiya Janata Party,5.5
Jadavpur,West Bengal,6.4,4.4,4.7,6.9,6.9,3.6,4.7,6.2,5.3,5.4,5.9,6.2,5.7,5.3,5.6,5.8,5.4,5.1,5.5,5.9,5.6,5.3,5.5,5.7,5.7,3.5,4.5,5.3,6.3,6.3,5.5,4,3.7,493,Kabir Suman,Male,All India Trinamool Congress,89.1
Jagatsinghpur,Odisha,,,,,,2.3,2.8,3.7,6.5,5.4,5.6,5.9,6,5.7,5.4,4.9,4.1,3.6,3.7,4,3.4,4.5,3.6,3.4,3.3,,,,,,4.4,3.8,2.3,521,Bibhu Prasad Tarai,Male,Communist Party of India,47.2
Jahanabad,Bihar,,,,,,5.3,5.5,4.8,5,4.6,5.2,4.8,5.2,5.1,4.8,4.9,4.9,5.3,4.8,5.1,4.8,5.1,5.2,4.7,,3.8,5.2,3.9,4.1,5,4.9,3.9,2.4,507,Vacant,,Vacant,72.9
Jaipur,Rajasthan,,,,,,3.8,3.8,4.3,3.9,3.9,4.1,3.8,3.9,4.1,3.9,4,4,3.9,4,3.8,3.9,3.9,4.2,3.8,,3.6,4.3,4.3,3.8,4.9,4,3.8,2.1,520,Mahesh Joshi,Male,Indian National Congress,29.4
Jaipur Rural,Rajasthan,,,,,,3.4,4.6,4.3,4.5,4.1,4.5,4.1,4.3,4.1,4.1,3.9,4.3,4,4.3,4.1,4.4,4.1,3.9,3.6,,3.2,3.6,3.7,4,3.7,4,3.9,2.6,515,Lalchand Kataria,Male,Indian National Congress,29.4
Jajpur,Odisha,3.1,3.4,3.8,3.9,3.8,3.7,4.2,4.1,4.4,4.2,4.2,4.1,4.2,4,4,4,3.9,3.9,3.9,3.9,4,4,3.8,3.7,,,,,,,3.9,3.6,2.3,524,Mohan Jena,Male,Biju Janata Dal,25.1
Jalandhar,Punjab,,,,,,1.7,2,2.4,2.6,2.4,2.2,2.6,2.6,2.6,2.7,2.3,2.1,2.2,2.3,2.3,2.2,2.3,2.2,1.6,,2.6,2,2.8,2.5,5.2,2.4,3.6,2.5,490,Mohinder Singh Kaypee,Male,Indian National Congress,2.5
Jalaun,UP,3,3.6,3.9,3.4,3.2,3.3,3.7,3.4,3.6,3.6,3.5,3.5,3.5,3.6,3.6,3.2,3.6,3.5,3.5,3.5,3.6,3.4,3.4,3.2,3.2,,,,,,3.5,4,2.9,481,Ghanshyam Anuragi,Male,Samajwadi Party,15.2
Jalgaon,Maharashtra,5.2,6.4,5.2,6,5.1,5.7,4,5.3,6.2,4.7,4.4,5.4,5.7,5.5,6,4.5,3.8,4,4.8,5.2,5.5,5.4,4.7,6.2,5.4,5.3,5,5.2,5.7,7.9,5.3,4.1,3.3,510,A.T. (Nana) Patil,Male,Bharatiya Janata Party,84.6
Jalna,Maharashtra,5.4,4.5,4.2,4.5,5.1,5.2,3,3.9,5.7,5.5,3.9,3.8,5,5.5,6,4.9,3.6,3.6,3.3,4.2,4.6,3.8,3.6,6.3,6.2,6,4.5,2.3,3.4,8.2,4.6,3.8,3,510,Raosaheb Patil Danve,Male,Bharatiya Janata Party,61.2
Jalore,Rajasthan,,,,,,5,4.2,4.2,4.7,4.4,4.2,4.3,4.4,4.4,4.3,4.2,4.3,4.4,4.4,4.4,4.4,4.5,4.1,4.6,,4.9,3.9,4.7,5.1,4.9,4.5,4,2,512,Devji Mansingram Patel,Male,Bharatiya Janata Party,55.4
Jamnagar,Gujarat,1.4,4,8.4,4.8,2.7,1.4,4.1,9,4.3,2.6,4.4,6.5,4.5,3,4.1,6.4,4.8,2.8,4.2,6.4,4.4,2.8,4.4,6,4.9,1.3,4.2,5.6,4.7,4.1,4.4,2.5,2.4,490,Vikrambhai Arjanbhai Maadam,Male,Indian National Congress,47.2
Jamshedpur,Jharkhand,3.4,3.4,3.3,3.2,3.1,3.1,3.3,3.1,3.3,3.1,3.4,3.5,3.6,3.4,3.4,3.2,3.2,3.2,3.2,3.2,3.2,3.4,3.3,3.3,,,,,,,3.3,3.2,2,500,Ajay Kumar,Male,Jharkhand Vikas Morcha (Prajatantrik),11.5
Jamui,Bihar,,,,,,3.5,4.9,3.8,4.8,4,4.4,3.9,4.6,3.9,4.6,3.9,4.6,3.8,4.5,3.9,4.5,3.9,4.6,3.6,,2.5,5.2,4,3.5,5.1,4.2,3.7,2.5,498,Bhudeo Choudhary,Male,Janata Dal (United),36.8
Janjgir-Champa,Chhattisgarh,2.7,2.7,3.7,5.1,5.4,3.4,3.3,2.7,2.8,3.1,3.6,4,4.4,4.7,4.5,4,3.7,3.7,3.5,3.8,4.2,4.5,4.5,4.8,5.5,3.4,3.5,3.7,3.7,4.9,3.9,3.9,2.7,514,Kamla Devi Patle,Female,Bharatiya Janata Party,25.1
Jaunpur,UP,,,,,,5,3.5,4,5.6,4.6,4.2,5.1,4.6,4.7,5,4.2,4.1,4.7,4.6,4.4,4.3,5.4,4,4.4,,5.6,4.6,4.7,4.9,7.3,4.7,3.8,3,460,Dhananjay Singh,Male,Bahujan Samaj Party,66.3
Jhalawar-Baran,Rajasthan,,,,,,5,5.5,4.4,5,4.4,4.5,4.2,4.7,4.4,4.6,4.2,4.5,4.5,4.3,4.3,4.2,4.3,4.3,3.9,,5.7,4.8,5.3,5,3.7,4.6,3.9,2.5,514,Dushyant Singh,Male,Bharatiya Janata Party,61.2
Jhanjharpur,Bihar,,,,,,4.4,5.2,4.7,4.5,4.6,4.6,4.7,4.5,4.5,4.6,4.5,4.5,4.6,4.6,4.6,4.5,4.8,4.6,4.6,,4.1,4.1,3.8,4.5,6.1,4.6,3.2,1.7,498,Mangani Lal Mandal,Male,Janata Dal (United),61.2
Jhansi,UP,3.8,3.8,4,3.7,3.4,4.3,3.8,3.7,4,3.7,3.7,3.7,3.7,3.8,3.8,3.4,3.6,3.6,3.7,3.6,3.6,3.4,3.5,3.1,,,,,,,3.7,3.9,2.4,507,Pradeep Kumar Jain Aditya,Male,Indian National Congress,20.1
Jhunjhunu,Rajasthan,,,,,,5.7,4.5,4.9,4.9,5.8,4.7,5.1,4.6,5.2,4.8,5,4.7,5.2,4.5,4.8,4.5,4.8,4.4,4.6,,5.7,4,3.6,4.5,3.8,4.8,4.3,2.8,499,Vacant,,Vacant,69.6
Jodhpur,Rajasthan,,,,,,4.3,4.6,4.6,5.1,4.7,4.5,4.7,4.9,4.7,4.7,4.6,4.2,4.5,4.2,4.7,4.6,4.9,4.4,4.1,,5.3,4.9,4.2,5.4,3.2,4.6,4.2,2.3,519,Chandresh Kumari Katoch,Female,Indian National Congress,61.2
Jorhat,Assam,2.3,2.2,2.2,2.2,2.2,2.4,2.4,2.7,4,4.6,3.5,4.1,3.6,4.5,3.1,2.6,2.6,3,2.6,2.5,3.5,2.7,2.7,2.7,3.3,,,,,,3,5.4,3.7,312,Bijoy Krishna Handique,Male,Indian National Congress,8.0
Joynagar,West Bengal,2.6,3.8,6.2,4.7,4.6,4.2,3.8,4.6,4.4,3.7,4.3,4.9,4.9,5,5.2,5.5,5.2,4.7,4.7,4.7,4.5,4.5,4.4,4.6,4.6,4.4,4.4,6.7,10,10,5,3.2,2.2,496,Tarun Mandal,Male,Independent,76.6
Junagadh,Gujarat,1.5,4.3,7,5.3,4.5,1.4,4.3,7.1,5.3,4.2,4.8,6,4.4,3.1,4.2,5.4,4.7,3.9,4.2,5.1,4.6,3.8,4.3,4.6,4.6,,,,,,4.5,3.9,2.9,504,Dinubhai Boghabhai Solanki,Male,Bharatiya Janata Party,55.4
Kairana,UP,4.4,4.2,4.5,4,3.6,4.1,3.8,4.1,4.4,4.2,4.2,4.6,4.5,4.4,4.6,4.1,3.7,4.3,4,4.4,4.4,4.6,4,4,,,,,,,4.2,4,2.6,555,Begum Tabassum Hasan,Female,Bahujan Samaj Party,36.8
Kaiserganj,UP,,,,,,4.6,4.7,4.9,3.8,4.4,4.1,4.1,3.9,4.1,3.8,4.4,3.8,4.2,4.1,4,3.8,3.9,3.7,3.2,,4.6,5,4.4,3.6,4.8,4.2,3.9,2.7,501,Brijbhushan Sharan Singh,Male,Samajwadi Party,36.8
Kakinada,Andhra Pradesh,5.7,5.6,5.7,5.8,5.7,5.6,5.4,5.4,5.4,5.3,5.3,5.3,5.4,5.4,5.4,5.4,5.3,5.5,5.4,5.5,5.6,5.6,5.6,5.7,5.7,6.1,6.1,6.2,6.2,8.9,5.7,3.1,2,513,M. Mangapati Pallam Raju,Male,Indian National Congress,92.0
Kalahandi,Odisha,,,,,,3.3,5.1,5.1,6.3,6,5.9,6.5,7.9,7.8,7.4,6,4.4,4.7,5.1,5.8,4.5,4.1,3.8,3.4,,5.3,6.2,5.7,4.5,8.9,5.6,3.7,2.7,520,Bhakta Charan Das,Male,Indian National Congress,90.6
Kaliabor,Assam,4.7,3.8,4.1,4.2,4.3,4.8,3.1,4.2,4.1,4.6,4.6,4.6,4.7,4.7,4.5,4.2,4.1,4.1,4,4.2,4,4,4,3.9,4.4,6.6,3.6,3.5,4.9,9.6,4.5,4.4,3.6,369,Dip Gogoi,Male,Indian National Congress,55.4
Kallakurichi,Tamil Nadu,4.5,5.9,3.6,3.1,4,3.5,4.2,3.2,4.7,4.9,5.1,6,5,6.7,5.3,4.6,3.7,3.2,4,4.3,6.7,4.8,3.2,3.1,4.3,3.4,3.7,4.4,3.9,4.2,4.4,4.7,3.1,515,Adhi Sankar,Male,Dravida Munnetra Kazhagam,47.2
Kalyan,Maharashtra,3.9,4.2,4.1,4.4,4.2,3.9,3.7,4,4,4,3.5,4.1,4.2,3.9,4.2,3.8,3.5,3.5,3.5,3.8,3.7,3.8,3.7,4,4.9,3.8,3.4,3.1,3.5,5.5,3.9,4.1,3.1,500,Anand Prakash Paranjpe,Male,Shiv Sena,25.1
Kancheepuram,Tamil Nadu,5.3,5.2,4,4,3.7,4.4,3.5,4.8,6.9,5.7,5.2,5.3,5.4,5.2,5.4,5,4.7,4.7,4.6,4.2,3.7,4.2,3.9,3.7,4,4,4.4,3.7,3.5,4.9,4.6,4.1,2.8,500,Viswanathan Perumal,Male,Indian National Congress,61.2
Kandhamal,Odisha,4.2,3.8,3.1,3.8,4.5,4.4,3.3,3.2,5.4,5.3,4.8,5.2,5.3,5.1,4.8,5.1,4.7,3.8,4.5,4.9,3.7,3.2,4.4,4.4,,,,,,,4.4,3.5,2,520,Rudra Madhab Ray,Male,Biju Janata Dal,47.2
Kangra,Himachal Pradesh,5.3,5.8,5.6,5.5,4.9,5,5.7,5.6,5.8,5.7,6,5.7,5.7,5.8,5.9,5.7,6,5.7,5.9,5.9,5.9,5.3,5.8,5.6,,,,,,,5.7,3.9,3.1,525,Rajan Sushant,Male,Bharatiya Janata Party,92.0
Kanker,Chhattisgarh,6,5.7,6.2,6,5.5,5.9,5.4,6.2,5.8,5.5,5.3,5.5,5.5,5.5,5.6,5.6,5.6,5.4,5.4,5.5,5.2,5.5,5.7,5.3,5.3,5.6,4.6,4.4,5.3,4.8,5.5,3.1,2.6,445,Sohan Potai,Male,Bharatiya Janata Party,89.1
Kannauj,UP,,,,,,2.2,3.9,3.2,3.4,3.5,3.5,3.1,3.7,3.3,3.4,3.3,3.4,3.2,3.6,3.2,3.5,3.1,3.2,2.8,,2.3,4.7,2.9,2.9,4.3,3.3,3.7,2.5,499,Dimple Yadav,Female,Samajwadi Party,11.5
Kannur,Kerala,8.7,4.6,6.1,3.3,7.9,5.3,2.4,3.6,9.4,6.8,9.5,6.1,6.7,9,5,8.9,5.5,6.2,4.8,9.5,9.6,7.7,4.3,7,3.3,6.6,2.4,5.4,4.8,10,6.3,2.5,3.7,514,Kumbakudi Sudhakaran,Male,Indian National Congress,97.5
Kanpur,UP,,,,,,2.2,4.1,3.2,3.6,3.7,3.8,3.7,3.9,3.8,3.8,3.3,3.2,3.1,3.1,3.2,3.4,3.3,3.1,3.1,1.9,2.8,2.1,2.5,2.8,5.4,3.3,3.8,3,528,Sriprakash Jaiswal,Male,Indian National Congress,11.5
Karakat,Bihar,,,,,,3.1,3.5,3.8,4.2,3.6,3.4,3.4,4.1,3.5,3.4,2.5,3.9,3.3,3.4,3,4,3.3,3.3,3.4,,4,3.5,3.9,3.4,6.4,3.6,3.8,2.7,503,Mahabali Singh,Male,Janata Dal (United),17.9
Karauli-Dholpur,Rajasthan,2.9,3.7,3.8,3.6,3.2,2.3,3.8,4.2,4.3,4.6,4.5,4.5,4.4,4.3,4.2,3.5,3.1,3.1,3,2.9,2.9,3,2.8,2.5,,,,,,,3.6,3.9,2.4,500,Khiladi Lal Bairwa,Male,Indian National Congress,17.9
Karimganj,Assam,2.3,2.7,3.1,3.3,3.3,2.6,2.7,2.9,3.2,3.8,3.7,3.8,3.8,3.8,3.2,3.1,2.8,2.8,2.9,3.3,3.6,3.7,2.9,3.4,3.2,3.1,2.8,2.4,3.4,4.5,3.2,4.1,3.1,494,Lalit Mohan Suklabaidya,Male,Indian National Congress,10.3
Karimnagar,Andhra Pradesh,5.1,4.4,4,3.7,4.8,4.3,4,4.8,5.5,5.7,4.7,5.2,5.6,5.7,5.5,5.4,4.7,4.3,4.8,4.7,4.4,4.7,4.5,4.4,4,3.4,2.9,3.8,4.1,5.1,4.6,4.4,3.2,509,Ponnam Prabhakar,Male,Indian National Congress,61.2
Karnal,Haryana,4.4,4.3,3.7,4.2,4.3,4.1,4,4.1,4,3.9,4.2,4.2,4.1,4.3,4.7,4.4,4.5,4.7,4.5,4.6,4.5,4.3,4.2,4,,,,,,,4.3,4.2,2.9,515,Arvind Kumar Sharma,Male,Indian National Congress,41.1
Karur,Tamil Nadu,4.4,5.1,3.5,3.4,5,4.4,1.2,5.6,6.5,5.5,3.5,6.8,6.2,6.4,4.9,3.8,4.5,3.7,3.8,6,1.2,3.6,3,3.4,,5.5,3.4,3.5,3.5,5.3,4.4,4,2.8,493,Munisamy Thambidurai,Male,All India Anna Dravida Munnetra Kazhagam,47.2
Kasaragod,Kerala,4.4,5.2,4.8,3.8,4.2,5.5,4.2,4.5,5.4,5.3,4.6,4.5,5,5.2,4.6,4.7,4.8,4.7,4.2,4.3,4.6,4.8,4.3,4.5,4.2,4.6,3.8,4.8,5.4,5.3,4.7,3.6,4.2,484,P. Karunakaran,Male,Communist Party of India (Marxist),66.3
Katihar,Bihar,,,,,,3.9,4.4,4.3,4.2,4.2,4.1,4.1,4.1,4.2,4,4.2,4,4.3,4.1,4.4,4,4.4,4,4.4,,3.2,5.5,4.1,5.3,6.3,4.3,3.7,3,413,Nikhil Kumar Choudhary,Male,Bharatiya Janata Party,41.1
Kaushambi,UP,3.3,4.9,2.6,5.8,4.3,3.2,4.8,5,5.4,4.9,3.5,3.5,5.7,5.5,3.5,3.3,2.8,4.8,3.2,5,3.5,5.7,3.4,2.7,,,,,,,4.2,3.6,2.3,460,Shailendra Kumar,Male,Samajwadi Party,36.8
Kendrapara,Odisha,,,,,,2.3,1.6,1.6,4.9,5.5,5.2,5.4,5.2,5.7,5.3,4.3,2.8,2.8,4.7,4.2,3.2,5.4,3.5,4.4,3.3,4,2.9,5.2,3.7,2.2,4,3.4,2.3,521,Baijayant Jay Panda,Male,Biju Janata Dal,29.4
Keonjhar,Odisha,,,,,,5.4,3.2,5.5,6.1,6.3,6.3,6.9,8.1,8.1,7.2,6.5,5.9,6,5.9,5.9,6,5.9,4.6,6.2,,7.9,5.7,6.4,5.1,8.8,6.3,3.7,2.6,519,Yashbant Narayan Singh Laguri,Male,Biju Janata Dal,97.5
Khagaria,Bihar,,,,,,3.4,4.6,3.9,4.2,4.1,4.3,4.4,4.8,4.4,4.4,4.3,4.2,4.1,4.2,4.2,4.1,4,4,3.9,,4.5,4.8,4.4,4.8,5.3,4.3,3.6,2.2,499,Dinesh Chandra Yadav,Male,Janata Dal (United),41.1
Khajuraho,MP,,,,,,2.7,3.2,3.3,5.4,4.4,4.5,4.3,4.3,4.7,4.5,3.2,3.6,3.1,3.4,3.2,3.4,4,2.9,2.7,1.7,4.4,3.5,3.8,3.8,5.4,3.7,3.4,2.1,515,Jeetendra Singh Bundela,Male,Bharatiya Janata Party,20.1
Khammam,Andhra Pradesh,3,2.5,3.8,2.6,2.9,6.3,5.5,6,6.2,6.7,6.4,6,5,5.9,5.9,7,5.5,5.6,5.4,5.8,6.1,8.4,4.9,4.5,1.5,8.9,2,1.8,1.7,8.4,5.1,3.9,2.2,493,Nama Nageswara Rao,Male,Telugu Desam Party,80.1
Khandwa,MP,,,,,,1.4,2.5,3.2,2.7,2.7,2.6,2.9,3.6,2.8,3.6,2.5,2.6,3,2.5,2.8,2.6,3.5,2.3,1.4,2.6,3.4,2.6,2.7,3,6.2,2.9,3.2,1.9,545,Arun Subhashchandra Yadav,Male,Indian National Congress,7.6
Khargone,MP,,,,,,1.6,3,3.3,3.8,3.3,3.4,3.4,3.9,4.1,4.3,2.7,2.9,3,2.9,3.3,3.2,4.1,2.7,1.4,,3.2,3.3,3.3,3.6,6,3.3,3.4,2.2,537,Makhansingh Solanki,Male,Bharatiya Janata Party,11.5
Kheda,Gujarat,1.8,4.7,6.6,4.2,5.1,1.9,4.3,6,4.6,4.5,4.6,4.7,4.9,3.3,4.7,4.4,3.9,3.9,5.2,4.6,4.5,4.2,5.3,5.6,4.5,,,,,,4.5,4.4,2.9,502,Dinsha J. Patel,Male,Indian National Congress,55.4
Kheri,UP,,,,,,4.5,4.9,4.8,5,5,4.9,5,4.7,5.1,5.1,5.3,5,4.8,5,5.4,4.9,4.8,5,4.6,,5.6,6.7,6.1,5.8,6.8,5.2,3.6,2.5,519,Zafar Ali Naqvi,Male,Indian National Congress,82.3
Khunti,Jharkhand,4.8,4.4,3.8,4.2,4.6,5.5,3.2,6.2,5.6,6.1,4.5,4.4,4.5,4.8,4.5,4.2,3.2,3.6,4.4,4.1,3.3,5.3,5.2,5.3,,,,,,,4.6,5.1,4.8,471,Kariya Munda,Male,Bharatiya Janata Party,61.2
Kishanganj,Bihar,,,,,,3.2,4.8,3.7,4.5,3.9,4.6,3.8,4.5,3.9,4.4,3.9,4.5,3.9,4.4,3.9,4.4,3.9,4.2,3.6,,4.1,3.9,4.6,4.3,5.4,4.2,3.7,2.5,496,Maulana Asrarul Haque Mohammad,Male,Indian National Congress,36.8
Kodarma,Jharkhand,,,,,,3.3,4.7,4.4,4.5,4.1,4.4,4,4.4,4,4.4,4.1,4.4,4.1,4.4,4.1,4.3,4.1,4.2,4.1,,6.3,3.5,5.3,3.1,4.8,4.3,3.7,2.4,473,Babu Lal Marandi,Male,Jharkhand Vikas Morcha (Prajatantrik),41.1
Kokrajhar,Assam,2.8,2.3,2.8,2.6,3.7,3.5,3.9,2.7,3.3,2.5,3.4,3,2.8,2.6,3.3,3,3,3.4,3.9,3.4,3.4,3.3,2.7,3.5,4,3.3,2.2,6.5,3.3,9.6,3.4,3.5,3.1,444,Sansuma Khunggur Bwiswmuthiary,Male,Bodoland Peoples Front,12.9
KOLAR,Karnataka,6.3,6.3,6,6.4,6.1,5.9,5.8,5.9,6.1,6.2,6.3,6.8,7.2,7.5,6.2,6,5.9,5.5,5.6,5.6,5.7,5.7,5.5,6,5.1,3.8,3.9,4,5.2,10,5.9,4.6,3.6,401,K.H. Muniyappa,Male,Indian National Congress,94.9
Kolhapur,Maharashtra,4.4,5.2,5.9,5.7,5.5,5.7,5.8,5.2,5.2,5,5.2,5.1,5.3,5.4,4.8,4.3,4.3,4.7,4.7,5.2,5.2,4.7,5,5.6,4.4,4.8,4.4,3.8,4.2,5.5,5,5.5,4.2,515,Sadashivrao Dadoba Mandlik,Male,Independent,76.6
Kollam,Kerala,6.3,6.3,5.8,6,7.3,8.9,3.9,6.4,5.9,6.3,6.9,5.9,6.9,7.4,6.1,6.5,6.3,6.5,5.6,6.6,8.7,8.8,8.4,9,9.2,5.4,6.1,6.6,9.3,5.7,6.8,2.4,3.3,503,N. Peethambara Kurup,Male,Indian National Congress,99.0
KOPPAL,Karnataka,4.6,4.4,4.4,5.2,5,4.9,4.8,4.6,5.4,5.1,4.8,5,4.9,5.2,4.7,4.7,4.9,5,5,4.9,4.5,5.1,4.9,5.3,4.4,5,7,4.6,4.7,4.5,4.9,3.6,4,381,Shivaramagouda,Male,Bharatiya Janata Party,72.9
Koraput,Odisha,4.8,4.4,4,3.8,4.3,4.6,4.6,4.5,4.3,4.4,4.5,4.7,4.7,4.8,4.5,4.6,4.4,4.3,4.6,4.3,4.3,4.4,4.4,4.4,,,,,,,4.4,3.7,2.5,520,Jayaram Pangi,Male,Biju Janata Dal,47.2
Korba,Chhattisgarh,4.9,4.1,5.1,6.2,6.7,4.9,4.1,4.3,4.9,4.4,4.5,5.2,5.2,5.3,5.2,5.4,5.4,5.4,5.1,5.3,5.3,5.1,5.2,5.3,5.7,7.1,5.6,5.1,5.8,5.3,5.2,3.3,2.3,425,Charan Das Mahant,Male,Indian National Congress,82.3
Kota,Rajasthan,,,,,,4.2,4.4,4.4,4.6,4.7,4.4,4.4,4.7,4.5,4.4,4.4,4.4,4.3,4.4,4.3,4.4,4.8,4.2,3.3,,5.1,4.9,4.8,5.2,8.2,4.6,3.7,2.2,502,Ijyaraj Singh,Male,Indian National Congress,61.2
Kottayam,Kerala,5.4,5.9,5.1,4.6,4.1,4.4,4.8,5.8,5.8,5.7,5.5,5.2,5.2,5.2,5.2,4.9,4.6,4.4,4.2,4,4.3,4.3,3.8,3.8,3.8,3.2,5,6.4,4.4,4.5,4.8,3.7,4.1,501,Jose K. Mani,Male,Kerala Congress (M),69.6
Kozhikode,Kerala,2.3,4.8,5.1,5.8,5,9.5,8.4,5,5.6,6.8,6.1,4.7,4.8,6.9,6.1,6.1,5.2,6.4,5,6.9,5.8,4.9,4.7,9.6,6.1,5.4,4.2,5.1,4.1,6,5.7,5.1,4.9,122,M. K. Raghavan,Male,Indian National Congress,92.0
Krishnagiri,Tamil Nadu,5.6,6.1,5.7,6.1,4.7,5.3,3.4,4.7,5.7,4.8,4.6,4.9,4.7,5.1,5,5.2,4.9,4.4,5.1,5.5,4.5,5.5,5.3,5.1,4.6,4.7,4.7,4.7,4.2,4.8,5,4.6,3.8,499,E.G. Sugavanam,Male,Dravida Munnetra Kazhagam,76.6
Kurnool,Andhra Pradesh,5.5,5.2,5,4.9,5.2,4.4,4.9,4.4,4.5,4.3,4.7,4.8,5.3,5.1,5,4.7,4.5,4.2,4.3,4.2,4.3,4.3,4.4,4.6,4.4,4.1,5.1,4.5,4.8,7.4,4.8,4,3.4,502,Kotla Jaya Surya Prakash Reddy,Male,Indian National Congress,69.6
Kurukshetra,Haryana,3.1,3.2,5.2,4.1,4.1,3.6,3.2,4.4,4.5,4.2,3.7,3.7,3.9,3.8,3.7,4.1,3.9,4,4.1,3.9,4.3,4,4.3,4.3,,,,,,,4,3.7,2.3,519,Naveen Jindal,Male,Indian National Congress,29.4
Kushi Nagar,UP,,,,,,5.3,3,4.2,4.6,7.8,7.1,6.5,7.1,6.1,4.4,4.5,4.5,3.8,3.3,4.8,5.9,5.3,3,5.4,,7.7,3.4,4.6,6,6.6,5.2,3.3,2.2,501,Ratanjit Pratap Narain Singh,Male,Indian National Congress,82.3
Kutch,Gujarat,2.2,4.3,7.7,5.1,3.2,1.6,4.5,8.5,4.3,2.1,4.3,7.3,4.6,2.4,4.4,7.4,4.4,2.6,4.2,7.1,4.5,3.1,4.5,6.2,5.2,2,4.6,8.1,4.7,3.8,4.6,4.5,3.4,506,Poonam Veljibhai Jat,Female,Bharatiya Janata Party,61.2
Lakhimpur,Assam,3.4,2.9,2.6,2.5,3,3.4,3.1,3.1,3.8,3.9,3.8,4,4,4.1,3.8,3.5,3.1,3,2.9,3.2,3.3,3.2,3,2.9,2.7,3.1,3.3,3.2,3.6,7.2,3.4,4.3,3.5,347,Ranee Narah,Female,Indian National Congress,12.9
Lalganj,UP,3.3,2.9,3.4,3.8,2.9,3.2,3,3.1,3.8,3.1,3.3,3.5,3.2,3.3,3.6,1.9,3.5,3.3,3.2,3,3.2,3.4,3.1,3.4,,,,,,,3.2,4,2.7,520,Bali Ram,Male,Bahujan Samaj Party,10.3
Latur,Maharashtra,5,4.6,4.3,4.4,4.1,4.9,5.3,4.5,5.2,4.9,4.3,4.7,5,5.4,5,4.6,4.2,4,4.5,4.4,5.7,4.6,5.1,4.5,4,4.4,4.7,4.7,4.5,7.5,4.8,3.3,2.1,486,Jayawant Gangaram Awale,Male,Indian National Congress,69.6
Lohardaga,Jharkhand,,,,,,4.3,6.2,5.9,5.9,5.2,5.5,5.5,5.5,5.3,5.5,5.5,5.3,5.4,5.3,5.5,5.2,5.3,5.3,5.2,,5.3,4.7,5.2,5,3.9,5.3,3.6,2.6,489,Sudarshan Bhagat,Male,Bharatiya Janata Party,84.6
Lucknow,UP,,,,,,4.4,4.3,4.3,4.5,4.1,4.5,3.9,4.3,4,4.1,3.8,3.9,3.9,4.1,3.7,3.9,4.2,4.4,4,6.2,4,5.3,3.9,5.3,5.5,4.3,3.9,3,498,Lal Ji Tandon,Male,Bharatiya Janata Party,41.1
Ludhiana,Punjab,2.5,2.2,2.2,2.3,2.3,2.1,2.2,2.7,2.5,2.5,2.4,2.5,2.6,2.4,2.5,2.5,2.3,2.8,2.3,2.2,2.3,2.7,2.5,1.7,,,,,,,2.4,3.8,2.5,551,Manish Tewari,Male,Indian National Congress,2.5
Machhlishahr,UP,3.9,3.7,3.9,3.9,3.9,4.1,3.5,3.7,4.4,3.9,3.8,4.2,4,4,4.3,3.8,3.7,3.6,3.8,3.7,3.8,4.3,3.5,3.6,,,,,,,3.9,3.8,2.8,465,Tufani Saroj,Male,Samajwadi Party,25.1
Machilipatnam,Andhra Pradesh,2.6,3.9,5.4,5,3.5,3,4.5,4.9,4.5,3.6,4,4.7,4.5,4.2,4.5,4.6,4.5,4.1,4.2,4.6,4.4,4,4.4,4.3,3.9,2.9,4.5,4.9,5.6,5.5,4.3,5,3.9,431,Konakalla Narayana Rao,Male,Telugu Desam Party,41.1
Madha,Maharashtra,5.1,5,5.1,5.1,5.1,4.7,4.7,5.1,5.2,5.2,5.3,5.3,5.3,5.3,5.3,5.2,4.9,4.7,4.5,4.3,4.1,4,4,4,4,4,3.9,4.4,4.6,10,4.9,5.6,3.9,515,Vacant,,Vacant,72.9
Madhepura,Bihar,2.7,4.1,4.2,3.9,3.5,2.8,4.2,3.8,4.2,4.2,4,3.8,3.9,4,3.9,4.1,3.9,4.1,3.9,4.1,3.9,4,3.7,3.7,,,,,,,3.9,3.5,2.2,463,Sharad Yadav,Male,Janata Dal (United),25.1
Madhubani,Bihar,,,,,,5.7,5.2,4.9,5.3,5.3,5.1,5,5.2,5.2,5.3,5.3,5.4,5.4,5.4,5.3,5.5,5.5,5.4,5.4,,,,,,,5.3,3.2,1.9,491,Hukmdev Narayan Yadav,Male,Bharatiya Janata Party,84.6
Madras Central,Tamil Nadu,,,,,,3.6,3.6,3.4,3.7,3.5,3.4,3.6,3.7,3.7,3.5,4.1,3.8,3.4,3.6,3.8,3.6,3.5,3.4,3.6,4.7,3.6,3.8,3.6,3.7,3.2,3.6,4.1,2.8,517,Dayanidhi Maran,Male,nnetra Kazhagam,17.9
Madras North,Tamil Nadu,,,,,,2.5,3.9,3.6,4.1,4.1,4,4.1,4.1,4.3,3.9,4,3.9,3.6,4,4.3,4.2,3.8,3.9,4,4.5,3.5,3.8,4.1,4.2,3.9,3.9,2.2,2.9,509,T.K.S. Elangovan,Male,nnetra Kazhagam,25.1
Madras South,Tamil Nadu,,,,,,3.8,3.5,3.4,3.3,3.3,3.3,3.3,3.3,3.3,3.5,3.6,3.3,3.3,3.3,3.5,3.5,3.2,3.4,3.3,3.6,3.3,3.4,3.4,3.7,2.7,3.4,2.2,2.9,515,C. Rajendran,Male,All India Anna Dravida Munnetra Kazhagam,12.9
Madurai,Tamil Nadu,5.6,4.7,4.5,4.6,5.9,5.3,4.7,5.1,4.7,5.2,4.8,5.3,5,5.2,4.8,5.2,5,5.4,5.1,5.5,5.2,5.4,5,5.2,4.7,5.6,4.5,4.5,4.8,7.1,5.1,2.5,3,507,M. K. Alagiri,Male,Dravida Munnetra Kazhagam,80.1
Mahabubabad,Andhra Pradesh,4.6,6.9,5.3,6.1,6.9,4.5,6.7,3.6,4.6,3.7,6.3,4.6,6.6,6.7,6.7,6.6,2.6,1.5,6.4,6.7,6.7,3.6,3.7,2.7,1.4,5.1,6.5,6.9,6.9,9.5,5.4,3.5,3.8,515,Porika Balram Naik,Male,Indian National Congress,87.1
Mahabubnagar,Andhra Pradesh,5.2,5.8,4.8,5.2,5,5.6,6,5.4,5.7,5.4,5.8,5.5,5.6,5.3,6,5.4,5.7,5.7,5.7,5.7,5.9,5.6,5.6,5.4,5.4,4.9,8.7,9.1,8.5,7.6,5.9,4.4,2.8,505,Kalva Kuntla Chandrasekhar Rao,Male,Telangana Rashtra Samithi,94.9
Maharajganj,Bihar,,,,,,4.5,4.7,4.4,5.3,4.8,5,4.7,4.5,4.9,4.7,4.7,4.6,4.5,4.7,4.5,4.7,4.6,4.7,4.4,,5.7,5.2,5.1,4.9,6.2,4.8,3.6,1.9,923,Prabhunath Singh,Male,Rashtriya Janata Dal,69.6
Mahasamund,Chhattisgarh,2.4,2.8,4,4.3,6.2,2.7,3.1,3.2,3.2,3.4,3.6,3.9,3.9,4.1,4.3,4.4,4.4,4.1,4.1,4.3,4.4,4.7,4.6,4.9,5.2,2.7,3.8,3,4.4,6.8,4,4.2,2.6,495,Chandu Lal Sahu,Male,Bharatiya Janata Party,29.4
Mainpuri,UP,,,,,,1.9,3.7,3.2,3.3,3.5,3.6,3.6,3.4,3.4,3.8,3.2,3.1,3.1,3.1,2.9,3,3,3.2,3,,4,3.1,3.3,3,3.2,3.2,3.7,2.6,502,Mulayam Singh Yadav,Male,Samajwadi Party,10.3
Malakajagiri,Andhra Pradesh,3.5,3.9,3.4,3.6,3.5,3.8,4.6,4.9,5.5,5.1,5.1,5.3,5.7,5.5,5.7,5.1,4.8,4.7,4.7,4.7,4.6,4.8,4.5,4.1,1.1,7.5,5.4,4.9,6.5,9.3,4.9,4.7,3,515,Sathyanarayana Sarvey,Male,Indian National Congress,72.9
Malappuram,Kerala,4.8,4,5.7,3.7,5.9,5,9.2,4.2,6.1,7,5.7,5.7,7.9,8.4,4.7,4.3,3.4,2.8,4.2,6.1,9.4,5.3,4.1,5,4.3,3.3,3.7,4.1,1.9,7.8,5.3,3.8,3.3,323,E. Ahamed,Male,Indian Union Muslim League,84.6
Mandi,Himachal Pradesh,5.1,5.7,5.9,5.7,5.4,3.9,6.1,5.2,5.7,6,6.7,6,5.9,5.7,6,6.4,5.9,5.4,5.6,6.5,6.7,6.2,5.3,4.9,,,,,,,5.8,3.9,3.1,522,Pratibha Singh,Female,Indian National Congress,93.8
Mandla,MP,3.5,2.8,2.7,2.8,2.5,3.2,1.8,3,2,2.6,2.5,2.2,2.1,1.9,2.5,2,1.9,2.3,2.3,1.9,1.9,2.2,2.7,2.3,,,,,,,2.4,3.2,2.1,475,Basori Singh Masram,Male,Indian National Congress,2.5
Mandsour,MP,2.4,2.4,2,2.6,2.3,1.9,2.4,3.2,2.8,3.2,2.5,3,3.2,3.1,2.9,2.2,1.5,2.9,2.5,2.7,2.7,3.1,2.5,2.1,,,,,,,2.6,3.3,2.1,488,Meenakshi Natrajan,Female,Indian National Congress,3.9
Chhindwara,MP,1.7,1.5,1.9,1.7,1.6,2.8,1.4,2.8,1.8,2.1,1.9,2.2,2.1,2,2.3,3.2,1.8,1.6,1.9,2.4,1.7,2.1,2.8,2.3,,,,,,,2.1,3.3,2.1,484,Kamal Nath,Male,Indian National Congress,0.2
MANDYA,Karnataka,3.6,4.6,4.5,4.8,5.2,4.1,5.4,5.2,5.2,5.7,5.6,5.5,5.3,5,4.9,4.8,4.8,4.9,4.9,4.5,4.5,4.6,4.7,4.6,4.7,3.9,4.9,5.2,5.3,5.8,4.9,4.9,4.2,515,Ramya Divya Spandana,Female,Indian National Congress,72.9
Mangaldoi,Assam,3.1,2.7,2.7,2.9,3.2,2.8,3,2.5,3.5,3.7,3.1,3.5,3.7,3.5,2.8,2.6,2.5,2.2,2.2,2.3,3,3.2,2.4,2.6,1.2,1.3,1.4,1.5,1.8,3.4,2.7,4.3,3.1,503,Ramen Deka,Male,Bharatiya Janata Party,4.7
Mathura,UP,3.3,4.3,2.9,3.4,3.7,2.7,2.8,3.8,4.4,3.8,4.4,4,4.4,3.9,3.7,3.2,2.8,2.7,3.3,3.4,2.8,4.4,2.8,2.4,3,,,,,,3.5,4.1,2.4,527,Jayant Chaudhary,Male,Rashtriya Lok Dal,15.2
Mathurapur,West Bengal,3.3,3.9,3.3,2.7,2.5,5.2,5.3,5.5,5.7,6.3,6.4,6.3,6.4,5.7,6.1,5.7,5.7,6,6.1,6.1,6.6,5.8,5.9,5.8,5.8,3.1,3.4,4.9,6.9,8.8,5.4,3.4,1.9,493,Choudhury Mohan Jatua,Male,All India Trinamool Congress,87.1
Maval,Maharashtra,7.6,7.6,7.6,7.6,7.6,8.9,8.9,8.9,8.9,8.9,8.9,8.9,8.9,8.9,8.9,8.9,8.9,8.9,8.9,8.9,8.9,8.9,8.9,8.9,8.9,6,6,6.1,6.1,9.6,8.3,4.5,2.8,515,Gajanan Dharmshi Babar,Male,Shiv Sena,100.0
Mavelikkara,Kerala,5.9,8.4,8.8,8.7,8.7,7.1,7.1,8.3,8.1,7.9,7.6,7.3,7.2,7.1,6.6,7.2,7.6,7.7,7.7,7.7,8,8,8.1,8.4,8.9,7.4,8.4,8.4,8,8.1,7.8,2.5,3.4,506,Suresh Kodikunnil,Male,Indian National Congress,99.8
Mayurbhanj,Odisha,3.8,4.1,3.6,4.1,3.7,3.8,4.1,3.7,4.6,4.4,4.4,4.1,4.6,4.8,4.2,4.3,4.1,3.8,4.1,4,4,3.8,3.8,3.6,10,4.6,4.6,4.4,4,6.1,4.4,3.4,2.4,520,Laxman Tudu,Male,Biju Janata Dal,47.2
Medak,Andhra Pradesh,6.8,4.7,3.3,5,6.5,4.9,4.1,4.6,4.7,5.4,4.8,4.9,5.4,5.2,5.3,4.5,4.4,4.6,4.6,4.1,3.9,4.6,4.6,4.9,4.3,3.6,5.3,5.5,5.6,5.8,4.9,3.9,2.7,503,M. Vijaya Shanthi,Female,Telangana Rashtra Samithi,72.9
Meerut,UP,4.9,3.9,5,4.2,4.3,4.6,3.6,4.5,4.5,4.3,4.6,4.5,4.5,4.6,4.5,4.6,4.1,4.3,4.4,4.4,4.6,4.5,4.3,4.7,,,,,,,4.4,3.9,2.4,496,Rajendra Agrawal,Male,Bharatiya Janata Party,47.2
Mehsana,Gujarat,3,4.9,5.9,5.5,4.9,1.1,4.3,8.8,4.7,1.8,4.4,7.9,4.5,1.8,4.4,7.3,4.3,2.4,4.6,6.4,3.6,2.5,4.3,5.2,4,2,4.6,6.3,6.9,6.8,4.6,2.2,4.2,512,Jayshreeben Patel,Female,Bharatiya Janata Party,61.2
Mirzapur,UP,,,,,,4.7,3.7,4.2,5.2,5,4.5,5,4.7,4.8,5.4,4.8,4.2,4.4,4.6,4.8,4.3,5.4,4.3,4.4,,5.3,5,3.8,5.5,7.4,4.8,3.6,2.7,508,Bal Kumar Patel,Male,Samajwadi Party,69.6
Misrikh,UP,3.6,4.7,3.4,4.1,3.9,3.5,3.7,3.5,3.3,4,3.6,3.7,3.6,3.8,3.4,3.1,2.9,2.9,2.9,2.7,2.9,2.9,3.1,3,,,,,,,3.4,3.8,2.7,502,Ashok Kumar Rawat,Male,Bahujan Samaj Party,12.9
Mohanlalganj,UP,4.9,4.8,4.5,4.2,4.3,3.6,3.4,4.8,4.3,4,3.8,3.6,3.6,3.4,3.5,3.8,3,4,4.5,3.5,3.2,4.5,4,3.7,,,,,,,4,3.8,2.8,503,Sushila Saroj,Female,Samajwadi Party,29.4
Moradabad,UP,,,,,,3.3,3.7,3.9,4,3.9,3.9,3.9,3.9,3.7,3.8,3.6,3.7,3.7,3.6,3.6,3.8,3.9,3.5,3.2,,3.6,4.1,3.9,4.1,6.9,3.9,3.9,3,479,Mohammed Azharuddin,Male,Indian National Congress,25.1
Morena,MP,3.4,3.4,3.4,3.4,3.4,3.8,4.1,3.5,3.6,3.6,4,3.9,3.7,3.8,3.8,3.9,4.2,4,3.8,4,4.3,3.9,3.9,4.2,,,,,,,3.8,3.6,2.4,500,Narendra Singh Tomar,Male,Bharatiya Janata Party,22.6
Mumbai North,Maharashtra,3.3,,,,,6.2,4.4,4.9,4.6,4.6,4.4,4.2,4.4,4.6,4.7,4.4,4,3.8,4.1,4.5,4.2,3.6,3.5,4.3,3.5,5.4,3.5,3.1,3.5,8.2,4.4,4.6,3.6,510,Sanjay Nirupam,Male,Indian National Congress,47.2
Mumbai North-Central,Maharashtra,,,,,,3.6,3.4,3.4,3.8,3.7,3.5,3.7,3.8,4.1,3.9,3.6,3.5,3.4,3.1,3.4,3.5,3.5,3.3,4,3.4,4.6,3.5,2.6,3.5,9,3.8,4.6,3.6,511,Priya Sunil Dutt,Female,Indian National Congress,22.6
Mumbai North-East,Maharashtra,,,,,,3.4,3.6,3.9,4.8,4.5,4.4,4.5,4.3,4.1,3.7,3.6,3.2,3.7,3.5,3.7,3.3,3.6,3.6,3.7,3.8,3.6,3.6,3.9,4,6.8,3.9,3.9,3.6,514,Sanjay Dina Patil,Male,Nationalist Congress Party,25.1
Mumbai North-West,Maharashtra,3.9,3.3,5.6,6.7,6.7,4,5.1,4.1,5.4,5.3,5.8,5.8,6.5,6.1,6.3,4.7,5,5,4,5.7,6.1,5,3.9,5,5.5,4.9,4.5,5.7,5.2,8.4,5.3,4.5,3.7,503,Gurudas Kamat,Male,Indian National Congress,84.6
Mumbai South,Maharashtra,,,,,,3.9,3.9,3.8,3.9,4.2,4,4,4,4,4.6,3.9,3.7,4,3.9,4.6,3.8,3.7,3.8,4.5,3.3,4.3,3.8,3.9,4.2,9.9,4.2,4.3,3.9,515,Milind Murli Deora,Male,Indian National Congress,36.8
Mumbai South-Central,Maharashtra,,,,,,3.4,4,3.9,4.6,4.8,5,4.7,4.5,4.3,4.4,4,3.8,3.8,3.8,3.9,4.2,4.1,3.7,3.8,3.8,3.5,3.6,3.9,4.2,7.4,4.2,4.1,3.7,492,Eknath Mahadeo Gaikwad,Male,Indian National Congress,36.8
Munger,Bihar,,,,,,3.3,4.7,3.9,4.9,3.6,4.8,3.7,4.7,3.7,4.9,3.6,4.8,3.8,4.8,3.7,4.8,3.6,4.8,3.6,,4.8,3.8,4.5,3.8,6.7,4.3,3.7,2.5,498,Rajiv Ranjan (Lalan) Singh,Male,Janata Dal (United),41.1
Muzaffarnagar,UP,4.6,3.7,4.8,3.9,4,3.9,3.7,4.1,4.4,4.6,4.5,4.7,4.6,4.5,4.6,4.5,4.4,4.6,4.5,4.5,4.5,4.3,4.2,4.5,,,,,,,4.4,3.9,2.5,509,Kadir Rana,Male,Bahujan Samaj Party,47.2
Muzaffarpur,Bihar,,,,,,3.8,4.1,4.3,4.5,4.7,4.7,4.7,4.7,4.7,4.5,4.4,4.4,4.4,4.3,4.5,4.5,4.6,4.2,4.2,,6.4,3.8,6.6,6.6,9.8,4.9,3.6,2.4,524,Jainarain Prasad Nishad,Male,Janata Dal (United),72.9
MYSORE,Karnataka,3.3,4.5,4.9,5,5.1,4.7,5.1,5.5,5.5,5.6,5.3,5.5,5.7,5.8,5.5,5.4,5.2,5.3,5.5,5.5,5.3,5.9,5.4,5.3,5.4,4.5,4.2,4.9,5.7,5.8,5.2,4.2,3.2,440,Adagooru Huchegowda Vishwanath,Male,Indian National Congress,82.3
Nabarangpur,Odisha,4.4,3.6,4,4.1,4,5.4,5.5,5.5,5.6,5.7,5.9,5.9,6.1,6,6,5.7,5.8,5.6,5.9,5.9,5.7,5.6,5.7,5.8,,,,,,,5.4,3.6,2.1,520,Pradeep Majhi,Male,Indian National Congress,87.1
Nagapattinam,Tamil Nadu,5.3,4.3,5.2,4.6,5.6,3.8,5.2,4.5,4.5,5.9,5.5,6.1,6.3,6.2,6.1,5,4.6,4.2,4.4,4.8,5.1,4.5,4.3,4.7,4.3,6.3,4.8,4.7,4.5,6.6,5.1,3.9,3.1,514,A.K.S. Vijayan,Male,Dravida Munnetra Kazhagam,80.1
Nagarkurnool,Andhra Pradesh,3.3,3,3.5,2.8,3.2,3.3,3.7,3.4,3.3,3.5,3.4,3.7,3.8,3.9,3.8,3.5,3.1,3.4,3.9,3.5,3.3,3.5,3.4,3.3,4.7,3.6,3.3,3.5,1.9,3,3.4,3.7,3.1,515,M. Jagannath,Male,Indian National Congress,12.9
Nagaur,Rajasthan,,,,,,6,5.4,4.7,5.1,5.5,5.6,5.5,5.6,5.6,5.1,4.6,4.4,4.1,4.1,4.5,4.7,5.2,4.7,4.8,,6.7,6.6,6.7,6.8,7.5,5.4,4.1,2.2,517,Jyoti Mirdha,Female,Indian National Congress,87.1
Nagina,UP,4,3.6,3.1,3.2,3.3,3.6,3,3.2,3.3,3.3,3,3.3,3.1,3.1,3.2,3.1,3.2,3.4,3.1,3.1,3.2,3.3,3,2.8,,,,,,,3.2,3.8,2.2,485,Yashvir Singh,Male,Samajwadi Party,10.3
Nagpur,Maharashtra,2.8,3.3,3.3,3.3,3.1,2.8,3.3,3,3.4,3.2,4.1,4.1,4.4,4.4,4.5,4.6,4.8,4.7,4.9,4.9,4.2,4.3,4.3,4.3,4.4,3.6,3.7,3.8,4.9,5.2,4,2.3,3.8,493,Vilas Baburao Muttemwar,Male,Indian National Congress,29.4
Nainital-udhamsingh Nagar,Uttarakhand,4,5.6,3.9,5.2,4.3,4.7,4.5,4.6,5.1,4.4,4.8,4.5,4.4,5.1,4.8,4.6,4.2,4.4,4.5,4.6,4.8,4.7,4.7,4.4,,,,,,,4.6,4,3.1,559,K.C. Singh Baba,Male,Indian National Congress,61.2
Nalanda,Bihar,,,,,,3.6,4.4,4.2,4.6,4.3,4.3,4.4,4.5,4.4,4.2,4.2,4.2,4.3,4.2,4.2,4.2,4.2,4.3,4.3,,4.3,6.1,4.4,4.8,5.9,4.4,3.4,2.1,468,Kaushalendra Kumar,Male,Janata Dal (United),47.2
Nalgonda,Andhra Pradesh,3.4,2.9,3.1,3.1,3,3.7,3.9,3.8,3.5,3.7,3.7,3.8,3.8,3.7,4,3.5,3.5,3.7,3.7,3.7,3.7,3.8,3.8,4,4,3.7,4,4.4,4.3,5.5,3.8,4,2.8,493,Sukender Reddy Gutha,Male,Indian National Congress,22.6
Namakkal,Tamil Nadu,5.1,6.4,3.4,2.8,3.3,4,1.3,5.7,6.6,5.8,6.1,6.8,7.7,8.1,7.3,5,5,4.7,4.6,5.1,1.3,4,4.2,4.2,3.9,5.6,4.2,4.6,4.6,6.2,4.9,4.9,2.5,512,S. Gandhiselvan,Male,Dravida Munnetra Kazhagam,72.9
Nanded,Maharashtra,3.3,4.7,5.4,5.4,4.9,3.9,4.8,5.1,5.4,5.6,5.3,5.5,5.4,5.5,5.4,5.2,5.2,4.9,5,5,5.7,5.4,5.2,5.1,5,5.9,6.1,5.5,6.8,7.9,5.3,4.9,2.9,514,Bhaskarrao Bapurao Patil,Male,Indian National Congress,84.6
Nandurbar,Maharashtra,4.4,5.6,5.8,4,5.2,3.6,4.1,5.1,5.3,4.2,4.3,4.7,5.6,4.7,5.5,4.4,4.2,4.5,5,4.5,4,5.1,4,4.5,5.1,3.8,4.9,4.9,4.3,5.1,4.7,3.8,2.7,515,Manikrao Hodlya Gavit,Male,Indian National Congress,66.3
Nandyal,Andhra Pradesh,1.4,3.7,4.1,3.9,4.7,3.1,2.9,3.1,4.1,4.2,4.2,4.1,4,3.9,4.2,4.3,4.3,4.1,3.9,4.1,4.1,3.9,3.9,4.1,4.3,5.6,4.7,4,3.9,4.4,4,3.3,1.4,515,S.P.Y. Reddy,Male,Indian National Congress,29.4
Narasaraopet,Andhra Pradesh,2.1,3.8,6.9,4.5,3.5,2.4,4.6,6,4,3.1,4.6,5.5,3.9,3.3,4.7,5.3,3.9,3.4,4.8,5.1,3.7,3.4,4.7,5,3.9,2.3,4.2,5.9,4.5,4.7,4.3,3.4,2.6,505,Modugula Venugopala Reddy,Male,Telugu Desam Party,41.1
Narsapuram,Andhra Pradesh,6,5.7,6,6.3,6.1,5.7,5.1,5.5,5.9,5.6,5.3,5.5,5.8,5.7,5.5,5.6,5.7,5.7,5.6,5.7,5.7,5.7,5.6,5.7,5.7,5.7,5.6,5.7,5.8,9.4,5.8,3.6,1.9,514,Bapi Raju Kanumuri,Male,Indian National Congress,93.8
Nashik,Maharashtra,6.3,4.5,4.8,3.9,4.8,5.8,5.5,5.2,4.5,3.5,4,4.9,5.4,6,5.4,5,4.7,4.5,4.7,5.3,5.2,5.1,5,4.8,4.7,4.3,4.3,4.4,4.2,4.4,4.8,4.1,4.8,503,Sameer Magan Bhujbal,Male,Nationalist Congress Party,69.6
Nawada,Bihar,,,,,,3.5,4.6,4.2,4.4,4.1,4.1,4.1,4.4,4.3,4.3,4.2,4.1,4.1,4.6,4.2,4.1,4.3,4.3,4,,2.6,5.4,3.1,3.6,5.1,4.2,3.6,2.3,494,Bhola Singh,Male,Bharatiya Janata Party,36.8
Nellore,Andhra Pradesh,1.4,4.3,8.4,4.3,2.3,2.1,4.4,6.8,4,2.9,4.8,6.9,4.6,3.1,4.4,6.3,4.2,3,4.6,6.6,4.5,3,4.7,6.1,3.8,2.2,4.2,6.5,4.1,4.5,4.4,5.1,3.5,491,Mekapati Rajamohan Reddy,Male,Yuvajana Sramika Rythu Congress Party,47.2
New Delhi,Delhi,,,,,,5.5,5.6,4.9,7.2,6.3,5.7,7,6.3,6,6.8,6.2,5.6,6.2,4.4,6,6,5.1,4.6,6.3,,,,,,,5.9,4.2,4.2,522,Ajay Maken,Male,Indian National Congress,94.9
Nilgiris,Tamil Nadu,2.1,3.1,3.3,3.1,2.8,2.1,2.9,2.6,3,2.4,2.9,2.7,3.1,2.6,2.9,2.6,3,2.5,2.9,2.6,2.9,2.5,2.8,2.7,2.9,2,3.2,2.7,3.1,3.3,2.8,5.1,4,512,Andimuthu Raja,Male,Dravida Munnetra Kazhagam,5.5
Nizamabad,Andhra Pradesh,4.7,6.1,5.1,5.9,5,5.2,5.2,5.7,5.4,5.8,5.4,5.7,5.3,5.5,5,5.7,5.4,5.7,5.5,5.8,5.2,5.8,5.4,5.7,4.9,6,6.1,6,6.2,9.8,5.7,3.7,3.3,505,Madhu Goud Yaskhi,Male,Indian National Congress,92.0
North East Delhi,Delhi,,,,,,5.3,4,5.3,5.1,5.4,5.2,5.3,5.3,5.4,5.3,5.3,5.3,5,5.3,5.3,5.3,5.4,5.2,5,,5.4,4.9,5,4.8,7.1,5.2,4,3.4,563,Jai Prakash Agarwal,Male,Indian National Congress,82.3
North Goa,Goa,5.4,5.6,5.1,5.4,5.8,6.4,6,6.2,7.6,7.6,6.4,6.6,7.2,7.8,7.8,7,6.4,6.1,6.4,6.4,6.3,6.7,5.8,7.5,6.3,7.3,6.2,6.9,7.2,8.4,6.6,4.7,3,513,Shripad Yesso Naik,Male,Bharatiya Janata Party,98.8
North West Delhi,Delhi,,,,,,4.7,5.9,4.5,5.4,4.9,4.8,5.2,5.2,4.9,5.2,4.7,4.5,4.4,4.5,4.4,4.7,4.2,4.1,4.3,,5.1,3.6,5,4.5,7.5,4.8,4,3.1,490,Krishna Tirath,Female,Indian National Congress,69.6
Nowgong,Assam,3.5,3.4,3.6,3.9,4.2,3,3,3.8,3.9,4.7,3.6,3.9,4.3,4.6,4,3.6,3.4,3.6,3.9,3.4,4.6,3.8,3.4,3.2,2.8,3.6,3.3,3.7,4,8.5,3.9,4.3,3.2,494,Rajen Gohain,Male,Bharatiya Janata Party,25.1
Ongole,Andhra Pradesh,2.3,3.4,3.9,3.8,3.7,3.3,3.6,3.7,3.7,3.6,3.5,3.5,3.5,3.5,3.6,3.6,3.6,3.7,3.8,3.8,3.6,3.6,3.8,3.9,3.8,4.1,4.2,4.4,3.8,6.3,3.8,4.9,4.2,500,Magunta Sreenivasulu Reddy,Male,Indian National Congress,22.6
Osmanabad,Maharashtra,3.8,3.8,4.2,4.6,4.5,4.1,4.2,3.9,3.8,3.8,3.7,3.7,3.7,3.7,3.7,3.8,3.9,3.9,3.9,4,4.2,4.2,4.1,4.2,4.2,3.4,3.3,3.6,4.7,9.9,4.1,5.2,3.7,515,Padmasinha Bajirao Patil,Male,Nationalist Congress Party,33.7
Palamau,Jharkhand,,,,,,5.4,4.5,4.5,4.8,4.7,4.7,4.9,5.2,5.2,5.2,4.6,4.8,4.6,4.9,4.4,4.4,4.5,4.5,3.9,,6.5,4.9,4.5,5.9,5.1,4.9,3.4,2.4,524,Kameshwar Baitha,Male,Jharkhand Mukti Morcha,72.9
Palghar,Maharashtra,4.8,4.5,4,4,4,4.7,3.2,3.9,4.5,4.3,3.3,3.7,4.4,4.8,4.7,3.7,3.3,3.6,3.6,3.6,3.1,3.5,3.7,3.6,3.7,5.1,2.7,4.1,3.8,6.3,4,4.2,3.1,508,Baliram Sukur Jadhav,Male,Bahujan Vikas Aaghadi,29.4
Palghat,Kerala,2.3,2.3,2.2,2.3,2.4,2.5,2.5,2.8,3.3,3.3,3.4,3.8,4,4.3,4.7,4.4,4.2,3.6,3.8,3.3,3.3,3.3,3.2,3.1,3.2,3.1,3.4,3.7,4.7,3.7,3.3,4.3,4.4,501,M. B. Rajesh,Male,Communist Party of India (Marxist),11.5
Pali,Rajasthan,,,,,,3.9,4.4,4.3,4.4,4.2,4.7,4.1,3.8,4.1,3.9,3.9,4.3,3.9,4.2,4.2,4.6,4.8,4.3,3.9,,3.7,4,4.2,3.9,3.7,4.1,3.8,2.3,521,Badri Ram Jakhar,Male,Indian National Congress,33.7
Panchmahal,Gujarat,2.8,4.8,6.8,3.8,5,1.7,4.2,7.5,6.1,3.9,3.5,4.7,4.4,3,4,6.8,5.9,3.8,3.5,4.8,4.6,3.3,4,5.4,4.6,1.5,4,7.8,4.4,3.2,4.5,4.4,3.1,489,Prabhatsinh Pratapsinh Chauhan,Male,Bharatiya Janata Party,55.4
Parbhani,Maharashtra,3.6,4.8,5.1,4.8,5.9,4,5.3,5.4,5.5,6.1,5,5,5,5.5,5.5,5.3,4.9,4.7,5.1,5.2,6,6.1,5.1,5.2,4.9,6.3,6.5,6,6,7.7,5.4,4.7,3,511,Ganeshrao Nagorao Dudhgaonkar,Male,Shiv Sena,87.1
Paschim Champaran,Bihar,,,,,,4.6,4.1,4.2,4.8,4.5,4.3,4.2,4.8,4.5,4.1,4.6,4.3,4.5,4.2,4.4,4.3,4.6,3.9,4.5,,3.3,4.1,3.8,3.9,4.9,4.3,3.4,2,499,Sanjay Jaiswal,Male,Bharatiya Janata Party,41.1
Pataliputra,Bihar,,,,,,6.1,6.4,6.3,2.7,6.3,2.9,6.3,5.4,6.2,4.3,5.5,4.5,4.2,4.9,3.9,5.8,3,5.9,3.6,,6.2,4.7,4.7,5,2.1,4.9,3.4,2.2,462,Ranjan Prasad Yadav,Male,Janata Dal (United),72.9
Patan,Gujarat,1.3,3.2,7.2,5.9,2.8,2.3,4.3,6.6,4.6,2.5,4.7,6.2,4.4,3.1,4.7,5.9,4,3.4,4.7,5.1,4,3.9,4.8,5.4,4.7,2.2,3.2,6.5,6.1,4.8,4.4,6.5,2.8,467,Jagdish Thakor,Male,Indian National Congress,47.2
Pathanamthitta,Kerala,4.4,4.6,5.5,4.4,4.4,4.5,4.5,5.2,5.6,6.1,5.2,5.2,5.8,6.2,6.5,5.4,4.9,4.8,5,5.1,5,5,4.6,4,3.1,5.1,4,4.8,5,5.7,5,4.3,4.1,500,Anto Antony,Male,Indian National Congress,76.6
Patiala,Punjab,,,,,,2.7,2.5,3.1,3.1,3,2.8,3.1,3.4,3.5,3.4,3,2.8,2.9,2.9,2.9,2.7,2.9,2.7,2.4,,3.1,2.6,3,3,6,3.1,4,2.4,535,Preneet Kaur,Female,Indian National Congress,8.8
Patna Sahib,Bihar,,,,,,3.5,4.2,4.2,4.2,4.2,4.2,4.1,4.2,4.2,4.3,4.2,4.2,4.2,4.1,4.1,4.2,4.2,4.2,4,,3.5,4.6,4.7,3.5,4.4,4.1,3.5,2.2,469,Shatrughan Prasad Sinha,Male,Bharatiya Janata Party,33.7
Peddapalli,Andhra Pradesh,5,5.9,5.1,5.6,5.8,3.4,4.4,4.6,5.2,5.7,5.6,5.8,6,6,5.6,5.5,5.5,5.3,5,5,5.1,5.2,5,4.7,4.9,4,4.8,5.3,5.5,6.7,5.2,4.2,2.5,502,Gaddam Vivekanand,Male,Indian National Congress,82.3
Perambalur,Tamil Nadu,5.3,6.7,5.6,4.7,2.1,5,4.1,4.8,5.2,5,3.8,5.8,5.3,5,5.7,5,4.2,3.8,4.5,4.7,4.2,5.2,4.7,4.8,5,2.1,3,3.2,3.7,4.3,4.5,4.6,3.4,514,D. Napoleon,Male,Dravida Munnetra Kazhagam,55.4
Phulpur,UP,,,,,,4,4,3.7,4.6,3.7,3.7,4.2,3.8,3.8,4.2,3.5,3.8,4.1,3.9,3.7,4,3.9,3.8,4,,3.8,3.7,3.7,4.6,6.6,4,3.8,3,521,Kapil Muni Karwariya,Male,Bahujan Samaj Party,29.4
Pilibhit,UP,3.5,5.8,5.6,5.5,4.4,4.3,5.4,5.2,5.3,4.8,5.2,4.8,5.2,4.8,5.2,4.8,5,4.9,5,5,5.1,5,4.9,5,,,,,,,5,3.7,2.2,488,Feroze Varun Gandhi,Male,Bharatiya Janata Party,76.6
Pollachi,Tamil Nadu,3.5,3.8,3.1,2.2,1.8,2.1,2.9,2.4,3.1,2.4,2.9,2.5,2.9,2.3,2.9,2.6,2.9,2.4,2.9,2.5,2.9,2.4,2.9,2.7,3.1,3,3.5,3.3,3.4,4.5,2.8,4.6,3.5,510,K. Sugumar,Male,All India Anna Dravida Munnetra Kazhagam,5.5
Pondicherry,Puducherry,4.1,6.2,6.8,5.4,4.7,4.9,4.8,5.3,5.6,6.4,5.3,5.7,6.1,7.1,6.4,5.6,5.4,5.1,5.2,5.4,5,4.8,4.3,3.8,3.1,4.2,5,5.1,5.2,4.8,5.2,4.4,3.4,327,V. Narayanasamy,Male,Indian National Congress,82.3
Ponnani,Kerala,5.8,4.2,6.4,3.7,6.9,6.4,7,4.6,5.4,7,5.8,5.8,7.6,7.4,4.1,3.8,3.8,3.1,4.1,6,9.3,6.2,4.5,4.8,4.4,2.8,5.6,6.2,5.9,8.6,5.6,4.1,3.6,199,E. T. Mohammed Basheer,Male,Indian Union Muslim League,90.6
Porbandar,Gujarat,1.1,4.4,9.7,4.2,3.7,1.3,4.2,9.5,4.6,2.3,4.2,7.3,4.3,2.4,4.3,7.7,4.6,2.4,4,6.9,4.2,2.4,4.4,6.8,4.6,1.4,4.3,9.2,3.7,2.4,4.6,4.8,2.3,497,Vitthalbhai Hansrajbhai Radadiyahai,Male,Bharatiya Janata Party,61.2
Pratapgarh,UP,3.4,3,3.5,4.3,3,3.3,3,2.9,3.8,3.6,3.4,3.5,3.3,3.2,4.1,1.7,3.9,3.1,3.1,2.3,3.9,3.5,3.1,3.2,,,,,,,3.3,3.9,2.3,526,Rajkumari Ratna Singh,Female,Indian National Congress,11.5
Pune,Maharashtra,5.3,7.3,6.9,2.9,3.3,4.2,3.4,3.6,4.4,4.6,4,4.8,4.3,4.5,4.2,4.9,4.4,3.4,3.5,5.1,3.3,3.4,3.5,4.5,4,4.2,3.4,4.2,3.7,7.6,4.4,5.1,3.1,512,Suresh Kalmadi,Male,Indian National Congress,47.2
Puri,Odisha,4.4,3.8,5,4.5,5.3,3.3,6.2,5.4,7,5.8,6.5,7.1,7.2,6.3,6.7,6.4,6.9,5.1,3.8,5.3,6.1,6.3,5.1,5.4,,,,,,,5.6,3.6,2.2,520,Pinaki Misra,Male,Biju Janata Dal,90.6
Purnia,Bihar,,,,,,3.2,4.8,4.1,4.3,4.1,4.4,4.2,4.7,4.1,4.5,4.2,4.4,4.2,4.4,4,4.3,4.1,4.5,3.8,,2.6,5.4,3.5,4,6.2,4.3,3.8,3,486,Uday Singh,Male,Bharatiya Janata Party,41.1
Purvi Champaran,Bihar,,,,,,5.4,3.5,4.1,4.6,4.3,4.3,4,5.3,5.5,4.1,4.1,4,4.1,4.3,4.3,4.2,4.8,3.8,4.5,,3.9,3.3,3.6,4,5.2,4.3,3.3,1.8,500,Radha Mohan Singh,Male,Bharatiya Janata Party,41.1
Rae bareli,UP,3.9,6.5,2.4,5.7,4,3.8,4.8,6.2,6.5,5.2,4,3.9,6.5,6.2,5,3.7,3,4.8,3.5,5.1,4.2,5.9,4.3,3.6,4.1,5.9,4.5,3.8,4.9,4.9,4.7,3.7,2.7,501,Sonia Gandhi,Female,Indian National Congress,66.3
RAICHUR,Karnataka,4.2,4.4,3.8,4.1,4.3,3.4,4,4.3,4.2,4.1,4.1,4.3,4.1,4.5,4.4,4.4,4,4,4,4.1,4.1,4.3,3.9,4.1,4.1,4.4,4.5,4.2,4.3,6.2,4.2,4.2,3.3,499,S. Pakkirappa,Male,Bharatiya Janata Party,36.8
Raigad,Maharashtra,6.7,6.8,6.8,6.8,6.8,6.7,6.7,6.7,6.8,6.7,6.7,6.7,6.8,6.8,6.8,6.7,6.6,6.7,6.7,6.7,6.6,6.7,6.7,6.7,6.7,3.8,3.8,3.7,3.7,9.8,6.4,4.2,2.7,515,Anant Gangaram Geete,Male,Shiv Sena,98.2
Raigarh,Chhattisgarh,3.7,4.2,6.1,5.3,6.2,4.1,4.6,5,5,4.9,5.1,4.8,4.9,5.1,5.2,5.2,5.1,5.1,5.4,5.7,5.7,5.9,5.9,5.8,6,4,5,6.1,5.7,7.8,5.3,3.5,2.6,406,Vishnu Deo Sai,Male,Bharatiya Janata Party,84.6
Raipur,Chhattisgarh,2.9,3.1,4,4.2,4.9,3.4,3.5,3.7,4.1,3.8,4,4.3,4.3,4.2,4.4,4.4,4.4,4.2,4.1,4.2,4.2,4.3,4,4.2,4.8,3.2,4.4,5.3,4.8,5.8,4.2,3.8,2.9,502,Ramesh Bais,Male,Bharatiya Janata Party,36.8
Rajahmundry,Andhra Pradesh,2.1,5.3,5.3,5.5,5.2,5.1,4.6,4.6,4.9,5.1,4.6,5,5.2,5,4.9,5.1,5.2,5.1,5.2,4.9,4.9,4.7,4.8,4.8,4.9,3.5,4.4,5.1,4.3,7,4.9,2.7,2.6,482,Aruna Kumar Vundavalli,Male,Indian National Congress,72.9
Rajampet,Andhra Pradesh,3.4,5.2,4.9,5.5,6.3,4.3,4.5,6,5.8,5.8,5.4,5.4,4.9,5.2,5.6,5.1,5.1,5.9,5.6,5.2,5.3,6.3,6.5,6,5.5,,,,,,5.4,3.7,2.3,515,Sai Prathap Annayyagari,Male,Indian National Congress,87.1
Rajgarh,MP,3,3.7,2.5,3.1,2.6,2.7,3.4,2.8,5.7,3.8,3.7,3.8,4.5,4.9,3.6,3.3,3,3.2,2.9,4,3.8,4.9,2.6,2.4,3.1,,,,,,3.5,3.2,1.8,488,Narayan Singh Amlabe,Male,Indian National Congress,15.2
Rajkot,Gujarat,1.2,4.3,8,4.5,3.9,1.1,4.4,8.7,3.6,2.9,5.1,5,5.3,4.7,2.9,4.8,6,3.6,3.7,5.3,4.5,4.6,4.8,3.6,5.1,1.2,4.4,8.3,4.4,3.3,4.4,5.1,2.9,450,Kunwarjibhai Mohanbhai Bavaliya,Male,Indian National Congress,47.2
Rajmahal,Jharkhand,,,,,,3,3.5,3.9,4,3.8,3.9,4,3.4,3.7,3.3,3.9,3.9,4,4.1,3.9,3.9,4,3.6,3.4,,4.1,4.5,4.2,3.9,4.6,3.8,3.5,2,511,Devidhan Besra,Male,Bharatiya Janata Party,22.6
Rajnandgaon,Chhattisgarh,2.2,2.6,3.7,4.8,5.9,3.6,3.9,3.6,3.1,3.8,4.8,5.3,5.2,5.1,4.8,4.5,4.2,3.8,3.9,4.2,4.2,4.4,4.6,4.7,3.4,2.5,3.6,4.7,4.6,4.9,4.2,4.7,2.5,515,Madhusudan Yadav,Male,Bharatiya Janata Party,36.8
Rajsamand,Rajasthan,,,,,,5.6,5.1,4.6,4.8,4.9,4.7,4.8,5,4.7,4.7,4.8,4.7,4.8,4.7,4.8,4.7,4.8,4.1,3.2,,5.2,5.1,4.6,3.8,3.6,4.7,3.8,2.4,520,Gopal Singh Shekhawat,Male,Indian National Congress,66.3
Rampur,UP,3.4,4.4,3.6,3.8,4.1,3.9,3.8,3.8,3.9,4,4,4,3.9,3.9,4,3.9,3.6,3.8,3.9,3.8,3.8,3.8,4,3.9,,,,,,,3.9,3.8,2.6,506,P. Jaya Prada Nahata,Female,Samajwadi Party,25.1
Ramtek,Maharashtra,2.5,3.3,3.2,4,4.3,2.3,2.5,2.6,3.1,3.2,3.2,3.3,3.4,3.3,3.3,3.1,2.9,2.8,2.8,3,3,3.1,2.8,2.9,3.3,3.4,2.5,3.5,3.8,4.9,3.2,2.4,3.5,377,Mukul Balkrishna Wasnik,Male,Indian National Congress,10.3
Ranchi,Jharkhand,3.3,3.3,3.1,3.1,2.7,3.4,3.2,3,3.1,3.1,3,3.3,3.6,3.5,3.3,3.1,3,2.8,2.9,2.8,2.8,3,3.1,3.3,,,,,,,3.1,3.3,2.2,476,Subodh Kant Sahai,Male,Indian National Congress,8.8
Ratlam,MP,2.4,2.3,2,2.4,2.1,2,2.5,3.2,2.3,3,2.3,2.8,2.9,3,3,2.6,1.6,2.9,2.5,2.8,2.8,3.1,2.5,1.8,,,,,,,2.5,3.3,1.9,483,Kantilal Bhuria,Male,Indian National Congress,3.3
Ratnagiri-Sindhudurg,Maharashtra,3.2,3.9,4.3,5.2,4,3.1,3.2,3.4,4.1,4.9,4.8,4.4,4.1,3.8,3.9,4,4,4.4,4.4,4.4,4.1,4,3.6,3.2,,3,4.6,4,4.3,6.1,4.1,4,2.7,512,Nilesh Narayan Rane,Male,Indian National Congress,33.7
Raver,Maharashtra,5.3,6.1,5.6,5.5,5.4,6,4.9,5.9,5.8,4.9,4.6,5,5.2,5.3,5.4,4.8,4.3,4.3,4.8,5.1,4.8,5.1,5.2,5.7,6.2,5.5,5.3,5.3,4.8,8.1,5.3,4.1,3.3,495,Haribhau Madhav Jawale,Male,Bharatiya Janata Party,84.6
Rewa,MP,3,2.5,2.8,2.6,2.6,3.2,3.1,3.4,3.4,3.6,3.5,3.5,3.4,3.2,3.3,3.3,3,3.4,3.3,3.2,2.9,3.1,3.2,3.1,,,,,,,3.1,3.2,2.2,382,Deoraj Singh Patel,Male,Bahujan Samaj Party,8.8
Robertsganj,UP,3.7,3.6,3.6,4,3.9,3.7,3.4,3.7,4.1,4,3.7,4,4.1,3.9,4.3,3.5,3.3,3.6,3.7,3.6,3.6,4.4,3.4,3.4,,,,,,,3.8,3.4,2.4,519,Pakauri Lal,Male,Samajwadi Party,22.6
Rohtak,Haryana,4.7,4,3.8,4.2,4.4,5.9,4.4,3.8,4,4,4.4,6.3,6.4,4.8,4.4,4.1,4,3.7,3.8,3.7,3.9,3.6,3.4,6.4,,,,,,,4.4,4.1,3.1,519,Deepender Singh Hooda,Male,Indian National Congress,47.2
Sabarkantha,Gujarat,1.4,4.2,7.8,4.2,3.8,1.7,3.9,7.9,4.5,2.5,3.9,6,4.2,2.8,4.4,6,4.5,3,4.1,5.9,4.4,3.2,4.6,5.9,4.9,2.1,3.3,7.2,4.9,2.6,4.3,2.3,2.9,507,Mahendrasinh Pruthvisinh Chauhan,Male,Bharatiya Janata Party,41.1
Sagar,MP,4.3,4.2,4.1,4.1,3.8,2.8,2.6,4.1,3.7,3.7,3.5,3.7,3.7,3.7,3.9,4.1,3.2,3.5,3.6,3.8,3.3,3.9,4,3.1,,,,,,,3.7,3.4,2.2,534,Vacant,,Vacant,20.1
Saharanpur,UP,4.1,4,4.2,4.2,4.1,4,3.9,4,4.5,4.6,4.5,4.5,4.5,4.5,4.4,4.3,4.1,4.2,4.3,4.1,4.3,4.4,4.1,4.2,3.6,,,,,,4.2,3.9,2.2,537,Jagdish Singh Rana,Male,Bahujan Samaj Party,36.8
Salem,Tamil Nadu,4.8,5.3,5,5.1,4.5,4.9,1.2,5.3,5.7,5.8,5.5,5.4,5.3,5.2,5.3,5.3,5.1,5.2,5.1,5.3,1.2,5.4,5.4,4.9,4.8,5.7,5.4,5.5,4.9,6.9,5,4.6,4,501,S. Semmalai,Male,All India Anna Dravida Munnetra Kazhagam,76.6
Salempur,UP,4.3,4,3.8,3.9,4.3,4.3,3.8,3.7,4.4,6.6,6.5,4.8,4.2,4.7,4.1,4,4.1,4.8,4.4,4.1,4.4,3.8,4.1,4.1,,,,,,,4.4,3.6,2.2,501,Ramashankar Rajbhar,Male,Bahujan Samaj Party,47.2
Samastipur,Bihar,,,,,,3.9,4.5,4.3,4.2,4.3,4.3,4.4,4.4,4.5,4.5,4.5,4.3,4.3,4.3,4.3,4.2,4.3,4.3,4.1,,,,,,,4.3,3.3,2.1,499,Maheshwar Hazari,Male,Janata Dal (United),41.1
Sambalpur,Odisha,4.9,5.5,5.1,5.2,5,4.9,4.3,4.9,5.4,5.3,5,5.2,5.4,5.5,5.5,5.4,4.7,4.8,4.8,4.7,4.4,5,4.5,4.4,,,,,,,5,3.4,2.3,521,Amarnath Pradhan,Male,Indian National Congress,76.6
Sambhal,UP,3.3,4.2,3.5,4.1,4,3.7,4.1,3.8,4.1,4,4.2,4.1,4,3.9,4.1,4,3.9,4,3.9,3.9,3.9,4,3.8,3.7,4.8,,,,,,4,4,2.7,515,Shafiqur Rahman Barq,Male,Bahujan Samaj Party,29.4
Sangli,Maharashtra,4.8,4.3,4.2,4.8,4.2,4.9,4.7,4.4,4.6,5,4.8,4.4,4.4,4.6,4.6,4.4,4.4,4.7,4.6,4.9,4.7,4.5,4.4,4.4,4,5,5.6,5,5.5,6.6,4.7,5.4,4.2,515,Pratik Prakashbapu Patil,Male,Indian National Congress,66.3
Sangrur,Punjab,1.9,1.6,1.6,1.8,1.7,2.1,2.1,3.1,2.7,2.6,2.4,2.6,3.3,2.8,3.3,2.6,2.3,2.8,2.3,2.5,2.2,3.1,2.1,1.7,,,,,,,2.4,3.7,2.2,498,Vijay Inder Singla,Male,Indian National Congress,2.5
Sant kabir Nagar,UP,4.5,4.3,4.2,4.3,4.3,4.4,4.1,3.6,4.5,6.3,5.8,4.3,3.7,4.6,4.6,4,4.3,4.3,4.7,4.5,4.8,4.1,4.1,4.3,2.2,4.7,4.1,4.2,4.3,5.5,4.4,3.7,2.1,500,Bhismshankar Alias Kushal Tiwari,Male,Bahujan Samaj Party,47.2
Saran,Bihar,,,,,,3,3.6,3.3,3.5,3.4,3.6,3.5,3.6,3.5,3.6,3.4,3.5,3.5,3.6,3.5,3.6,3.9,3.6,3.3,,4.6,4.8,4.1,4.6,5.2,3.7,3.8,2.1,497,Vacant,,Vacant,20.1
Sarguja,Chhattisgarh,3.9,4.6,5.7,5.4,5.7,4.4,4.8,5.4,5.3,5.7,5.6,5.4,5.6,5.4,5.4,5.2,5.3,5.3,5.3,5.3,5.5,5.7,5.6,5.7,5.8,4.4,5.2,5.6,6.5,5.1,5.3,3.5,2.5,388,Vacant,,Vacant,84.6
Sasaram,Bihar,2.7,3.8,4,4.4,3.2,2.8,4,3.1,4,3.7,3.4,3.6,3.5,3.8,2.6,2.4,4.4,3.1,3,3.2,3.7,3.7,3.7,2.6,,,,,,,3.4,3.9,2.5,527,Meira Kumar,Female,Indian National Congress,12.9
Satara,Maharashtra,4.5,4.4,4.5,4.5,3.9,3.9,4.8,4.7,4.8,5.3,6.2,4.7,4.7,5,4.8,4.4,3.7,4.6,4.2,5.1,5,4.1,4.1,4.2,3.9,4.7,4.4,4.4,3.9,7.4,4.6,5.5,4.5,515,Udayanraje Pratapsingh Bhonsle,Male,Nationalist Congress Party,61.2
Satna,MP,3,2.5,3,2.9,2.8,2.1,1.6,3.2,2.8,3.2,3,3.1,3.3,3.1,3.5,2.9,2.4,2.4,3.1,3,3.1,3.1,3,1.9,,,,,,,2.8,3.4,2.4,494,Ganesh Singh,Male,Bharatiya Janata Party,5.5
Secunderabad,Andhra Pradesh,,,,,,2.1,2.6,3.4,3.8,3.9,3.8,3.7,3.6,3.7,3.8,3.9,3.9,3.8,3.9,3.9,3.8,3.7,3.7,3.5,2.9,3.2,2.4,3.7,3.7,7.1,3.7,4.2,2.2,515,M. Anjan Kumar Yadav,Male,Indian National Congress,20.1
Serampore,West Bengal,4.4,4.5,5.3,7.9,8.1,4.3,4.3,4.8,5.3,6.7,7.4,7.1,6.2,5.1,5.2,5.7,6.1,6.6,6.6,6.3,6,5.6,6,6.4,6.5,2.3,4.1,6.4,4.8,4.7,5.7,3.9,2.2,484,Kalyan Banerjee,Male,All India Trinamool Congress,92.0
Shahdol,MP,,,,,,3,1.2,2.8,1.9,2.6,2.1,2.2,2.2,1.9,2.3,2.2,2,2.5,2.2,1.8,1.4,1.9,2.4,2.4,,2.5,1.4,1.8,1.8,2.2,2.1,3.4,2.1,510,Rajesh Nandini Singh,Female,Indian National Congress,0.2
Shahjahanpur,UP,4.2,3.8,3.9,4,4,3.9,3.4,4.2,4.5,4.1,4.1,4.4,4.2,4.1,4.3,3.8,3.5,3.7,4,3.6,3.6,4.9,3.5,3.4,3.3,5.2,3.8,3.8,4.8,7.5,4.1,3.6,2,503,Mithlesh Kumar,Male,Samajwadi Party,33.7
Sheohar,Bihar,,,,,,5.1,4.9,5,5,5,4.9,4.9,5.1,5,4.9,5,5,5,5,5,5,5,5,4.9,,3.6,3.5,3.5,3.7,9.4,4.9,3.5,2.1,500,Rama Devi,Female,Bharatiya Janata Party,72.9
Shillong,Meghalaya,2,2.1,2.2,2.3,3,2.3,2.7,1.9,1.8,3.1,3.7,3.8,3.8,3.9,3.7,3.5,3,2.4,2.2,2.8,3.3,3.6,3.6,3.3,3,3,3.6,3,3.1,3.3,3,2.6,3.3,514,Vincent H Pala,Male,Indian National Congress,8.0
Shimla,Himachal Pradesh,5.1,6,5.7,5.8,5.3,3.9,5.5,4.9,5.7,5.5,5.9,5.8,5.7,5.7,6,6,5.9,5.8,5.8,5.7,5.8,5,5.5,5.2,,,,,,,5.6,4.3,3.5,518,Virender Kashyap,Male,Bharatiya Janata Party,90.6
SHIMOGA,Karnataka,3.5,4.8,4.9,4.7,5.3,3.8,4.9,4.7,4.6,4.2,4.3,4.5,4.5,4.8,4.9,5,5.2,5,5,5,4.9,4.8,5,5.1,4.9,3.6,4.9,4.5,4.7,5.6,4.7,4.5,3.4,513,Raghavendra Yeddyurappa,Male,Bharatiya Janata Party,66.3
Shirdi,Maharashtra,5.2,5,5.5,5.9,6.5,5.4,5.3,5.5,5.8,6,5.9,6.3,6.4,6.6,6.5,6.3,6.1,6.1,6.3,6.1,6,6,6.3,6.1,6,6.2,5.8,5,5.6,7.2,6,5.1,3.9,495,Bhausaheb Wakchaure,Male,Shiv Sena,95.9
Shirur,Maharashtra,5.5,6,5.8,5.8,5.6,4.4,5,5.3,6,5.6,5.3,4.9,6.1,6.3,6.4,6.1,5.8,5.4,5.1,5.7,5.1,5.2,5.1,5.7,5.5,4.6,4.3,4.3,4.1,7.5,5.4,3.4,2.9,522,Shivaji Adhalrao Patil,Male,Shiv Sena,87.1
Shrawasti,UP,,,,,,3.7,4.2,5.2,4.7,4.9,4.6,4.9,4.8,5.1,4.8,4.7,4.7,4.9,4.6,4.8,4.4,4.3,4,3.2,,4.5,3.8,4.6,3.7,5.2,4.5,3.8,2.4,501,Vinay Kumar Vinnu Pandey,Male,Indian National Congress,55.4
Sidhi,MP,2.9,2.6,2.7,2.6,2.6,2.9,1.2,2.9,1.6,2.6,2,1.7,1.8,1.8,2,2.3,1.7,2.7,2.4,2.1,1.4,1.8,2.5,2.5,,,,,,,2.2,3.3,2.7,507,Govind Prasad Mishra,Male,Bharatiya Janata Party,0.6
Sikar,Rajasthan,,,,,,4.1,4.8,4.4,4.7,4.5,4.6,4.8,4.9,4.4,4.8,4.6,4.4,4,4.1,4.3,3.9,4.5,4.4,4.1,,4.5,3.2,4.5,5.1,7.7,4.6,4.1,3.3,474,Mahadeo Singh Khandela,Male,Indian National Congress,61.2
Silchar,Assam,3.8,3.8,3.7,3.8,3.6,4.7,3.3,3.6,4,5,3.3,3.3,4.3,4.5,4.8,4.2,3.6,3.3,3.4,3.9,3.5,4.7,3.7,4.2,5.6,4,3.7,3.7,4.3,6.6,4.1,4.1,3,321,Kabindra Purkayastha,Male,Bharatiya Janata Party,33.7
Singhbhum,Jharkhand,3.9,3.7,3.2,3,2.7,3.8,3.4,2.8,3,2.9,3.2,3.4,3.5,3.4,3.3,3,3.1,2.8,2.9,3,3.1,3.3,3.4,3.9,,,,,,,3.2,3.2,2,526,Madhu Kora,Male,Independent,10.3
Sirsa,Haryana,,,,,,3.8,3.6,4.1,3.8,3.7,3.7,3.8,3.8,3.8,3.7,3.6,3.8,3.6,3.6,3.5,3.7,3.6,3.4,2.9,,4.3,3.6,4.1,4,3.5,3.7,4,2.3,496,Ashok Tanwar,Male,Indian National Congress,20.1
Sitamarhi,Bihar,,,,,,6.2,5.5,5.4,5.3,5.5,5.1,5.3,5.4,5.3,5.4,5.5,5.5,5.7,5.5,5.5,5.5,5.6,5.6,5.8,,,,,,,5.5,3.2,1.7,510,Arjun Roy,Male,Janata Dal (United),89.1
Sitapur,UP,5.4,5.3,5.3,5.1,5.1,4.8,5,5.2,5,5.4,5.1,5,4.9,5.3,4.9,5.4,5,4.9,5.2,5.5,4.8,5,5,4.5,,,,,,,5.1,3.6,2.2,519,Kaisar Jahan,Female,Bahujan Samaj Party,80.1
Siwan,Bihar,,,,,,3.3,3.4,4,5,3.7,3.7,4.3,4.2,3.8,4.5,3.6,3.2,3.3,4.1,3.2,3.7,4,3,2.6,,5.2,4.1,3.2,3.9,5.4,3.8,3.8,2,500,Om Prakash Yadav,Male,Independent,22.6
Solapur,Maharashtra,5.2,5.2,5,5,5.1,4.3,5.2,4.5,4.3,4.2,4.1,4.1,4.1,4.1,4.2,4.3,4.3,4.5,4.4,4.3,4.3,4.4,4.2,4.2,4.3,3.9,3.8,4.3,4.8,10,4.6,5.3,3.6,515,Sushil Kumar Sambhajirao Shinde,Male,Indian National Congress,61.2
Sonipat,Haryana,,,,,,2.3,4.8,3.7,5.1,5,5.3,5.5,5.1,5.6,5,4.5,4.1,3.8,4.1,4.7,5.2,4,3.8,3.6,,5.8,5,5.8,3.8,8.4,4.8,3.7,2.5,487,Jitender Singh Malik,Male,Indian National Congress,69.6
South Delhi,Delhi,,,,,,5.4,4.3,5.1,4.8,5.1,5,5.1,5,5.1,5.1,5,5,5.1,5.1,5.1,5,5.1,5,5,,5.1,4.6,4.8,4.6,7.8,5.1,4,3.4,476,Ramesh Kumar,Male,Indian National Congress,80.1
South Goa,Goa,3.7,3.9,3.9,4.2,4.6,4.7,4.8,4.6,5.9,5.8,5.5,6.1,6.5,6.8,6.4,5.1,4.5,4.2,4.5,5.1,5.1,5.5,4.6,5,6.5,5.1,4.1,4.5,5.1,7.6,5.1,5.1,3.3,515,Francisco Sardinha,Male,Indian National Congress,80.1
Srikakulam,Andhra Pradesh,3.8,3.8,3.8,3.9,3.8,4,3.8,3.9,4,3.9,3.9,3.9,3.9,3.9,4,3.9,4,4.1,4,4,3.9,4,4,4,4,5.9,4.8,5.2,5.9,7.2,4.2,3.7,2.8,514,Kruparani Killi,Female,Indian National Congress,36.8
Sriperumbudur,Tamil Nadu,3,3.7,3.9,3.5,3.8,3.6,3.4,5.1,4.7,4.7,4.2,5.1,4.7,4.8,4.3,4.7,4.4,4.2,4.4,4.5,3.5,4.7,4.8,4.3,4.3,3.6,4.5,4.6,4.6,6.2,4.3,4.3,3.1,498,Thalikkottai Rajuthevar Baalu,Male,Dravida Munnetra Kazhagam,41.1
Sultanpur,UP,,,,,,3.4,2.5,2.6,4.1,3.4,3,3.5,3,3.1,3.7,1.5,3.7,3.1,2.9,1.8,4,3.1,3,3.6,,3.6,2.8,3.2,4,6,3.3,4,2.4,520,Vacant,,Vacant,11.5
Sundargarh,Odisha,,,,,,4.8,4.5,3.6,4.1,4.3,3.9,4.5,4.1,4,4.4,4.1,4,4.2,4,4,4.3,4.3,3.9,4,,,,,,,4.2,3.3,2.5,521,Hemanand Biswal,Male,Indian National Congress,36.8
Supaul,Bihar,,,,,,2.3,3.4,3.5,4.1,4.1,4.2,4,3.9,3.9,3.8,3.4,3.4,3.3,3.4,3.5,3.4,3.5,3.2,2.7,,3.9,3.2,3.8,3.7,3.2,3.5,3.3,1.8,516,Vishwa Mohan Kumar,Male,Janata Dal (United),15.2
Surat,Gujarat,2.3,4.5,7,4.2,4.4,1.9,5,7.7,4.7,3.1,4.5,6.7,4.4,2.8,4.4,5.6,4.4,3.3,4.5,5.8,4.4,3.2,4.2,4.4,4.5,2,5.3,6.9,4.1,5.8,4.5,4.5,2.4,509,Darshana Vikram Jardosh,Female,Bharatiya Janata Party,55.4
Surendranagar,Gujarat,2.3,4.3,5.7,4.2,4.1,2.2,4.1,6.9,4.6,2.7,4.5,6.9,4.2,3.2,4,5.2,4.5,3.3,4.5,5.1,4.2,4,4.3,6.1,4.1,2.1,4.3,7,4.3,4.9,4.4,3.6,2.2,1012,Somabhai Gandalal Koli Patel,Male,Indian National Congress,47.2
Tezpur,Assam,2.6,2.9,4,2.9,2.6,2.2,3.3,4.7,7.1,7.3,4.3,6.8,7.1,6.8,5.1,4.6,2.8,3.4,3.5,4.1,4.5,3.6,5.1,3.6,,3.3,5,5,5.6,7.2,4.5,4.6,3,163,Joseph Toppo,Male,Asom Gana Parishad,55.4
Thane,Maharashtra,,,,,,4.1,3.3,3.7,6.2,6,4.1,5.9,4.9,6.5,7.1,3.7,3.3,3.4,5.6,3.6,7.8,5.1,3.6,3.8,4.4,6.5,3.6,4.2,4.7,9.8,5,3.9,3.1,514,Sanjeev Ganesh Naik,Male,Nationalist Congress Party,76.6
Thanjavur,Tamil Nadu,3.5,3.5,3.2,3.1,3.2,3.1,2.3,3.1,3.5,3.6,3.5,3.6,3.7,3.7,3.7,3.5,3.5,3.5,3.4,3.7,2.5,3.2,3.2,3.1,3.3,3.7,3.2,3.2,3.5,8.5,3.5,4.8,4,513,S.S. Palanimanickam,Male,Dravida Munnetra Kazhagam,15.2
Theni,Tamil Nadu,6.7,7.3,6.6,6.1,6.5,5.8,5.6,5.8,5.9,6.2,6.4,7,7.2,7.1,6.9,6.2,5.9,5.9,6,6,6.2,6.5,6.6,6.7,2.2,6.8,6.1,6.3,6.5,8.3,6.3,4.3,2.8,456,J.M. Aaroon Rasheed,Male,Indian National Congress,97.5
Thirvananthapuram,Kerala,1.7,3.8,4.7,4.5,4.3,4.7,5.8,6,6.1,6,6,5.8,5.9,6.1,6.1,5.8,5.6,5.5,5.6,5.9,6.3,6.4,5.9,5.9,6,4.2,6.2,6.9,7,9.5,5.7,3.6,4.6,492,Shashi Tharoor,Male,Indian National Congress,92.0
Tikamgarh,MP,3.2,3.2,2.9,3.2,3.2,3.6,2.5,3.3,3.5,3.1,2.8,2.8,3.3,3,2.8,2.8,2.4,3.2,3.1,2.9,2.8,3.5,2.9,2.9,,,,,,,3,3.5,2.2,484,Virendra Kumar,Male,Bharatiya Janata Party,8.0
Tiruchirappalli,Tamil Nadu,5.1,5.5,3.7,5.9,6.1,3.5,1.8,5.3,5.3,6.7,4.2,6.9,6.6,5.7,5.6,5.6,5.3,3.9,5.4,5.1,2.1,5.7,5.2,3.4,4.1,8.7,5.4,5.3,3.7,8.5,5.2,4.2,3.4,508,P. Kumar,Male,All India Anna Dravida Munnetra Kazhagam,82.3
Tirunelveli,Tamil Nadu,3.6,4.1,4,4.1,4.7,4.1,4.5,4.2,3.9,4,4.1,4.4,4.5,4.3,4.4,4.1,4.2,4.2,4.3,4.2,4.1,4.1,4.5,5.1,4.5,4.1,4.8,4.4,3.6,7.6,4.4,4.2,2.8,502,S.S. Ramasubbu,Male,Indian National Congress,47.2
Tirupathi,Andhra Pradesh,2.7,2.9,3.1,3.3,3.1,2.8,2.8,3.1,3.3,3.4,3.3,3.2,3.2,3.2,3.5,5.6,3.4,3.2,2.9,3.2,2.6,2.7,2.7,2.5,2.7,1.1,3.7,3.2,1.3,2.8,3,3.8,2.8,434,Chinta Mohan,Male,Indian National Congress,8.0
Tiruppur,Tamil Nadu,2.2,4,3.9,3.4,3.3,2.4,4,4.2,4.2,4.1,4.1,4.3,4.1,3.9,3.7,4,3.7,3.8,3.9,4,3.9,3.8,4,4.2,4.1,2.5,4.1,5.3,4.4,5.3,3.9,3.3,4,513,C. Sivasami,Male,All India Anna Dravida Munnetra Kazhagam,25.1
Tiruvallur,Tamil Nadu,4.2,4,3.8,3.8,3.9,4,4,4.1,4.1,3.9,4.1,3.8,3.9,3.9,4,4,4.1,4,4,3.8,4,3.7,4,4.1,4.1,3.3,3.8,3.9,3.9,6.7,4,2.7,3.8,506,Ponnusamy Venugopal,Male,All India Anna Dravida Munnetra Kazhagam,29.4
Tiruvannamalai,Tamil Nadu,5.9,6,4.4,4.3,4.8,4.6,2,4.9,5.4,5,5.5,5.9,5.7,6,5,4.5,4.5,3.8,4.3,4.8,2.3,4.6,4.5,4.8,4.8,4.9,3.6,4,4.3,5.3,4.7,4.5,3.4,506,Danapal Venugopal,Male,Dravida Munnetra Kazhagam,66.3
Tonk-Sawai Madhopur,Rajasthan,5,5.3,4.9,4.7,4.1,4.5,4.5,5.1,5.7,5.7,5.6,5.5,5.3,5.3,5.5,4.8,4.5,4.5,4.9,4.6,4.6,5.2,4.9,4.3,,,,,,,5,3.9,2.6,520,Namo Narain Meena,Male,Indian National Congress,76.6
Trichur,Kerala,4.8,4.8,4.8,4.8,5,2.5,3.3,4.3,4.4,4.1,4,4,4,4.5,4.2,4.6,4.3,4.2,4.2,4.4,3.9,3.9,4,4.4,3.5,3.7,4.4,4.5,4.3,6.8,4.3,2.3,3.5,511,P.C. Chacko,Male,Indian National Congress,41.1
Tripura East,Tripura,4.8,3.9,5.4,5.3,6.5,5.5,4.3,4.4,5.9,6.1,5.4,5.1,6.2,6.5,6,5.3,4.7,4,4.6,5.3,6.5,5.6,4.9,5.1,4.9,4.4,4.4,4.4,4.4,4.4,5.1,3.3,2.7,501,Baju Ban Riyan,Male,Communist Party of India (Marxist),80.1
Tripura West,Tripura,5.6,4.6,4.4,3.7,4.2,4.9,6,5,6.1,4.9,4.8,5.6,6.7,5.6,5.2,4.1,4.2,3.3,4.3,5.4,5.5,4.2,3.7,4.3,4.3,4.9,4.8,4.6,4.3,8.4,4.9,4.1,2.9,500,Khagen Das,Male,Communist Party of India (Marxist),72.9
TUMKUR,Karnataka,4.1,3.7,3.8,3.7,3.9,4.2,3.9,3.8,3.8,3.9,4,4,4.2,4.2,4.3,4.1,4,3.8,3.8,3.9,4,4.4,3.8,3.8,3.6,4.4,3.8,3.5,3.8,4.3,3.9,4,3.8,504,Gangasandra Siddappa Basavaraj,Male,Bharatiya Janata Party,25.1
Tura,Meghalaya,1.1,1.1,1.1,1.1,1.1,,,,,,,4.4,,,,,,,,,,,,,,4.9,3.7,3.8,3.9,3.4,2.7,3.4,2,515,Agatha K. Sangma,Female,Nationalist Congress Party,4.7
Udaipur,Rajasthan,3.5,3.6,3.7,3.7,3.7,3.8,4,3.8,3.7,3.7,3.9,3.8,3.8,3.8,3.7,3.7,4.1,3.9,3.9,3.8,3.9,4,4,3.9,,,,,,,3.8,3.6,1.8,440,Raghuvir Singh Meena,Male,Indian National Congress,22.6
UDUPI - CHIKKAMAGALORE,Karnataka,3.7,4.3,3.7,4.3,4.4,4.5,4.6,4.9,4.9,5.1,4.6,5.2,5.3,5.7,5,4.4,4.4,4.5,4.7,4.8,4.6,4.6,4.7,5.1,4.9,4.3,4.6,4.6,4.4,7.6,4.7,4.7,4.1,497,Jayaprakash Korgi Hegde,Male,Indian National Congress,66.3
Ujiarpur,Bihar,4,4,4.1,4.2,4.1,4.4,5.3,4.1,4.1,4.3,4.3,4.4,4.4,4.4,4.4,4.1,4.1,4.1,4.1,4.1,4.1,4.1,3.9,3.9,,,,,,,4.2,3.5,2.3,522,Ashwamedh Devi,Female,Janata Dal (United),36.8
Ujjain,MP,2.9,2.7,2.6,2.8,2.8,2.2,2.5,3.1,2.6,3,2.3,2.8,3.1,3,3.2,2.2,1.5,2.7,2.5,2.7,2.6,3.1,2.3,1.9,,,,,,,2.6,3.4,2.2,495,Prem Chand Guddu,Male,Indian National Congress,3.9
Uluberia,West Bengal,3,4.6,6.7,5.3,4.4,2.3,3.9,6.4,4.7,3.3,4,5.3,4.6,3.8,4.3,5.2,4.8,4,4.4,5,4.6,4.1,4.5,5,4.7,1.3,3.9,6.7,4.9,4.6,4.5,3.6,2.6,482,Sultan Ahmed,Male,All India Trinamool Congress,55.4
Unnao,UP,2.8,3.8,2.4,3.8,3.3,2.2,4.9,3.7,4.6,3.6,3.6,3.8,4.4,4.3,3.6,3.3,2.8,4.2,3.1,4,3.4,4.2,3.2,2.8,,,,,,,3.6,3.6,2.3,501,Annu Tandon,Female,Indian National Congress,17.9
UTTARA KANNADA,Karnataka,4.4,4.7,5,4.8,4.5,4.2,4.5,4.7,4.9,4.8,4.9,4.7,4.8,4.6,4.7,4.9,4.8,4.8,4.6,4.7,4.6,4.6,4.7,4.5,4.5,7.9,5.9,5.7,5.5,8,5,4.1,3.6,400,Anant Kumar Dattatreya Hegde,Male,Bharatiya Janata Party,76.6
Vaishali,Bihar,5.3,4.8,3.7,3.2,5.2,4.6,5.2,5.3,5.2,5.5,5.4,5.4,5.4,5.4,5.2,5.3,5.3,5.4,5.4,5.4,5.4,5.4,4.8,4.7,,,,,,,5.1,3.6,2.3,513,Raghuvansh Prasad Singh,Male,Rashtriya Janata Dal,80.1
Valmiki Nagar,Bihar,,,,,,4.2,4.1,4,4.1,5.1,4.8,4.3,4.3,4.6,3.9,4.2,4.4,4.3,4.3,3.9,4.3,4.8,4.2,4,,,,,,,4.3,3.2,1.7,499,Baidyanath Prasad Mahto,Male,Janata Dal (United),41.1
Valsad,Gujarat,1.7,3,6.5,3.6,3.8,1.4,4.5,8.9,5,3.4,4.2,6.4,4.3,2.4,4.2,6.6,5,3.5,4.4,5.3,4.1,3.5,4.3,5.2,4.6,1.6,3.8,6.5,5,5.3,4.4,4.3,2.9,505,Kishanbhai Vestabhai Patel,Male,Indian National Congress,47.2
Varanasi,UP,,,,,,5.3,4.2,4.1,4.1,4.2,4.3,4.4,4.3,4.4,4.5,4.3,4.3,4.3,4.4,4.2,4.2,4.1,4.2,3.7,,6.2,4.1,4.6,4.7,4.6,4.4,4,3.4,493,Murli Manohar Joshi,Male,Bharatiya Janata Party,47.2
Vellore,Tamil Nadu,2.1,1.9,6.1,4.4,4.3,1.7,4.2,6.6,2.8,6.2,3.5,6.8,6.8,6.7,3.6,4.5,3.3,3.6,4.3,4,4.1,4.2,4.1,3.2,4.7,2.3,5.2,4.7,4.7,6.1,4.4,4.3,3.5,507,Abdul Rahman,Male,Dravida Munnetra Kazhagam,47.2
Vidisha,MP,2.3,2.4,2.3,2.2,2.1,2.2,2,3.1,2.2,2.8,2.6,2.2,2.1,1.9,2.3,3.2,2.1,2.1,2.4,2.2,2,2.2,2.6,2.2,,,,,,,2.3,3.3,2.1,489,Sushma Swaraj,Female,Bharatiya Janata Party,1.4
Ajmer,Rajasthan,,,,,,5,6.6,5.4,6.6,6,6.2,6,5.8,7,5.4,5.9,5.9,5.6,4.8,5.9,6.2,5.9,4.5,5.2,,5.4,6,5.7,5.4,5.5,5.7,3.9,2.2,521,Sachin Pilot,Male,Indian National Congress,92.0
Vijayawada,Andhra Pradesh,2,3.2,7.2,5.7,2.2,2.5,3.1,6.1,5.3,2.9,3.5,5.8,6.3,5.4,5.3,5.5,4.4,3.2,3.8,5.4,4.8,4.1,4.5,4.7,3.4,2.5,3.5,6,5.5,4.7,4.4,5.7,2,482,Vacant,,Vacant,47.2
Viluppuram,Tamil Nadu,4.9,4,3.8,3.8,4.9,2.9,2.6,3.7,4.1,4.8,4.5,4.8,4.9,4.8,4.5,3.8,3.5,3.3,3.5,3.5,3.5,3.4,3,2.4,1.2,5.8,3.1,4.2,4.4,5.4,3.9,2.8,3.2,511,K. Murugesan Anandan,Male,All India Anna Dravida Munnetra Kazhagam,25.1
Virudhunagar,Tamil Nadu,4.4,4.4,5,8.3,8.3,7.2,5.6,5,6.7,6.7,6.7,6.7,5.6,5.6,6.7,8.3,6.7,6.7,6.7,3.9,3.9,6.7,6.7,5,5.6,,,,,,6.1,2.5,2.5,2,Manicka Tagore,Male,Indian National Congress,96.9
Visakhapatnam,Andhra Pradesh,4.4,4.4,4.4,4.4,4.4,4.7,4.3,4.2,4.4,4.5,4.2,4.3,4.4,4.4,4.3,4.4,4.4,4.3,4.4,4.3,4.3,4.5,4.4,4.4,4.3,3.1,2.8,4.3,4.3,5.1,4.3,3.8,3.4,513,Daggubati Purandeswari,Female,Indian National Congress,41.1
Vizianagaram,Andhra Pradesh,3.2,4,3.3,3.4,3.8,4.1,4,4.1,4.1,4.1,4.1,4.1,4.1,4.1,4.1,4.1,4.1,4.1,4.1,4.1,4,4.1,4.1,4.1,4,2.8,3.2,3.3,3.2,5.2,3.9,3.3,3.2,516,Jhansi Lakshmi Botcha,Female,Indian National Congress,25.1
Warangal,Andhra Pradesh,2.6,2.9,2.7,2.8,3.3,2.5,2,2.5,2.5,3.2,2.4,3,3.8,4.2,4.1,2.9,2.5,2.4,2.5,2.5,2.4,2.4,2.5,2.5,2.1,,,,,,2.8,4.5,2.5,501,Rajaiah Siricilla,Male,Indian National Congress,5.5
Wardha,Maharashtra,5.4,5.9,5.7,5.7,5.2,4.7,5.2,5.6,5.7,5.8,5.8,5.8,5.9,5.9,5.8,5.5,5.5,5.4,5.6,5.4,5.4,5.3,5.2,5.2,4.8,3.5,4.3,4.3,4.6,5.1,5.3,2,2.6,444,Datta Raghobaji Meghe,Male,Indian National Congress,84.6
WAYANAD,Kerala,4,5,5.9,5.7,4.4,4.5,4.5,5.6,5.6,5.2,4.7,4.4,4.8,4.5,4.3,4.5,4.3,4.2,4.2,4.4,4.4,4.3,4.5,4.3,4.2,3.1,3.8,6,5.5,5.3,4.7,3.7,4.4,500,M. I. Shanavas,Male,Indian National Congress,66.3
West Delhi,Delhi,,,,,,5,5.1,5,5.8,5.8,5.5,5.6,5.5,5.3,5.6,4.8,4.5,4.4,4.2,4.7,4.5,4.9,4.5,4.8,,5.7,4.9,5.3,5.2,6.6,5.1,4.7,3.1,516,Mahabal Mishra,Male,Indian National Congress,80.1
Yavatmal-Washim,Maharashtra,3.2,4.1,3.8,4.4,4,4.2,4.3,4.8,4.5,4.6,4.7,5,4.5,4.9,4.8,5.4,4.9,4.9,4.7,5.2,4.7,4.7,4.6,4.5,4.5,4.5,4.5,5.3,4.8,7.3,4.7,2,2.7,499,Bhavana Gawali (Patil),Female,Shiv Sena,66.3
Zaheerabad,Andhra Pradesh,3.1,4.8,6,4.5,4.4,3.4,4.6,5,4.6,4.7,5.5,5.6,5.3,4.8,4.8,4.7,4.9,4.6,4.8,4.9,5.1,5,4.8,4.6,4.8,3.6,3,5.4,4.9,4.1,4.7,1.8,2.1,501,Suresh Kumar Shetkar,Male,Indian National Congress,66.3
,,,,,,,,,,,,,,,,,,,,,,,,,,,,,,,,,,,,,,,
,,,,,,,,,,,,,,,,,,,,,,,,,,,,,,,,,,,,,,,
,,,,,,,,,,,,,,,,,,,,,,,,,,,,,,,,,,,,,,,
,,,,,,,,,,,,,,,,,,,,,,,,,,,,,,,,,,,,,,,
,,,,,,,,,,,,,,,,,,,,,,,,,,,,,,,,,,,,,,,
,,,,,,,,,,,,,,,,,,,,,,,,,,,,,,,,,,,,,,,
,,,,,,,,,,,,,,,,,,,,,,,,,,,,,,,,,,,,,,,
,,,,,,,,,,,,,,,,,,,,,,,,,,,,,,,,,,,,,,,
,,,,,,,,,,,,,,,,,,,,,,,,,,,,,,,,,,,,,,,
,,,,,,,,,,,,,,,,,,,,,,,,,,,,,,,,,,,,,,,
,,,,,,,,,,,,,,,,,,,,,,,,,,,,,,,,,,,,,,,
,,,,,,,,,,,,,,,,,,,,,,,,,,,,,,,,,,,,,,,
,,,,,,,,,,,,,,,,,,,,,,,,,,,,,,,,,,,,,,,
,,,,,,,,,,,,,,,,,,,,,,,,,,,,,,,,,,,,,,,
,,,,,,,,,,,,,,,,,,,,,,,,,,,,,,,,,,,,,,,
,,,,,,,,,,,,,,,,,,,,,,,,,,,,,,,,,,,,,,,
,,,,,,,,,,,,,,,,,,,,,,,,,,,,,,,,,,,,,,,
,,,,,,,,,,,,,,,,,,,,,,,,,,,,,,,,,,,,,,,
,,,,,,,,,,,,,,,,,,,,,,,,,,,,,,,,,,,,,,,
,,,,,,,,,,,,,,,,,,,,,,,,,,,,,,,,,,,,,,,
,,,,,,,,,,,,,,,,,,,,,,,,,,,,,,,,,,,,,,,
,,,,,,,,,,,,,,,,,,,,,,,,,,,,,,,,,,,,,,,
,,,,,,,,,,,,,,,,,,,,,,,,,,,,,,,,,,,,,,,
,,,,,,,,,,,,,,,,,,,,,,,,,,,,,,,,,,,,,,,
,,,,,,,,,,,,,,,,,,,,,,,,,,,,,,,,,,,,,,,
,,,,,,,,,,,,,,,,,,,,,,,,,,,,,,,,,,,,,,,
,,,,,,,,,,,,,,,,,,,,,,,,,,,,,,,,,,,,,,,
,,,,,,,,,,,,,,,,,,,,,,,,,,,,,,,,,,,,,,,
,,,,,,,,,,,,,,,,,,,,,,,,,,,,,,,,,,,,,,,
,,,,,,,,,,,,,,,,,,,,,,,,,,,,,,,,,,,,,,,
,,,,,,,,,,,,,,,,,,,,,,,,,,,,,,,,,,,,,,,
,,,,,,,,,,,,,,,,,,,,,,,,,,,,,,,,,,,,,,,
,,,,,,,,,,,,,,,,,,,,,,,,,,,,,,,,,,,,,,,
,,,,,,,,,,,,,,,,,,,,,,,,,,,,,,,,,,,,,,,
,,,,,,,,,,,,,,,,,,,,,,,,,,,,,,,,,,,,,,,
,,,,,,,,,,,,,,,,,,,,,,,,,,,,,,,,,,,,,,,
,,,,,,,,,,,,,,,,,,,,,,,,,,,,,,,,,,,,,,,
,,,,,,,,,,,,,,,,,,,,,,,,,,,,,,,,,,,,,,,
,,,,,,,,,,,,,,,,,,,,,,,,,,,,,,,,,,,,,,,
,,,,,,,,,,,,,,,,,,,,,,,,,,,,,,,,,,,,,,,
,,,,,,,,,,,,,,,,,,,,,,,,,,,,,,,,,,,,,,,
,,,,,,,,,,,,,,,,,,,,,,,,,,,,,,,,,,,,,,,
,,,,,,,,,,,,,,,,,,,,,,,,,,,,,,,,,,,,,,,
,,,,,,,,,,,,,,,,,,,,,,,,,,,,,,,,,,,,,,,
,,,,,,,,,,,,,,,,,,,,,,,,,,,,,,,,,,,,,,,
,,,,,,,,,,,,,,,,,,,,,,,,,,,,,,,,,,,,,,,
,,,,,,,,,,,,,,,,,,,,,,,,,,,,,,,,,,,,,,,
,,,,,,,,,,,,,,,,,,,,,,,,,,,,,,,,,,,,,,,
,,,,,,,,,,,,,,,,,,,,,,,,,,,,,,,,,,,,,,,
,,,,,,,,,,,,,,,,,,,,,,,,,,,,,,,,,,,,,,,
"Averages, etc.",,3.8,4.3,4.5,4.3,4.3,3.8,4.1,4.5,4.6,4.5,4.5,4.7,4.6,4.6,4.6,4.4,4.2,4.1,4.2,4.4,4.3,4.4,4.2,4.2,4.4,4.2,4.3,4.6,4.6,6.0,4.4,3.8,2.8,499,,,,