Constituency;State;Agricultural loan availability;Electricity for Agriculture;Higher price-realization for farm products;Irrigation Programmes;Subsidy for seeds and fertilizers;Accessibility of MP;Anti-terrorism;Better employment opportunities;Better electric supply;Better hospitals / Primary Healthcare Centres;Better Law and Order / Policing;Better public transport;Better roads;Better schools;Drinking water;Empowerment of Women;Environmental issues;Eradication of Corruption;Reservation for jobs and education;Security for women;Strong Defence/Military;Subsidized food distribution;Training for jobs;Trustworthiness of MP;Other;Better garbage clearance;Encroachment of public land / lakes etc;Facility for pedestrians and cyclists on roads;Lower food prices for Consumers;Traffic congestio;Const Avg
Adilabad;Andhra Pradesh;6.8;7.5;7.3;7.4;7.4;7.0;7.7;7.6;7.8;7.7;7.6;7.9;7.8;7.7;7.7;7.5;7.7;7.6;7.6;7.6;7.61;7.54;7.72;7.51;7.36;6.67;10.00;10.00;6.67;;7.64
Agra;UP;;;;;;4.3;4.0;4.3;5.4;4.3;4.3;4.8;5.3;4.8;5.4;4.0;4.3;4.1;4.8;4.0;4.13;5.60;3.85;3.83;4.00;5.02;4.55;3.57;5.42;;4.50
Ahmedabad West;Gujarat;5.0;6.1;6.6;6.7;6.8;5.2;6.1;7.0;7.2;5.9;5.9;7.8;7.0;5.2;6.7;8.2;6.4;5.5;6.4;6.9;7.10;6.48;6.34;6.67;6.33;5.00;6.16;7.24;7.15;;6.46
Ahmednagar;Maharashtra;4.8;5.8;5.7;5.8;5.9;5.4;6.6;6.2;6.1;6.7;6.2;6.1;5.8;6.5;5.8;6.1;6.0;6.3;6.2;5.8;8.43;6.59;6.39;7.51;7.84;7.30;6.61;6.96;6.90;;6.35
Ajmer;Rajasthan;;;;;;7.0;8.1;7.6;9.0;8.0;8.3;7.8;8.1;8.7;7.5;8.3;7.9;7.6;7.0;8.2;8.51;7.88;6.71;7.04;;7.38;7.60;7.86;7.35;;7.79
Akabarpur;UP;3.6;3.7;3.6;3.7;3.6;3.9;3.8;3.9;3.8;3.9;3.9;4.0;3.9;4.0;4.2;4.1;4.1;3.9;3.8;3.8;3.76;3.62;3.65;3.57;;;;;;;3.82
Akola;Maharashtra;5.3;6.1;6.0;6.1;6.2;5.7;5.9;6.1;6.3;6.2;6.3;6.2;6.4;6.6;6.9;6.5;6.5;6.3;6.4;6.4;6.61;6.47;6.37;6.38;6.58;5.76;6.07;6.02;6.12;;6.23
Alappuzha;Kerala;9.0;7.2;8.2;8.6;8.9;9.1;7.4;7.9;8.0;8.3;8.2;8.4;8.6;8.6;8.7;8.3;8.3;8.4;8.3;8.4;8.20;8.59;8.74;9.17;8.87;8.40;8.47;8.27;4.48;;8.27
Alathur;Kerala;6.8;7.2;7.0;7.3;7.0;6.0;6.6;6.7;6.7;6.6;6.8;6.8;6.8;6.7;6.7;6.8;6.9;6.9;6.8;6.7;6.74;6.75;6.77;6.63;6.23;5.60;6.37;6.28;6.21;;6.67
Aligarh;UP;4.6;4.8;3.8;4.5;4.6;4.3;4.6;4.4;4.6;4.6;4.6;4.3;4.2;4.0;3.9;3.8;3.7;3.7;3.7;3.8;3.74;3.86;3.67;3.73;;;;;;;4.14
Allahabad;UP;;;;;;4.7;4.5;4.5;6.8;6.0;4.0;4.6;6.6;7.0;5.1;4.2;4.9;4.8;5.1;5.1;4.73;6.49;4.40;4.07;;6.13;4.13;4.04;6.64;;5.15
Almora;Uttarakhand;;;;;;6.7;6.7;6.4;6.7;6.4;6.4;6.4;6.4;6.4;6.4;6.4;6.6;6.6;6.5;6.4;6.42;6.43;6.43;6.41;;7.04;5.93;7.31;5.83;;6.49
Alwar;Rajasthan;3.5;4.1;3.5;3.5;3.5;3.9;4.2;4.1;4.5;4.4;4.4;4.7;5.1;5.1;5.2;4.4;4.2;4.2;4.5;4.2;4.22;5.10;4.11;4.00;;;;;;;4.28
Amalapuram;Andhra Pradesh;7.3;6.2;5.6;6.8;7.4;5.9;6.4;6.4;6.2;6.5;6.6;6.4;6.5;6.3;6.4;6.4;6.4;6.5;6.0;6.6;6.26;6.30;6.56;6.25;6.78;6.56;6.03;7.00;7.74;;6.49
Ambala;Haryana;;;;;;7.6;7.0;5.5;5.6;6.5;6.7;6.1;6.0;6.6;7.3;7.7;7.7;7.2;6.7;6.5;6.96;6.51;5.84;6.83;7.23;7.04;6.58;6.20;6.47;;6.68
Ambedkar Nagar;UP;;;;;;6.5;8.6;6.5;7.2;4.9;8.0;6.4;8.5;5.7;7.5;5.7;8.1;5.9;7.8;5.7;7.85;5.62;7.89;5.60;;5.17;8.25;5.42;7.92;;6.80
Amethi;UP;4.8;5.0;3.8;6.3;5.4;5.1;5.5;5.8;7.0;6.1;4.4;4.7;6.9;6.8;4.9;4.5;4.6;5.8;4.6;5.8;5.14;7.01;4.65;4.31;;;;;;;5.36
Amravati;Maharashtra;5.8;6.4;6.3;6.4;6.1;5.9;6.5;6.6;6.7;6.9;6.8;6.6;6.7;6.8;6.7;6.7;6.7;6.7;6.7;6.7;6.70;6.66;6.49;6.49;6.45;5.00;6.67;5.00;6.67;;6.44
Amreli;Gujarat;4.4;7.1;7.0;6.7;5.0;4.0;6.4;7.7;6.2;5.6;6.6;7.1;6.5;5.9;6.4;6.9;6.4;6.2;6.5;6.6;6.36;6.14;6.22;6.51;5.85;4.22;6.54;8.63;6.76;;6.29
Amritsar;Punjab;;;;;;3.4;3.3;3.3;3.3;3.3;3.3;3.3;3.5;3.4;3.5;3.4;3.3;3.3;3.3;3.4;3.33;3.34;3.33;3.34;;3.71;4.42;3.43;3.39;;3.42
Amroha;UP;4.2;5.6;4.8;4.8;4.7;4.2;4.9;4.7;5.4;5.0;5.0;5.0;5.1;5.1;5.1;4.9;4.8;4.9;5.0;5.0;5.03;5.28;4.68;4.64;4.76;4.15;4.80;5.01;4.99;;4.88
Anakapalli;Andhra Pradesh;6.6;6.4;6.6;6.6;6.6;6.7;6.5;6.5;6.6;6.6;6.5;6.6;6.6;6.6;6.5;6.5;6.6;6.5;6.5;6.5;6.57;6.59;6.56;6.59;6.54;6.65;6.44;6.62;6.60;;6.56
Anand;Gujarat;5.1;5.8;6.1;6.4;6.4;5.1;5.6;6.6;6.2;6.0;6.2;6.5;6.6;6.1;6.1;6.5;6.5;5.9;6.1;6.4;6.16;5.96;6.19;6.37;5.96;5.17;5.83;6.78;7.33;;6.13
Anandpur Sahib;Punjab;;;;;;3.4;3.4;3.4;3.4;3.4;3.4;3.4;3.4;3.4;3.5;3.4;3.4;3.4;3.4;3.3;3.35;3.34;3.34;3.34;;3.51;3.36;3.46;3.46;;3.39
Anantapur;Andhra Pradesh;4.4;5.6;6.0;6.0;6.1;5.0;5.7;6.2;6.1;6.1;6.1;6.1;6.2;6.2;6.1;5.9;5.8;5.9;6.2;6.1;6.05;6.10;6.12;6.22;6.27;4.24;5.72;6.55;6.49;;5.92
Aonla;UP;8.1;8.2;6.6;8.2;7.9;6.7;6.8;6.7;7.8;7.7;7.2;6.7;6.2;6.3;6.6;4.8;4.5;4.5;4.5;5.0;4.87;5.76;5.23;4.29;;;;;;;6.29
Arakkonam;Tamil Nadu;7.1;6.1;4.6;4.6;5.1;7.0;6.9;5.3;6.3;6.9;6.0;7.0;7.2;7.3;8.2;6.0;5.4;5.3;5.1;6.2;7.07;8.43;5.89;5.77;6.18;6.03;7.40;5.43;7.47;;6.32
Araku;Andhra Pradesh;4.6;4.7;4.7;4.7;4.7;6.7;6.7;6.7;6.7;6.7;6.7;6.7;6.7;6.7;6.7;6.7;6.7;6.7;6.7;6.7;6.71;6.72;6.70;6.71;6.70;4.60;4.69;5.35;4.51;;6.08
Arambagh;West Bengal;5.5;6.1;7.3;7.1;6.8;5.3;6.4;7.5;6.8;6.0;6.4;6.9;6.6;5.9;6.2;6.6;6.5;6.4;6.6;6.7;6.46;6.26;6.42;6.53;6.58;3.33;10.00;6.67;3.33;;6.38
Arani;Tamil Nadu;4.8;5.6;5.0;4.6;4.0;5.8;5.0;6.1;6.4;6.3;6.1;7.1;6.6;6.5;6.1;6.1;5.8;5.9;5.6;6.1;5.24;6.31;5.95;5.69;6.40;3.97;5.20;5.05;5.78;;5.69
Araria;Bihar;3.8;3.8;4.0;3.7;4.1;3.7;3.7;3.8;3.8;4.1;4.3;4.3;4.3;4.3;3.9;3.8;3.9;3.9;3.8;3.9;3.88;4.14;3.92;3.77;;;;;;;3.93
Arrah;Bihar;4.8;4.2;5.2;4.8;4.6;4.8;3.9;4.0;4.7;4.8;4.3;4.9;4.7;4.9;4.8;4.5;4.3;4.7;4.7;4.6;4.50;4.83;4.38;4.26;;;;;;;4.59
Aska;Odisha;5.2;5.0;4.3;5.4;4.4;3.8;4.3;6.0;8.0;7.6;7.0;7.0;7.3;8.0;6.7;5.5;4.8;4.7;4.8;5.8;5.67;5.00;5.60;4.69;;;;;;;5.68
Attingal;Kerala;6.6;6.7;6.1;6.3;6.2;6.9;7.2;6.8;6.8;6.7;6.8;6.8;6.7;7.1;6.9;6.4;6.7;6.3;6.9;6.7;6.84;6.68;6.70;6.68;6.82;6.77;7.12;6.74;6.13;;6.68
Aurangabad;Bihar;4.5;5.1;4.3;4.6;4.4;4.2;3.9;4.0;5.3;5.5;4.7;4.9;5.5;5.7;5.8;4.1;5.0;4.5;5.4;4.5;6.02;5.69;4.28;4.53;5.24;6.42;4.64;5.99;6.70;;5.01
Autonomous District;Assam;4.0;4.1;3.9;3.9;3.9;4.1;4.3;3.7;4.1;4.8;4.6;4.5;4.2;4.7;4.0;4.5;4.7;4.0;3.9;4.6;4.60;4.15;3.77;4.29;3.60;3.48;3.76;3.56;3.56;;4.11
Azamgarh;UP;5.0;6.0;5.7;6.1;5.3;5.0;5.8;5.3;6.5;6.7;7.0;6.2;5.8;6.0;5.8;6.0;6.0;5.7;6.0;5.7;6.02;5.31;5.75;5.33;;;;;;;5.83
Badagara;Kerala;6.9;6.7;6.2;6.0;6.0;6.1;6.4;7.1;7.0;6.7;6.7;7.0;7.2;7.6;7.6;7.5;7.4;7.0;6.8;6.8;6.74;6.48;6.33;6.15;5.44;6.70;6.65;6.65;6.88;;6.71
Badaun;UP;5.1;4.9;4.8;5.0;4.8;5.4;4.9;4.8;5.3;5.0;4.8;5.2;5.3;5.0;5.3;4.9;4.9;4.8;5.1;4.8;4.93;5.16;4.84;4.88;;;;;;;4.99
BAGALKOTE;Karnataka;6.7;6.7;6.7;6.7;6.7;6.7;6.7;6.7;6.7;6.7;6.7;6.7;6.7;6.7;6.7;6.7;6.7;6.7;6.7;6.7;6.69;6.69;6.69;6.67;6.72;8.01;8.05;8.05;8.06;;6.87
Baghpat;UP;5.4;5.2;5.4;5.3;5.6;5.7;6.0;5.5;5.6;5.5;5.5;5.5;5.3;5.5;5.4;5.3;5.5;5.4;5.1;5.3;5.24;5.25;4.89;5.00;;;;;;;5.38
Bahraich;UP;;;;;;5.3;6.3;5.0;5.7;4.6;5.7;4.7;5.9;4.8;5.7;4.6;5.7;4.7;5.6;4.4;5.68;4.46;5.49;4.31;;5.79;6.21;6.13;5.25;;5.29
Balaghat;MP;3.5;3.7;3.4;3.7;3.5;3.5;3.4;3.6;4.1;3.6;3.6;3.8;4.0;3.8;3.9;3.5;3.5;3.5;3.6;3.6;3.46;3.75;3.47;3.58;;;;;;;3.63
Baleshwar;Odisha;4.5;4.7;8.3;8.0;8.1;4.5;4.6;4.8;6.0;6.2;6.4;6.5;6.5;6.5;6.4;6.5;6.4;6.1;6.1;6.3;6.58;6.40;5.87;5.43;;;;;;;6.15
Ballia;UP;;;;;;5.3;5.3;4.5;6.1;7.7;7.6;6.4;5.4;6.4;5.7;5.8;5.8;5.9;5.9;5.5;6.28;5.01;5.95;5.48;;5.86;5.25;5.43;5.21;;5.81
Banaskantha;Gujarat;3.7;6.4;9.3;7.1;4.7;3.9;6.7;8.3;7.2;6.0;6.3;6.3;6.3;6.3;7.1;6.2;6.3;6.5;7.2;6.4;5.67;7.16;7.37;5.60;6.67;3.33;6.67;10.00;6.67;;6.46
Banda;UP;3.7;4.4;5.5;5.0;4.2;3.8;4.0;4.3;4.6;4.4;4.4;4.4;4.3;4.3;4.3;3.9;4.8;4.0;4.5;4.5;4.57;4.59;4.51;3.90;3.33;3.75;3.90;4.77;4.40;;4.31
BANGALORE CENTRAL;Karnataka;6.0;6.7;6.7;6.7;6.7;6.9;7.6;7.3;7.7;7.7;8.0;7.8;8.0;7.8;7.9;7.6;7.9;7.7;7.8;7.6;7.67;7.51;7.72;7.55;7.72;7.16;7.64;7.51;7.96;;7.46
BANGALORE NORTH;Karnataka;5.5;5.2;6.4;5.9;5.9;6.3;6.0;6.3;6.7;6.3;6.4;6.5;6.9;7.4;7.0;6.9;6.4;6.6;6.5;6.5;6.54;6.77;6.62;6.63;6.45;6.37;6.46;6.84;6.44;;6.44
BANGALORE RURAL;Karnataka;6.8;6.5;6.3;6.3;7.3;6.6;6.5;6.7;6.7;6.8;6.9;6.8;6.7;6.6;6.8;6.8;6.7;7.0;6.9;6.6;6.75;6.62;6.69;6.75;6.98;6.40;6.27;6.83;7.07;;6.71
BANGALORE SOUTH;Karnataka;6.4;8.2;8.0;8.1;6.3;6.3;6.5;6.4;6.8;6.5;6.3;6.9;6.5;6.4;6.9;6.5;6.5;6.9;6.6;6.4;6.87;6.63;6.45;6.89;6.81;6.11;6.87;6.63;6.55;;6.73
Banka;Bihar;5.2;5.1;5.1;5.1;5.0;5.3;5.0;5.1;5.2;5.1;5.0;5.0;5.2;5.1;5.1;5.1;5.1;5.1;5.1;5.1;5.12;5.17;5.07;5.07;;;;;;;5.10
Bansgaon;UP;3.9;6.1;6.0;6.1;5.4;4.6;5.8;5.1;5.7;6.9;6.8;5.6;6.2;6.7;5.6;6.0;5.6;5.9;5.6;5.3;5.68;5.18;5.56;5.98;;;;;;;5.73
Banswara;Rajasthan;4.5;4.3;5.0;4.5;4.6;4.3;6.8;3.6;5.2;5.1;6.8;4.5;4.1;5.1;4.1;5.8;6.5;3.8;4.8;5.4;5.34;5.67;4.35;6.10;;;;;;;5.01
Bapatla;Andhra Pradesh;4.3;6.2;8.1;7.1;6.4;4.5;6.4;8.2;6.9;5.8;6.5;7.6;6.5;5.8;6.8;7.5;6.6;5.9;6.8;7.4;6.42;5.74;6.80;7.49;6.53;4.42;6.65;8.16;6.51;;6.55
Barabanki;UP;5.3;5.7;5.7;5.9;5.7;5.8;5.6;5.8;5.4;5.9;5.4;5.9;5.4;5.8;5.4;5.8;5.2;5.8;5.4;5.9;5.30;5.75;5.37;6.10;;;;;;;5.63
Baramati;Maharashtra;5.5;6.0;7.0;6.5;6.0;5.7;6.0;7.4;6.5;5.9;6.6;6.9;6.5;6.1;6.8;6.8;6.3;6.4;6.7;6.8;6.44;6.27;6.68;6.65;6.42;8.67;7.33;9.33;10.00;;6.76
Barasat;West Bengal;6.4;6.9;6.9;7.8;7.4;6.0;7.1;7.4;7.6;7.1;8.1;7.9;7.6;6.7;7.9;8.2;7.9;6.9;7.6;7.9;7.82;7.20;7.78;7.79;7.45;6.41;6.92;7.57;9.02;;7.42
Bardoli;Gujarat;3.3;6.7;10.0;6.7;6.7;3.6;6.5;9.3;6.5;4.6;6.8;8.5;6.7;4.9;6.4;8.4;6.8;5.0;6.5;8.3;6.61;5.14;6.56;8.01;6.64;3.91;6.46;8.65;6.26;;6.56
Bareilly;UP;4.1;4.6;4.1;4.3;4.2;4.3;3.9;4.0;5.6;4.2;4.7;5.3;5.4;4.3;5.6;4.2;4.2;4.0;4.5;4.0;3.91;5.66;4.15;4.23;;;;;;;4.47
Bargarh;Odisha;;;;;;5.3;5.4;5.6;5.9;5.9;5.9;5.9;5.9;6.1;5.9;6.2;5.8;5.8;5.8;5.7;5.49;5.51;5.42;5.15;6.67;6.33;5.56;7.81;7.03;;5.92
Barmer;Rajasthan;;;;;;5.0;5.5;5.6;5.4;5.7;5.6;5.6;5.4;5.5;5.6;5.5;5.7;5.5;5.5;5.6;5.73;5.34;5.40;5.31;;4.87;5.09;5.45;5.53;;5.45
Vadodara;Gujarat;4.1;6.2;7.7;6.9;5.6;3.8;6.2;9.2;7.0;4.8;5.9;8.3;7.1;4.9;6.3;8.1;6.9;5.2;6.5;7.5;6.41;5.25;6.11;6.17;6.44;;;;;;6.33
Barpeta;Assam;6.5;4.6;4.4;5.4;5.5;4.1;4.2;4.4;6.5;6.6;4.7;5.9;6.9;7.6;5.8;4.3;4.2;4.4;4.5;4.0;4.44;5.83;4.14;4.16;4.50;3.82;3.58;3.33;3.41;;4.88
Barakpur;West Bengal;8.3;6.7;6.7;10.0;10.0;6.7;6.8;7.0;7.6;8.0;8.1;7.7;7.8;7.6;7.8;8.1;8.2;8.3;8.0;7.6;7.62;7.41;7.70;7.53;7.52;6.42;6.68;7.99;8.86;;7.75
Basirhat;West Bengal;5.8;5.9;6.3;7.1;7.1;4.4;6.0;7.5;6.6;5.6;6.2;6.8;6.6;6.5;6.3;6.9;6.5;6.2;6.6;6.7;6.60;6.60;6.67;6.63;6.45;4.17;6.67;7.92;6.25;;6.39
Bastar;Chhattisgarh;8.1;7.8;7.3;7.8;7.4;7.7;7.8;7.5;7.9;7.6;7.6;7.5;7.4;7.5;7.5;7.4;7.4;7.5;7.3;7.5;7.47;7.66;7.43;7.48;7.40;8.13;7.72;7.54;7.64;;7.58
Basti;UP;5.3;4.5;6.0;4.9;5.6;5.4;6.1;5.0;4.8;4.3;5.9;5.2;5.7;4.7;5.4;4.9;5.6;4.7;5.4;4.9;5.58;4.75;5.54;4.67;;;;;;;5.19
Bathinda;Punjab;;;;;;3.6;3.4;3.4;4.1;3.5;3.5;3.5;4.0;3.9;4.3;3.5;3.6;3.4;3.4;3.4;3.42;3.46;3.45;3.63;;4.07;4.22;4.58;3.50;;3.69
Beed;Maharashtra;5.2;5.4;5.6;5.5;5.8;6.0;5.7;6.1;6.5;6.6;6.3;6.2;6.3;6.3;6.3;6.1;6.2;6.1;6.0;6.2;6.17;6.00;6.00;6.38;5.40;6.07;6.08;5.85;6.08;;6.01
Begusarai;Bihar;3.8;3.9;3.8;3.7;4.3;3.8;3.8;3.7;4.0;3.8;3.8;4.1;4.0;3.9;3.7;4.0;4.1;3.8;4.2;3.8;4.01;3.96;3.77;3.72;;;;;;;3.88
BELAGAUM;Karnataka;6.5;6.5;6.9;6.9;6.7;6.7;6.8;7.1;6.9;6.7;6.8;7.0;7.1;7.1;6.9;7.1;7.0;6.7;6.6;6.9;6.85;6.93;6.96;7.18;7.12;5.82;6.23;5.99;5.60;;6.74
BELLARY;Karnataka;5.8;6.2;6.4;6.6;6.7;5.6;6.3;6.1;5.8;6.5;6.4;6.5;6.2;6.5;6.5;6.4;6.0;6.2;6.1;6.4;6.38;5.94;6.31;6.21;6.46;4.61;5.45;5.78;5.40;;6.13
Berhampur;Odisha;5.6;5.7;5.8;6.0;5.6;5.3;5.8;5.9;6.0;5.9;5.8;5.8;6.1;5.9;5.8;5.9;5.8;5.8;5.9;5.9;5.68;5.76;5.60;5.62;;;;;;;5.78
Betul;MP;3.4;3.4;3.4;3.4;3.4;3.5;3.4;3.4;3.5;3.6;3.4;3.5;3.7;3.5;4.1;3.5;3.4;3.5;3.5;3.4;3.46;3.46;3.42;3.57;;;;;;;3.48
"Sant Ravi Das Nagar (Bhadohi)";UP;5.2;4.4;5.4;5.2;5.1;4.4;4.6;6.0;5.1;5.5;5.4;4.5;6.8;6.2;4.6;5.2;5.3;5.6;5.1;6.2;5.90;4.52;5.20;5.00;;;;;;;5.26
Bhadrak;Odisha;6.4;5.7;5.0;5.4;6.0;7.0;5.7;4.4;5.0;5.3;5.3;5.5;6.0;6.3;6.0;5.4;5.5;5.3;5.6;5.2;5.58;5.40;5.42;5.38;;;;;;;5.57
Bhagalpur;Bihar;3.9;3.9;4.0;4.0;4.3;3.9;3.9;3.8;4.1;3.9;3.9;4.2;4.1;4.0;3.9;4.1;4.1;3.8;4.2;3.9;4.13;4.05;3.94;3.85;;;;;;;3.99
Bhandara-Gondiya;Maharashtra;5.1;5.2;4.9;5.3;5.1;5.4;5.5;5.5;5.5;5.4;5.4;5.4;5.4;5.3;5.3;5.4;5.5;5.5;5.5;5.4;5.50;5.43;5.48;5.45;5.48;5.87;5.90;5.90;5.89;;5.44
Bharatpur;Rajasthan;4.2;4.3;4.1;4.1;4.2;4.4;4.2;4.2;4.5;4.4;4.3;4.2;4.3;4.3;4.2;4.2;4.2;4.2;4.3;4.2;4.21;4.56;4.12;4.01;;;;;;;4.24
Bhavnagar;Gujarat;4.7;5.6;8.4;7.4;6.3;4.5;6.2;8.3;7.4;6.3;6.1;7.2;7.1;6.2;6.3;7.4;7.7;6.4;6.1;7.1;7.15;6.39;6.56;7.44;7.42;3.88;6.23;9.43;5.90;;6.66
Bhilwara;Rajasthan;;;;;;6.2;6.6;6.5;7.9;7.2;6.9;6.9;7.3;7.0;7.3;6.8;7.1;7.1;7.2;7.2;6.95;6.96;6.27;6.70;;7.62;7.14;8.25;7.03;;7.04
Bhind;MP;3.6;4.5;3.9;4.6;4.2;3.6;4.8;3.6;4.6;3.9;4.4;4.5;4.9;4.7;4.7;3.9;4.2;4.3;4.0;4.4;5.10;4.48;3.74;4.30;3.33;;;;;;4.24
Bhiwandi;Maharashtra;3.4;4.8;4.5;4.2;4.2;3.9;4.0;4.1;4.5;4.8;4.2;4.2;4.2;4.3;4.6;4.6;4.2;4.1;4.2;4.1;4.29;4.21;4.14;4.50;4.22;5.96;3.80;3.57;3.53;;4.25
Bhiwani-Mahendragarh;Haryana;5.1;6.5;6.7;6.5;5.1;6.4;7.1;5.6;6.1;6.5;6.2;6.2;6.2;6.4;6.3;6.0;6.1;6.3;6.1;6.3;6.29;6.52;5.49;5.03;4.31;;;;;;6.05
Bhongir;Andhra Pradesh;5.4;5.1;5.2;5.2;5.2;6.2;6.1;5.9;5.3;6.0;6.1;6.1;6.1;5.9;5.9;5.8;5.9;5.8;5.9;5.9;5.96;6.01;6.07;6.16;6.06;5.73;5.97;5.97;6.21;;5.83
Bhopal;MP;3.5;4.0;3.4;3.8;3.7;3.4;4.1;3.5;4.1;3.5;3.5;4.0;4.2;4.2;3.8;3.4;4.0;3.7;3.5;3.7;4.17;3.86;3.38;3.47;;;;;;;3.74
Bhubaneswar;Odisha;8.5;8.1;6.4;5.3;5.9;7.6;7.9;8.9;8.7;8.7;8.6;8.7;8.6;8.5;8.3;8.1;8.0;7.8;7.7;7.7;7.62;8.30;6.23;8.10;;;;;;;7.84
BIDAR;Karnataka;6.2;7.6;7.0;7.4;7.0;6.4;7.3;6.6;7.2;6.9;7.2;6.8;7.1;7.0;7.3;7.0;7.3;7.1;7.4;7.3;7.49;7.25;7.74;7.48;7.65;6.25;8.18;7.13;7.59;;7.16
BIJAPUR;Karnataka;6.6;6.6;6.3;6.1;6.6;6.6;6.2;6.1;6.6;6.6;6.4;6.3;6.2;6.7;6.7;6.4;6.3;6.4;6.7;6.6;6.71;6.56;6.22;6.79;6.40;5.02;5.49;5.63;5.81;;6.33
Bijnor;UP;;;;;;4.4;5.4;4.4;5.2;6.0;5.4;6.1;5.6;5.8;5.5;4.7;5.2;4.7;5.1;4.9;4.83;5.53;4.35;4.31;3.33;5.00;4.50;6.42;6.00;;5.11
Bikaner;Rajasthan;;;;;;4.7;5.0;5.0;5.3;5.0;5.1;5.2;4.9;5.1;5.1;5.0;5.2;5.3;5.0;5.1;5.03;5.19;4.99;4.84;;4.70;4.92;5.27;5.16;;5.04
Bilaspur;Chhattisgarh;4.4;5.7;7.6;6.4;5.4;4.9;6.1;6.9;6.4;5.7;6.4;7.3;6.7;6.0;6.3;6.5;5.9;5.6;6.2;6.7;6.27;6.22;6.29;6.40;6.64;7.28;7.55;6.48;7.62;;6.33
Bolangir;Odisha;4.8;5.4;4.8;4.9;5.0;4.8;5.4;5.1;5.1;5.1;5.4;5.3;5.4;5.2;5.1;5.1;5.3;5.6;5.4;5.2;5.22;5.20;5.24;5.42;;;;;;;5.18
Bharuch;Gujarat;4.6;4.8;6.5;6.9;6.0;4.2;6.2;8.1;7.2;5.5;6.5;7.1;6.8;6.4;6.3;7.2;7.4;6.1;6.6;7.2;7.00;6.40;6.66;7.64;7.13;4.05;5.96;7.93;7.09;;6.47
Bulandshahr;UP;;;;;;3.5;3.5;3.5;3.7;3.6;3.5;3.7;3.9;3.7;3.8;3.5;3.5;3.5;3.7;3.5;3.61;4.16;3.49;3.44;3.33;4.35;3.71;3.60;3.85;;3.65
Buldhana;Maharashtra;3.8;3.9;4.0;4.0;4.0;4.4;4.5;4.5;5.0;5.1;5.2;5.0;5.0;5.1;5.0;5.1;5.0;4.8;4.7;4.7;4.79;4.70;4.65;4.72;4.24;3.33;4.07;3.70;3.67;;4.50
Barddhaman - Durgapur;West Bengal;5.5;7.0;8.9;8.4;8.1;6.0;6.9;7.7;8.1;8.1;7.9;7.4;7.2;7.2;8.0;8.5;8.2;7.9;7.6;7.1;7.24;7.17;7.46;7.43;7.49;6.72;7.15;7.90;7.23;;7.50
Buxar;Bihar;;;;;;4.2;4.9;4.9;5.4;5.3;5.3;5.4;5.7;5.3;5.7;5.0;4.9;5.0;5.1;4.8;5.08;5.15;5.35;5.38;;4.30;5.82;5.32;4.47;;5.13
Kolkata Dakshin;West Bengal;;;;;;6.7;6.5;7.0;7.3;7.5;8.0;8.5;8.9;8.5;7.8;7.6;7.7;7.7;7.8;8.2;8.35;7.87;7.37;7.60;7.33;6.49;6.86;7.11;8.64;;7.64
Chalakudy;Kerala;6.4;5.9;6.0;6.2;6.0;6.3;6.6;6.2;6.5;6.6;6.3;6.3;6.2;6.4;6.3;6.4;6.2;6.1;6.3;6.4;6.52;6.43;6.27;6.35;6.10;7.15;6.99;6.88;6.84;;6.37
CHAMARAJANAGAR;Karnataka;8.8;8.8;8.8;8.8;8.8;8.7;9.5;7.7;7.9;7.9;8.3;8.6;8.9;8.6;8.7;8.6;8.7;8.7;8.3;8.5;8.35;8.67;8.19;8.52;8.67;5.21;6.50;5.02;5.06;;8.13
Chandauli;UP;;;;;;7.9;6.4;6.6;6.9;6.9;6.5;7.2;6.7;6.8;6.9;6.4;7.1;6.9;6.7;6.7;6.36;6.86;6.79;6.53;;;;;;;6.79
Chandigarh;Chandigarh;;;;;;3.4;3.4;3.4;3.4;3.5;3.4;3.6;3.8;3.7;3.6;3.4;3.4;3.4;3.4;3.4;3.37;3.36;3.37;3.42;;3.82;3.51;4.04;3.51;;3.50
Chandni Chowk;Delhi;;;;;;5.8;6.2;5.0;7.6;7.0;6.7;7.3;6.9;7.1;7.5;6.4;6.6;6.3;6.0;6.1;6.61;5.30;4.61;6.29;;;;;;;6.38
Chandrapur;Maharashtra;6.6;7.8;7.5;7.5;7.2;6.0;7.7;7.6;7.7;7.4;7.5;7.6;7.7;7.6;7.7;7.6;7.6;7.6;7.9;7.9;7.64;7.46;7.54;6.47;6.16;;;;;;7.40
Chatra;Jharkhand;5.4;5.9;6.0;5.9;5.5;4.6;6.1;6.2;6.2;5.9;6.0;5.8;6.0;5.9;6.0;6.0;6.1;6.0;6.1;6.0;6.08;5.88;6.02;5.94;;;;;;;5.89
Chevella;Andhra Pradesh;6.5;6.4;6.5;6.4;6.6;6.7;6.8;6.8;6.7;6.9;6.8;6.9;6.8;6.9;6.8;6.8;6.6;6.7;6.6;6.4;6.37;6.35;6.36;6.39;6.55;6.90;7.00;6.82;6.84;;6.65
Chhindwara;MP;3.4;3.3;3.4;3.4;3.3;5.0;3.4;3.4;4.3;3.4;3.4;3.4;3.8;3.5;3.4;3.4;3.4;3.4;3.4;3.4;3.37;3.38;3.38;4.43;;;;;;;3.55
Chhota Udaipur;Gujarat;3.8;5.7;8.0;7.8;6.7;4.0;6.2;8.8;7.2;4.7;6.1;8.4;7.1;4.9;6.1;8.0;7.0;5.5;6.0;7.4;7.16;5.64;6.02;6.79;7.12;5.38;6.43;6.73;6.92;;6.47
Chidambaram;Tamil Nadu;5.3;5.9;6.0;5.9;5.4;5.9;6.4;6.9;6.6;6.9;6.7;6.7;6.4;6.6;6.4;6.5;6.6;6.5;6.5;6.6;6.40;6.45;6.55;6.63;5.78;5.55;6.58;6.83;6.34;;6.33
CHIKKABALLAPUR;Karnataka;6.3;7.7;7.9;7.0;6.1;6.1;5.3;5.5;5.1;5.0;5.3;5.1;4.8;5.0;4.9;4.9;4.8;4.7;4.6;4.7;4.88;4.70;4.79;4.86;5.69;6.18;6.41;7.98;6.34;;5.60
CHIKKODI;Karnataka;3.8;5.1;5.2;5.1;4.9;4.4;4.6;4.6;4.6;4.4;4.8;4.6;4.7;4.7;4.7;4.6;4.5;4.6;4.6;4.7;4.48;4.67;4.62;4.71;4.68;3.96;4.01;4.10;4.25;;4.56
Chittoor;Andhra Pradesh;5.5;5.9;4.0;5.1;6.9;5.0;4.0;6.4;6.3;6.3;5.6;6.0;5.3;6.4;5.3;5.2;4.5;4.6;6.7;4.8;5.87;7.27;5.94;4.73;5.21;6.67;3.33;6.67;6.67;;5.59
Chittorgarh;Rajasthan;;;;;;7.6;6.9;6.5;7.5;6.4;7.0;7.2;6.8;6.9;7.2;6.6;6.8;7.1;6.7;6.9;7.22;6.84;6.61;6.83;;6.01;6.15;6.32;6.64;;6.81
CHIYTRADURGA;Karnataka;6.3;6.8;6.6;6.6;6.5;7.2;7.4;7.2;6.3;6.3;6.9;6.7;6.6;7.0;7.4;6.7;6.2;6.7;7.4;6.5;5.97;6.70;7.50;6.30;4.97;6.25;6.82;6.01;6.37;;6.63
Churu;Rajasthan;;;;;;6.8;6.5;6.9;7.9;6.3;6.5;6.4;5.7;6.6;6.8;6.3;6.7;6.1;6.8;6.0;6.77;7.92;6.45;7.24;;5.26;6.76;5.65;8.80;;6.65
Coimbatore;Tamil Nadu;4.4;5.5;4.8;5.2;4.4;4.7;5.2;4.9;5.2;4.9;5.2;5.0;5.2;5.0;5.3;5.0;5.3;4.8;5.4;5.3;5.21;5.00;5.23;5.00;5.40;4.90;5.16;5.19;4.76;;5.05
Cuddalore;Tamil Nadu;5.1;5.8;5.8;5.8;6.3;4.7;6.6;4.8;5.7;5.9;6.0;5.1;6.2;5.2;5.9;5.9;5.5;5.9;5.7;5.5;5.52;5.42;4.48;3.70;3.36;6.64;5.92;4.53;7.59;;5.53
Kadapa;Andhra Pradesh;5.6;6.7;4.5;6.2;8.4;4.9;4.6;6.9;6.9;7.5;6.9;5.9;5.3;6.1;6.9;6.5;6.0;6.5;7.0;5.7;6.81;8.34;8.44;7.78;6.39;;;;;;6.51
Cuttack;Odisha;;;;;;5.4;6.5;5.7;5.8;5.8;5.9;5.8;5.6;5.6;5.8;5.4;5.3;5.6;5.5;5.3;5.38;5.39;5.20;5.70;5.47;4.66;5.79;5.21;4.99;;5.52
Dadra & Nagar Haveli;Dadra and Nagar Haveli;4.3;7.4;7.9;6.5;6.6;4.9;7.4;7.9;6.6;5.6;6.8;7.4;6.4;5.4;6.8;7.2;6.3;6.2;6.7;6.9;6.28;6.08;6.61;6.46;7.23;5.43;6.67;8.89;6.27;;6.59
DAKSHINA KANNADA;Karnataka;8.3;7.2;8.3;7.3;8.0;8.0;7.5;7.9;7.1;8.3;7.4;7.5;7.8;8.4;8.2;8.0;7.5;7.3;8.0;8.2;7.80;8.07;7.75;7.56;7.40;7.98;7.26;8.47;7.50;;7.79
Daman & Diu;Daman and Diu;5.0;6.7;10.0;6.7;6.7;3.5;6.6;9.8;6.9;4.9;6.4;8.9;6.5;4.0;6.5;9.5;7.1;4.2;6.4;9.0;6.78;4.00;6.45;7.90;6.73;4.27;6.38;8.65;7.25;;6.67
Damoh;MP;;;;;;5.1;4.8;5.0;6.3;5.6;6.1;5.8;5.6;5.9;5.9;5.4;5.4;4.9;5.6;6.0;5.32;5.94;4.50;5.03;3.81;6.73;6.11;6.57;6.29;;5.57
Darbhanga;Bihar;;;;;;4.5;5.1;4.5;4.5;4.5;4.8;4.8;5.0;5.1;4.8;4.7;4.6;4.5;4.6;4.5;4.43;4.52;4.46;4.41;;5.49;5.70;5.44;5.91;;4.82
Dausa;Rajasthan;6.1;6.5;6.7;6.3;6.0;6.1;6.5;7.4;6.7;6.6;7.1;6.6;6.1;6.6;6.6;6.3;6.6;6.7;6.3;6.6;6.70;6.33;6.63;5.99;;;;;;;6.50
DAVANAGERE;Karnataka;6.5;4.5;6.7;3.8;9.8;6.0;4.2;7.8;6.3;6.0;5.0;6.1;6.9;7.1;6.7;6.2;5.6;5.5;6.1;4.6;4.75;9.60;8.22;4.41;5.56;10.00;6.67;6.67;6.64;;6.34
Deoria;UP;5.4;8.2;7.9;6.7;5.3;5.4;6.9;6.3;7.3;7.4;7.2;5.8;5.6;7.3;7.2;6.9;7.5;7.1;7.2;6.8;7.23;5.94;6.29;6.17;;;;;;;6.71
Dewas;MP;4.7;6.4;4.3;4.7;4.4;4.7;5.9;4.4;8.2;5.3;6.2;6.0;5.9;6.9;5.8;4.5;5.2;5.2;4.6;5.4;6.06;6.02;4.35;5.19;;;;;;;5.43
Dhanbad;Jharkhand;;;;;;7.9;6.6;6.1;6.2;6.4;6.8;8.1;8.0;7.0;6.6;6.6;6.2;5.9;6.3;6.0;6.39;6.09;5.81;7.81;;;;;;;6.68
Dhar;MP;;;;;;4.4;4.0;3.7;5.6;4.3;4.5;4.4;5.1;5.1;5.0;3.7;4.0;3.7;3.6;3.8;3.95;4.63;3.70;4.22;3.33;5.46;4.28;4.50;5.46;;4.35
Dharmapuri;Tamil Nadu;3.9;5.5;5.7;5.8;5.9;5.5;5.2;6.5;6.0;6.0;6.2;6.5;6.4;6.6;6.0;6.1;6.1;5.9;6.1;6.3;5.77;6.14;6.19;6.32;6.30;5.86;6.47;6.51;6.16;;5.99
DHARWAD;Karnataka;4.7;3.5;3.4;3.4;5.8;5.8;6.4;3.4;8.8;4.2;9.1;6.8;4.2;7.3;6.9;4.4;6.8;7.2;4.1;8.0;8.95;7.33;3.74;6.16;6.67;5.94;6.48;7.53;6.24;;5.97
Dhaurahra;UP;;;;;;6.8;6.9;7.1;6.6;7.2;6.7;6.8;6.6;6.8;6.5;6.8;6.6;6.5;6.6;6.9;6.44;6.75;6.54;6.25;5.33;6.83;7.73;6.69;7.54;;6.73
Dhenkanal;Odisha;5.1;5.4;5.1;5.2;5.2;5.9;6.1;5.5;5.7;5.8;5.8;6.0;5.7;5.7;5.8;6.0;5.8;5.9;5.5;5.6;5.83;5.72;5.69;6.00;;7.29;6.75;6.46;6.13;;5.80
Dhubri;Assam;3.3;3.3;3.4;3.3;4.2;3.9;3.8;3.8;3.6;3.9;3.8;3.8;4.6;4.0;6.5;4.0;3.8;3.8;3.8;3.8;3.80;3.84;3.80;3.81;5.58;;;;;;3.97
Dhule;Maharashtra;6.6;7.8;7.3;6.8;6.9;6.9;7.8;7.2;6.8;6.6;6.7;6.9;6.9;6.9;6.8;6.8;7.1;6.7;6.9;6.8;6.80;6.91;6.96;6.97;6.83;6.93;7.71;6.73;7.25;;6.97
Diamond Harbour;West Bengal;3.9;6.6;8.8;7.1;6.3;4.4;6.8;8.7;7.1;6.2;7.4;8.0;7.4;6.9;7.3;7.8;7.6;7.0;7.4;7.6;7.48;7.21;7.40;7.32;7.12;4.87;6.67;7.37;7.59;;7.00
Dibrugarh;Assam;6.1;3.4;3.4;3.7;5.1;4.3;8.1;3.5;5.1;6.8;7.0;4.6;4.6;5.9;4.7;3.9;3.6;3.5;4.2;4.2;7.94;5.49;3.67;4.27;4.11;4.58;4.17;4.31;3.33;;4.74
Dindigul;Tamil Nadu;7.3;7.6;6.4;6.4;7.4;6.9;6.3;6.7;7.2;7.6;7.5;8.2;8.5;8.5;8.3;7.4;7.0;6.9;7.2;7.3;7.23;6.93;7.08;7.11;6.19;7.97;6.33;7.03;6.67;;7.21
Dindori;Maharashtra;7.6;6.6;6.3;6.6;7.0;8.1;7.1;6.4;6.2;6.6;6.7;6.8;7.0;7.2;6.7;6.8;7.1;6.9;6.7;6.7;6.90;6.99;6.80;6.45;6.52;8.73;6.94;5.82;5.98;;6.82
Dohad;Gujarat;5.0;8.1;6.5;5.7;8.5;4.3;6.7;9.3;6.0;5.3;7.3;7.4;6.0;5.3;7.3;7.1;6.3;6.6;7.5;5.8;6.87;7.85;6.66;8.60;9.05;10.00;;6.67;;;6.95
Domariyaganj;UP;;;;;;5.1;5.8;5.3;6.2;6.7;7.0;6.0;5.5;6.2;5.9;6.0;5.9;5.7;6.0;5.6;5.83;5.55;5.92;5.43;;4.97;5.96;4.97;6.12;;5.81
Dum Dum;West Bengal;;;;;;5.2;6.5;7.8;7.5;6.9;7.1;7.4;7.0;6.4;6.9;7.6;7.5;6.8;7.1;7.6;7.06;6.45;6.76;7.17;7.38;5.02;6.47;6.61;7.56;;6.90
Dumka;Jharkhand;;;;;;5.6;4.1;4.0;4.0;4.0;4.0;4.0;4.0;3.9;3.9;4.0;4.0;3.9;3.9;3.9;3.93;3.97;3.89;3.96;;4.11;4.07;3.98;3.94;;4.04
Durg;Chhattisgarh;5.3;5.9;6.4;7.2;7.5;6.1;6.0;6.4;6.6;6.4;6.7;6.8;6.9;6.8;7.1;6.7;6.5;6.7;6.6;6.5;6.43;6.87;6.61;6.92;6.40;6.82;6.37;6.37;7.23;;6.59
East Delhi;Delhi;;;;;;5.2;5.4;5.5;5.8;5.6;5.7;5.6;5.6;5.5;5.7;5.6;5.4;5.7;5.6;5.3;5.48;5.58;5.38;5.17;;5.45;5.72;5.51;5.76;;5.53
Eluru;Andhra Pradesh;6.1;6.0;6.6;7.1;6.6;5.2;5.9;8.0;7.0;5.3;6.3;7.5;6.8;5.6;6.5;7.6;6.9;5.5;6.3;7.5;6.61;5.54;6.60;7.46;6.11;4.20;6.43;9.15;6.67;;6.52
Ernakulam;Kerala;7.8;8.3;7.3;7.3;7.3;7.5;7.5;7.5;7.4;7.5;7.4;7.3;7.3;7.3;7.3;7.2;7.3;7.1;7.1;7.0;7.15;7.17;6.94;7.28;7.26;6.32;6.21;6.16;6.43;;7.19
Erode;Tamil Nadu;5.8;6.4;4.5;4.5;6.8;5.6;3.7;6.6;7.2;6.9;4.7;9.3;8.7;9.4;8.2;6.7;6.2;3.9;4.2;6.8;3.76;7.03;5.91;3.71;6.67;9.25;6.76;6.68;3.56;;6.19
Etah;UP;;;;;;3.7;4.0;3.9;4.1;4.0;4.0;4.2;4.1;4.2;4.1;4.1;4.1;4.0;4.1;4.0;3.98;4.04;3.77;3.64;4.00;4.10;4.16;4.40;4.26;;4.03
Etawah;UP;;;;;;3.9;4.8;4.3;4.6;4.5;4.8;4.6;4.9;4.9;5.0;4.9;4.9;4.9;4.9;4.9;5.00;4.80;4.97;4.58;4.74;3.74;4.70;4.34;4.15;;4.67
Faizabad;UP;;;;;;7.5;6.7;7.6;6.7;7.3;7.1;7.3;7.2;7.2;7.1;7.2;7.1;7.2;7.1;7.3;7.05;7.01;7.07;6.65;;8.26;6.50;7.11;6.69;;7.12
Faridabad;Haryana;5.2;5.4;5.2;5.3;5.1;5.6;5.5;5.6;5.6;5.8;5.8;5.7;5.8;5.8;5.7;5.8;5.6;5.6;5.6;5.7;5.63;5.46;5.85;5.90;;;;;;;5.59
Faridkot;Punjab;4.0;3.7;3.8;3.9;4.2;3.7;3.7;3.6;3.6;3.5;3.5;3.6;3.5;3.6;3.6;3.4;3.5;3.5;3.5;3.5;3.56;3.50;3.41;3.71;;;;;;;3.62
Farrukhabad;UP;3.5;5.5;4.4;5.1;4.3;3.5;4.9;4.5;5.0;5.2;5.3;4.9;5.5;4.9;4.8;4.9;5.0;4.7;5.1;4.8;4.72;4.68;4.70;4.29;6.67;4.02;5.90;4.07;4.48;;4.81
Fatehgarh Sahib;Punjab;;;;;;3.5;3.5;3.6;3.8;3.8;3.7;3.6;3.6;3.7;3.7;3.6;3.6;3.6;3.7;3.6;3.58;3.49;3.58;3.61;;3.38;3.36;3.42;3.42;;3.58
Fatehpur;UP;4.3;4.3;4.3;4.5;4.4;5.1;4.9;4.8;5.2;5.1;5.0;5.1;4.8;5.0;5.1;5.1;4.9;4.9;5.0;5.0;4.88;4.98;4.75;4.76;3.89;;;;;;4.81
Fatehpur sikri;UP;;;;;;4.0;3.7;4.2;4.7;4.4;4.5;4.5;4.7;4.6;5.0;4.1;4.1;4.0;4.6;4.0;3.94;5.18;3.72;3.72;4.13;4.22;4.64;4.47;4.22;;4.30
Ferozpur;Punjab;;;;;;3.4;3.4;3.4;3.4;3.4;3.4;3.4;3.4;3.4;3.4;3.4;3.4;3.4;3.4;3.3;3.35;3.35;3.35;3.42;;3.51;3.49;3.47;3.44;;3.39
Firozabad;UP;3.4;4.1;4.3;4.9;4.5;3.9;4.6;4.7;4.8;5.2;4.9;4.9;4.8;4.8;4.7;4.8;4.7;4.8;4.8;4.7;4.69;4.52;4.59;4.42;7.92;;;;;;4.73
Garhchiroli - Chimur;Maharashtra;6.3;7.7;7.2;7.8;7.3;6.8;7.9;7.5;7.9;7.5;7.6;7.5;7.7;7.6;7.9;7.5;7.7;7.5;7.6;7.5;7.65;7.56;7.55;7.53;7.58;7.13;8.00;7.92;7.53;;7.53
Gandhinagar;Gujarat;4.1;6.7;8.6;6.3;4.6;3.5;6.7;9.3;6.1;4.7;7.0;8.4;6.2;5.1;6.9;8.3;6.4;5.1;6.2;8.3;6.65;5.72;6.74;7.41;7.26;3.81;6.69;8.33;6.23;;6.46
Ganganagar;Rajasthan;;;;;;4.0;4.3;4.1;4.2;4.2;4.3;4.3;4.2;4.3;4.2;4.3;4.3;4.3;4.2;4.3;4.24;4.21;3.99;4.09;;4.27;4.22;3.91;4.06;;4.19
"Guwahati";Assam;5.3;4.8;5.3;5.4;5.0;6.4;5.9;5.6;6.3;6.1;6.2;6.0;6.3;6.3;6.2;6.2;4.6;4.6;5.6;6.2;6.13;5.93;5.65;6.30;5.06;5.77;5.86;4.00;3.75;;5.60
Gautam buddh Nagar;UP;;;;;;4.4;4.6;4.6;4.7;4.7;4.6;4.6;4.9;4.7;5.0;4.3;4.3;4.3;4.5;4.1;4.37;4.79;4.29;4.20;4.41;4.74;4.68;4.57;5.26;;4.56
Gaya;Bihar;;;;;;5.5;5.5;5.4;5.3;5.3;5.7;5.5;5.5;5.7;5.5;5.6;5.4;5.6;5.6;5.7;5.49;5.47;5.60;5.56;;;;;;;5.52
Ghaziabad;UP;4.7;4.3;4.8;4.4;5.0;4.4;5.6;4.9;4.5;4.2;4.6;4.3;4.3;4.6;4.4;4.6;5.6;5.3;4.6;4.4;4.43;4.24;4.12;4.46;;4.42;4.75;5.29;4.46;;4.63
Ghazipur;UP;;;;;;5.6;4.0;5.1;6.2;5.5;4.6;5.9;5.6;5.2;5.9;5.3;5.0;5.2;5.7;5.1;4.97;6.15;4.81;5.35;;7.06;5.42;5.44;6.80;;5.47
Ghosi;UP;;;;;;5.2;5.8;5.1;6.3;7.0;7.0;5.8;5.5;6.0;5.7;6.0;5.8;5.5;6.3;6.0;5.91;5.62;6.13;5.52;;5.02;5.54;5.28;5.28;;5.78
Giridih;Jharkhand;;;;;;5.7;6.4;6.4;6.5;6.3;6.1;6.1;6.0;6.1;6.2;6.1;6.1;6.1;6.1;6.2;6.20;6.21;6.06;5.79;;5.35;6.95;6.95;6.50;;6.19
Godda;Jharkhand;7.3;7.0;7.4;7.2;7.2;7.2;7.1;7.0;7.2;7.3;7.3;7.0;6.3;6.3;6.4;5.0;5.4;5.3;5.1;6.0;5.74;5.58;5.51;5.31;;;;;;;6.41
Gonda;UP;4.8;5.1;5.1;5.2;4.9;5.7;5.3;5.3;4.5;5.2;5.3;5.3;4.9;5.1;5.2;5.3;5.0;5.3;5.0;5.2;5.03;5.25;4.98;5.32;;;;;;;5.13
Gopalganj;Bihar;;;;;;4.6;5.4;5.2;5.6;5.6;5.8;5.5;5.5;5.7;5.2;5.4;5.6;5.6;5.5;5.4;5.59;5.12;5.41;5.37;;5.00;5.08;5.92;6.17;;5.44
Gorakhpur;UP;4.8;6.0;5.3;5.5;5.3;5.9;6.3;4.8;6.1;7.8;7.7;6.3;5.7;6.5;6.0;5.7;5.8;5.4;6.0;5.7;6.32;5.44;5.52;6.08;6.00;;;;;;5.93
GULBARGA;Karnataka;6.5;7.3;6.0;6.1;5.9;6.2;6.5;6.4;6.2;6.1;6.3;6.2;6.2;6.3;6.4;6.0;6.1;6.0;6.2;6.3;6.01;6.20;6.26;6.20;4.14;6.36;6.94;6.53;6.48;;6.22
Guna;MP;3.9;4.9;4.3;4.8;4.0;4.3;5.2;4.4;5.5;5.2;5.2;5.2;5.1;5.4;4.9;4.5;4.8;4.8;4.9;4.9;5.76;4.70;4.53;4.50;4.29;;;;;;4.80
Guntur;Andhra Pradesh;3.6;6.6;9.1;6.7;4.4;4.0;6.6;8.8;6.7;4.8;6.6;8.3;6.7;5.0;6.6;8.0;6.8;5.2;6.7;8.1;6.64;5.20;6.63;8.01;6.57;4.20;6.67;8.69;6.58;;6.49
Gurdaspur;Punjab;;;;;;3.4;3.4;3.4;3.4;3.4;3.4;3.4;3.6;3.4;3.4;3.4;3.4;3.4;3.3;3.4;3.35;3.37;3.35;3.38;;5.56;3.61;3.61;3.61;;3.50
Gurgaon;Haryana;;;;;;5.9;5.3;4.5;5.1;5.6;5.5;5.6;5.4;5.5;5.4;5.4;5.5;5.7;5.5;5.5;5.36;5.46;5.44;5.82;4.73;4.95;5.16;5.05;5.48;;5.36
Gwalior;MP;3.7;3.6;3.6;3.6;3.7;3.6;4.0;3.7;4.0;3.9;4.1;3.9;3.8;4.0;4.0;3.9;3.9;3.8;3.7;3.8;3.95;3.78;3.86;4.13;;;;;;;3.84
Hajipur;Bihar;;;;;;3.5;3.7;3.7;3.7;3.8;3.8;3.9;4.0;4.0;4.0;3.9;3.8;3.7;3.8;3.7;3.84;3.74;3.73;3.62;;4.15;4.00;4.15;4.15;;3.84
Hamirpur;UP;6.7;7.3;7.5;7.7;7.3;5.5;5.8;5.7;6.0;6.0;5.9;6.0;5.8;5.9;6.0;5.9;5.8;5.7;5.7;5.8;5.87;6.05;5.60;5.45;3.33;3.88;3.53;3.53;3.53;;5.68
Hardoi;UP;3.7;5.2;4.9;4.8;4.2;3.7;4.9;5.3;4.6;4.7;5.3;4.7;4.7;5.2;4.8;4.6;5.0;4.6;4.7;5.1;4.47;4.57;4.65;4.36;;;;;;;4.70
Hardwar;Uttarakhand;8.1;8.0;8.1;8.1;8.0;7.1;7.2;6.7;6.8;7.1;6.8;7.1;6.8;7.1;6.8;7.1;6.8;6.7;7.1;7.1;7.12;6.78;7.13;7.17;;;;;;;7.20
HASSAN;Karnataka;6.3;5.6;5.1;5.6;6.0;6.6;5.7;5.9;5.8;6.5;6.1;6.7;6.7;6.4;5.9;6.4;5.8;6.1;6.3;5.8;5.81;6.31;6.06;6.56;6.34;5.50;5.71;5.77;6.21;;6.05
Hathras;UP;5.0;6.0;4.5;4.7;5.5;4.9;5.0;5.0;7.7;5.8;5.1;6.3;7.1;5.8;7.6;4.9;4.9;4.9;5.9;4.9;5.28;8.16;4.44;4.48;;;;;;;5.57
Hatkanangle;Maharashtra;7.1;7.2;8.3;7.3;6.9;7.2;7.2;7.3;7.7;7.2;7.2;6.9;6.9;6.9;6.7;7.0;7.0;6.9;6.9;7.0;7.11;6.80;6.43;7.15;8.89;5.85;5.54;5.22;4.93;;6.92
HAVERI;Karnataka;4.9;5.8;6.4;6.7;7.5;4.7;5.5;6.3;6.6;6.4;6.7;7.3;7.7;7.9;8.3;7.4;7.6;7.1;6.7;6.7;6.44;7.05;6.57;6.47;5.30;5.99;7.90;8.15;8.60;;6.77
Hazaribagh;Jharkhand;5.5;5.1;4.7;3.7;4.0;5.3;3.7;3.8;4.3;4.1;3.9;4.2;4.6;4.5;4.2;4.1;4.2;4.0;4.1;4.2;4.31;4.35;4.71;5.45;;;;;;;4.37
Hindupur;Andhra Pradesh;5.9;5.6;5.5;5.2;5.1;6.7;6.8;6.6;6.2;6.4;6.5;6.4;6.1;6.0;5.9;6.1;6.4;6.6;6.7;6.5;6.61;6.38;6.50;6.66;6.71;7.90;7.77;8.20;8.41;;6.50
Hingoli;Maharashtra;8.3;6.1;6.4;7.2;7.2;7.3;6.8;6.7;6.8;7.0;6.9;6.9;6.7;6.7;7.0;6.8;6.7;6.8;6.9;6.8;6.98;7.01;7.08;7.13;7.28;7.23;7.05;6.29;6.59;;6.91
Hisar;Haryana;4.5;4.5;4.9;4.3;4.4;5.1;4.7;4.8;4.8;4.8;4.9;5.1;5.4;5.3;5.7;5.4;5.0;4.9;4.8;4.9;4.80;5.12;4.86;4.30;3.98;;;;;;4.85
Hugli;West Bengal;4.4;5.9;7.4;7.1;6.1;4.7;5.7;7.0;6.9;6.3;6.0;6.4;6.9;6.6;6.7;6.6;6.5;6.0;6.0;6.3;6.37;6.11;6.26;6.56;6.57;3.80;6.33;6.57;7.01;;6.24
Hoshangabad;MP;3.5;3.5;3.4;3.5;3.5;3.6;3.4;3.4;3.8;3.4;3.4;3.4;3.5;3.4;3.4;3.4;3.4;3.4;3.4;3.4;3.38;3.41;3.35;3.55;;;;;;;3.45
Hoshiarpur;Punjab;;;;;;3.4;3.4;3.4;3.4;3.4;3.4;3.4;3.4;3.4;3.4;3.3;3.4;3.4;3.4;3.3;3.34;3.38;3.34;3.37;;3.55;3.44;3.51;3.46;;3.39
Haora;West Bengal;4.1;6.5;7.6;6.7;5.8;4.0;6.5;7.9;6.6;5.1;6.4;7.5;6.5;5.3;6.3;7.3;6.5;5.4;6.4;6.8;6.45;5.61;6.34;6.22;7.23;3.84;6.60;8.41;6.54;;6.29
Hyderabad;Andhra Pradesh;3.3;6.7;6.7;5.6;5.6;5.3;6.0;6.2;6.0;6.1;6.2;6.2;5.8;6.0;6.1;6.1;5.8;6.0;6.3;6.1;5.97;5.88;6.19;6.04;5.15;4.67;5.54;5.47;5.03;;5.79
Idukki;Kerala;6.2;6.6;6.8;7.2;7.0;6.0;5.9;6.9;7.5;7.3;6.1;6.8;7.8;7.5;7.5;6.9;6.9;6.6;6.8;7.2;6.97;6.77;6.47;6.68;6.38;6.90;6.16;7.06;6.88;;6.82
Indore;MP;4.3;4.4;4.2;4.2;4.3;3.5;3.4;3.5;4.0;3.6;3.5;3.5;3.8;3.6;3.6;3.4;3.4;3.4;3.4;3.4;3.45;3.70;3.45;3.52;;;;;;;3.68
Inner Manipur;Manipur;3.6;3.7;3.8;4.1;4.3;3.8;5.8;3.9;4.0;6.1;5.5;5.5;4.2;5.9;4.0;3.9;3.9;3.9;4.8;4.4;4.53;4.95;3.81;3.80;3.77;3.54;3.99;4.03;4.00;;4.33
Jabalpur;MP;4.4;4.7;4.8;4.5;4.4;4.1;4.0;4.2;5.6;4.9;5.2;5.3;5.3;5.3;5.3;4.6;4.6;4.4;4.7;4.9;4.55;5.19;4.06;4.45;;;;;;;4.72
Jadavpur;West Bengal;8.7;6.7;6.7;8.3;7.5;5.8;6.8;7.9;7.1;7.1;7.6;7.9;7.6;7.3;7.4;7.5;7.2;7.0;7.3;7.6;7.38;7.10;7.34;7.42;7.42;5.74;6.67;7.24;7.77;;7.27
Jagatsinghpur;Odisha;;;;;;5.4;5.3;4.3;6.8;5.7;5.9;6.3;6.4;6.2;5.8;5.5;5.3;5.2;4.6;4.5;5.10;5.48;4.25;5.25;3.33;;;;;;5.32
Jahanabad;Bihar;;;;;;5.3;5.5;4.9;5.2;4.6;5.2;4.9;5.3;5.1;4.9;4.9;5.0;5.4;4.8;5.2;4.85;5.11;5.21;4.79;;4.29;6.35;4.92;5.71;;5.10
Jaipur;Rajasthan;;;;;;7.3;8.6;4.9;5.6;7.0;7.2;6.3;5.7;7.0;5.8;7.1;7.2;6.4;7.1;6.9;7.10;7.22;5.40;5.72;;5.52;8.27;7.04;5.42;;6.60
Jaipur Rural;Rajasthan;;;;;;5.7;6.9;6.3;6.6;6.1;6.7;6.1;6.5;6.3;6.1;6.1;6.5;6.0;6.5;6.5;6.63;6.31;5.84;5.87;;5.08;5.48;5.19;5.48;;6.11
Jajpur;Odisha;3.6;3.9;4.2;4.5;4.5;4.4;5.0;4.8;5.0;4.8;4.8;4.6;4.7;4.5;4.6;4.5;4.4;4.5;4.5;4.4;4.51;4.48;4.45;4.35;;;;;;;4.49
Jalandhar;Punjab;;;;;;3.4;3.4;3.4;3.5;3.4;3.4;3.4;3.5;3.4;3.4;3.4;3.4;3.4;3.4;3.4;3.41;3.37;3.41;3.41;;3.78;3.54;3.81;3.69;;3.47
Jalaun;UP;3.9;4.5;5.4;4.2;4.2;4.2;5.0;4.6;4.7;4.6;4.5;4.6;4.6;4.6;4.8;4.6;5.0;4.6;4.5;4.5;5.11;4.50;4.50;4.25;4.19;;;;;;4.56
Jalgaon;Maharashtra;6.1;7.5;6.3;7.1;6.2;7.0;6.1;6.6;7.7;6.3;6.5;7.4;7.7;7.5;7.3;6.3;6.6;6.6;6.7;6.7;6.89;7.10;6.38;7.31;7.12;6.38;6.34;6.45;6.71;;6.79
Jalna;Maharashtra;5.6;4.9;4.5;4.6;5.6;6.1;3.9;4.1;6.1;6.1;4.4;4.5;5.6;6.8;7.2;6.0;4.8;4.2;4.4;4.5;4.99;4.21;3.99;6.35;7.66;7.44;5.94;3.38;3.43;;5.21
Jalore;Rajasthan;;;;;;6.6;5.9;5.6;5.6;5.4;5.6;5.6;5.6;5.6;5.3;5.5;6.0;6.0;6.0;5.8;5.83;5.55;5.61;6.14;;5.02;5.88;6.21;5.67;;5.73
Jamnagar;Gujarat;4.1;6.0;8.8;7.3;5.0;3.6;6.5;9.5;6.4;4.9;6.6;8.1;6.7;5.2;6.5;8.0;6.7;5.1;6.6;8.1;6.45;5.04;6.77;7.58;6.96;3.70;6.39;7.24;6.94;;6.44
Jamshedpur;Jharkhand;4.6;4.7;4.4;4.1;4.1;4.7;4.0;3.9;4.3;4.2;4.3;4.4;4.5;4.2;4.1;4.0;4.2;4.0;4.0;4.2;4.11;4.31;4.20;4.85;;;;;;;4.25
Jamui;Bihar;;;;;;4.6;5.6;4.7;5.5;4.9;5.1;4.9;5.4;4.8;5.3;4.8;5.4;4.7;5.3;4.9;5.30;4.79;5.50;4.59;;3.59;5.56;4.87;4.19;;4.97
Janjgir-Champa;Chhattisgarh;4.6;5.1;6.0;6.9;7.2;6.0;5.6;5.4;5.4;5.5;5.8;6.0;6.4;6.6;6.5;6.2;6.0;5.8;5.7;5.9;6.09;6.36;6.48;6.63;6.95;5.17;5.02;5.52;5.36;;5.93
Jaunpur;UP;;;;;;5.8;4.0;4.5;6.2;5.2;4.8;5.8;5.3;5.4;6.0;5.1;4.8;5.5;5.4;5.1;4.99;6.01;4.83;5.20;;6.33;5.53;5.72;5.85;;5.36
Jhalawar-Baran;Rajasthan;;;;;;6.5;7.8;6.6;7.1;6.9;6.8;6.7;7.0;6.8;7.0;6.8;6.9;7.0;6.7;6.9;6.63;6.97;6.85;6.58;;7.95;6.92;7.80;7.51;;6.98
Jhanjharpur;Bihar;;;;;;5.6;6.2;5.1;4.8;4.9;4.9;5.0;4.8;4.8;4.9;4.9;4.8;4.9;4.8;4.9;4.72;5.05;4.86;4.95;;5.92;5.50;5.17;6.17;;5.12
Jhansi;UP;4.7;4.8;5.2;5.1;4.8;5.3;5.2;5.2;5.5;5.3;5.3;5.2;5.2;5.3;5.3;5.0;5.1;5.1;5.3;5.1;5.10;5.04;5.02;4.62;;;;;;;5.11
Jhunjhunu;Rajasthan;;;;;;7.3;6.2;6.8;6.8;7.6;6.7;7.0;6.5;7.2;6.6;7.1;6.8;7.3;6.6;7.0;6.67;6.86;6.57;6.67;;7.08;6.17;5.85;7.23;;6.80
Jodhpur;Rajasthan;;;;;;6.6;6.8;6.6;7.3;7.1;6.9;7.1;7.1;7.1;7.0;6.9;6.9;7.1;6.7;7.0;6.99;6.95;6.96;6.36;;6.98;7.19;6.88;6.88;;6.93
Jorhat;Assam;3.7;3.6;3.4;3.5;3.4;3.9;3.6;3.8;5.0;5.6;4.6;5.1;4.6;5.4;4.1;3.6;4.1;4.2;3.7;3.5;4.66;3.80;3.67;3.94;5.26;;;;;;4.15
Joynagar;West Bengal;4.7;6.2;8.1;6.8;6.5;6.6;7.0;7.6;7.4;6.5;6.9;7.7;7.8;8.1;8.1;8.2;7.8;6.9;6.8;6.8;6.89;7.34;7.47;7.62;7.64;6.67;6.67;6.67;10.00;;7.21
Junagadh;Gujarat;3.8;6.5;8.1;7.1;6.4;3.8;6.4;8.2;7.1;6.0;6.8;7.6;6.7;5.4;6.4;7.3;6.8;6.1;6.4;7.1;6.74;6.00;6.46;6.49;6.69;;;;;;6.49
Kairana;UP;5.0;5.1;5.7;5.1;5.3;5.1;5.5;5.4;5.6;5.3;5.6;5.7;5.8;5.7;5.7;5.6;5.5;5.8;5.6;5.7;5.83;5.75;5.28;5.41;;;;;;;5.50
Kaiserganj;UP;;;;;;6.3;6.3;6.5;5.7;6.0;6.0;6.1;6.0;5.9;5.7;6.3;5.9;5.9;5.8;5.8;5.79;5.76;5.78;5.26;;6.19;6.33;6.25;5.81;;5.97
Kakinada;Andhra Pradesh;6.3;6.2;6.3;6.3;6.2;6.2;6.1;6.2;6.2;6.1;6.1;6.1;6.2;6.2;6.1;6.2;6.0;6.1;6.0;6.1;6.16;6.20;6.22;6.22;6.28;6.59;6.46;6.59;6.57;;6.22
Kalahandi;Odisha;;;;;;3.7;5.7;5.4;6.7;6.4;6.4;6.9;8.1;8.1;7.5;6.4;5.1;5.0;5.4;6.1;5.40;4.62;4.04;4.01;;5.63;6.58;6.33;5.27;;5.86
Kaliabor;Assam;5.1;4.6;4.6;4.7;4.8;5.1;4.5;4.7;4.8;5.1;5.2;5.4;5.6;5.5;5.3;5.1;5.0;5.0;5.0;5.1;5.11;4.97;4.68;4.90;5.24;6.77;5.16;4.77;5.09;;5.06
Kallakurichi;Tamil Nadu;6.3;7.3;5.2;4.6;5.4;5.5;6.3;5.2;6.5;6.6;6.8;7.4;6.8;7.9;7.1;6.8;5.8;5.3;6.2;6.1;7.85;6.75;5.48;5.14;6.24;5.49;5.79;6.35;5.90;;6.21
Kalyan;Maharashtra;4.9;5.6;5.6;5.7;5.3;5.0;5.3;5.6;5.4;5.4;5.4;5.6;5.6;5.4;5.5;5.4;5.2;5.0;5.2;5.1;5.30;5.45;5.23;5.29;6.02;5.57;5.02;4.86;4.92;;5.34
Kancheepuram;Tamil Nadu;6.8;6.6;5.6;5.4;5.3;6.7;5.7;6.5;8.0;7.2;6.9;7.0;7.3;7.1;7.2;6.8;6.7;6.5;6.6;6.4;6.01;6.39;6.06;6.10;6.20;5.51;6.19;5.24;4.92;;6.37
Kandhamal;Odisha;4.9;4.6;4.5;4.5;5.2;5.3;4.8;4.6;6.1;5.9;5.6;5.8;5.8;5.8;5.5;5.9;5.5;4.9;5.4;5.8;5.12;4.79;5.44;5.40;;;;;;;5.29
Kangra;Himachal Pradesh;7.1;7.5;7.3;7.5;6.7;7.1;7.7;6.7;7.4;6.9;7.5;7.1;7.3;7.2;7.6;7.3;7.5;7.1;7.4;7.2;7.51;6.83;7.56;7.29;;;;;;;7.26
Kanker;Chhattisgarh;7.3;7.7;8.2;7.3;6.9;7.4;7.3;7.8;7.5;7.3;7.3;7.3;7.3;7.3;7.3;7.3;7.3;7.3;7.1;7.2;7.19;7.40;7.44;7.21;7.11;7.50;6.56;6.67;6.67;;7.28
Kannauj;UP;;;;;;4.2;4.8;4.4;4.7;4.8;4.9;4.6;5.1;4.8;5.0;5.0;4.9;4.8;5.0;4.6;4.90;4.70;4.70;4.48;5.24;4.06;6.19;4.83;4.83;;4.82
Kannur;Kerala;8.7;6.6;6.5;6.5;8.2;5.3;6.6;3.7;9.6;6.9;9.5;6.7;6.8;9.4;6.7;9.4;7.6;6.6;6.7;9.6;9.77;7.71;4.91;7.08;6.69;6.67;6.53;5.45;4.72;;7.14
Kanpur;UP;;;;;;3.5;4.4;3.5;3.9;3.9;4.1;4.0;4.1;4.1;4.1;3.7;3.6;3.5;3.5;3.5;3.74;3.66;3.45;3.48;3.33;3.69;3.50;3.64;3.78;;3.74
Karakat;Bihar;;;;;;3.4;4.9;4.3;5.0;4.0;4.2;3.9;4.9;4.2;4.2;4.0;5.0;4.2;4.5;4.2;4.70;4.10;3.94;3.64;;4.83;4.50;5.08;4.00;;4.34
Karauli - Dhaulpur;Rajasthan;4.3;4.9;4.9;4.6;4.5;4.4;5.2;5.5;5.6;5.7;5.6;5.7;5.6;5.6;5.6;5.0;4.8;4.6;4.5;4.6;4.59;4.54;4.45;4.50;;;;;;;4.97
Karimganj;Assam;4.3;4.7;5.0;5.3;5.2;4.5;4.7;4.7;4.8;5.3;5.3;5.3;5.3;5.3;4.8;4.7;4.6;4.5;4.8;4.9;5.49;5.31;4.62;5.27;5.26;5.08;4.88;4.49;5.25;;4.96
Karimnagar;Andhra Pradesh;6.7;6.1;6.2;6.0;6.7;6.3;6.7;6.2;6.7;7.0;6.7;7.0;7.1;7.4;7.1;7.0;6.6;6.1;6.3;6.3;6.54;6.69;5.96;6.05;5.91;5.09;5.57;5.72;5.74;;6.40
Karnal;Haryana;5.8;5.4;5.0;5.5;5.5;5.4;4.9;5.0;5.1;5.1;5.2;5.3;5.1;5.2;5.6;5.4;5.6;5.7;5.5;5.6;5.66;5.47;5.37;5.51;;;;;;;5.37
Karur;Tamil Nadu;5.5;6.3;4.6;4.0;6.4;5.7;3.4;6.7;6.7;6.8;6.3;9.6;9.0;9.2;5.0;6.5;6.5;4.1;6.0;7.0;3.44;6.41;4.73;3.42;;6.79;6.57;6.58;3.61;;5.96
Kasaragod;Kerala;6.2;6.8;6.4;6.0;6.2;6.7;6.0;6.9;7.5;6.7;6.3;6.7;7.2;7.0;6.6;6.9;7.2;6.8;6.4;6.7;7.04;6.75;6.53;6.79;6.47;6.63;5.46;6.99;7.98;;6.69
Katihar;Bihar;;;;;;4.5;4.9;4.6;4.5;4.6;4.6;4.5;4.5;4.5;4.3;4.5;4.4;4.6;4.4;4.7;4.36;4.78;4.38;4.99;;4.16;5.97;4.79;5.87;;4.67
Kaushambi;UP;5.3;5.2;3.9;7.1;5.4;5.8;5.0;5.5;7.0;6.3;4.2;4.5;6.7;7.3;5.0;4.5;4.9;5.3;4.9;5.4;4.38;6.83;4.26;4.43;;;;;;;5.38
Kendrapara;Odisha;;;;;;4.1;4.0;4.1;6.5;6.1;6.8;6.7;6.1;6.9;6.1;6.0;4.6;4.5;6.4;6.0;5.26;6.22;4.34;5.87;3.33;4.63;5.04;7.64;4.15;;5.47
Kendujhar;Odisha;;;;;;6.6;5.5;6.2;6.4;6.5;6.5;7.3;8.4;8.3;7.4;6.7;6.3;6.2;6.3;6.2;6.35;6.22;5.37;6.55;;8.00;6.11;6.61;5.67;;6.59
Khagaria;Bihar;;;;;6.7;4.7;5.3;4.8;5.0;5.1;5.2;5.3;5.6;5.3;5.4;5.1;5.2;4.9;5.1;5.1;5.10;4.89;4.99;5.42;;6.58;6.67;6.58;6.58;;5.45
Khajuraho;MP;;;;;;4.1;3.8;3.8;6.0;4.9;5.3;4.9;4.7;5.2;5.2;4.0;4.7;3.9;4.0;4.0;4.41;4.60;3.81;4.00;3.33;4.53;4.81;4.68;4.32;;4.45
Khammam;Andhra Pradesh;5.0;4.5;5.5;4.6;4.8;7.7;6.9;7.4;7.4;7.9;7.6;7.4;6.5;7.4;7.4;8.0;7.0;7.1;6.9;7.2;7.46;8.91;6.74;6.38;3.69;9.27;4.20;3.95;3.88;;6.50
Khandwa;MP;;;;;;3.5;3.4;3.4;3.7;3.5;3.5;3.5;4.2;3.5;3.7;3.4;3.4;3.5;3.4;3.4;3.58;3.72;3.47;3.59;3.33;3.73;3.69;3.42;3.43;;3.54
Khargone;MP;;;;;;3.5;3.7;3.5;4.5;4.0;4.3;4.1;4.4;4.5;4.5;3.6;3.8;3.7;3.8;3.9;4.53;4.37;3.82;3.53;;3.87;4.45;4.25;4.53;;4.05
Kheda;Gujarat;4.1;6.7;7.8;6.6;6.9;4.3;6.6;7.9;7.1;5.9;7.2;7.3;6.7;6.2;6.8;6.6;5.8;6.2;7.7;6.2;6.72;7.22;7.95;6.96;6.73;;;;;;6.64
Kheri;UP;;;;;;5.8;6.2;6.0;6.3;6.1;6.1;6.2;6.0;6.3;6.3;6.4;6.3;6.1;6.2;6.6;6.19;6.13;6.31;6.06;5.19;6.87;7.55;7.22;7.22;;6.32
Khunti;Jharkhand;6.6;5.8;6.1;4.8;6.8;7.5;6.4;6.7;6.5;7.1;5.9;5.9;5.4;5.3;4.7;5.6;6.2;4.4;6.3;5.2;6.36;5.94;5.97;6.75;;;;;;;6.01
Kishanganj;Bihar;;;;;;4.1;5.6;4.6;5.3;4.6;5.4;4.5;5.3;4.6;5.3;4.6;5.4;4.6;5.4;4.7;5.22;4.58;5.07;4.62;;5.76;4.53;5.93;4.77;;4.98
Kodarma;Jharkhand;;;;;;4.3;5.3;4.8;5.1;4.8;5.1;4.7;5.0;4.6;5.1;4.7;5.1;4.7;5.0;4.8;4.98;4.78;4.92;5.20;;6.32;3.85;6.41;4.33;;4.94
Kokrajhar;Assam;4.2;4.0;4.2;4.0;5.1;5.7;5.2;5.4;6.0;4.9;5.7;5.3;5.0;5.9;4.9;4.7;4.8;5.4;5.4;4.7;5.88;4.63;4.15;5.80;6.52;3.33;6.67;6.67;3.33;;5.08
KOLAR;Karnataka;7.0;6.7;6.4;6.8;6.8;7.0;6.7;6.4;6.4;6.6;6.9;7.3;7.6;7.7;6.5;6.5;6.5;6.1;6.4;6.3;6.58;6.61;6.21;6.75;6.20;3.85;3.93;4.02;5.47;;6.35
Kolhapur;Maharashtra;5.5;6.4;6.9;6.8;6.6;7.0;7.0;6.7;6.8;6.7;7.0;6.8;6.7;6.8;6.1;6.3;6.5;6.8;6.8;7.1;7.02;6.41;6.65;7.19;6.67;6.38;6.03;5.06;6.01;;6.57
Kollam;Kerala;8.5;8.3;7.9;7.9;8.7;9.7;9.5;9.1;8.0;8.0;7.8;7.2;8.4;8.5;7.3;7.5;7.4;7.5;7.4;8.9;9.42;9.44;9.23;9.59;9.63;8.65;9.51;9.77;9.94;;8.57
KOPPAL;Karnataka;6.6;6.4;6.6;7.0;6.6;6.7;6.9;6.5;7.3;6.6;6.9;6.8;6.7;6.8;6.6;6.5;6.9;7.1;6.7;6.7;6.73;6.61;6.74;7.27;6.21;7.31;7.82;6.53;6.84;;6.79
Koraput;Odisha;5.8;5.6;5.4;5.2;5.6;5.6;5.8;5.6;5.5;5.6;5.7;5.9;6.0;6.2;5.8;6.0;5.8;5.6;5.8;5.6;5.63;5.64;5.58;5.66;;;;;;;5.68
Korba;Chhattisgarh;6.2;6.6;7.0;7.6;8.0;6.1;6.3;6.5;6.7;6.6;6.8;7.1;7.1;7.2;7.2;7.3;7.2;7.2;7.0;7.2;7.31;7.25;7.24;7.29;7.54;7.63;7.97;7.40;7.06;;7.08
Kota;Rajasthan;;;;;;4.7;4.5;4.5;4.6;4.8;4.5;4.5;4.8;4.6;4.5;4.5;4.5;4.4;4.5;4.4;4.52;4.89;4.44;4.48;;5.42;5.28;5.20;5.51;;4.69
Kottayam;Kerala;7.2;7.2;7.0;6.8;6.1;6.1;6.3;7.5;7.7;7.7;7.4;7.2;7.1;7.2;7.1;6.9;6.9;6.8;6.6;6.5;6.52;6.50;6.35;6.39;5.96;5.46;6.93;7.78;6.61;;6.81
Kozhikode;Kerala;7.0;6.6;6.3;7.1;6.2;9.7;8.9;6.4;6.9;7.5;7.3;6.5;6.6;7.8;6.9;7.5;7.1;7.3;6.4;7.8;7.39;6.01;6.18;9.87;7.91;7.00;5.33;6.67;4.58;;7.06
Krishnagiri;Tamil Nadu;7.8;6.9;7.7;7.7;7.8;7.0;7.1;6.6;7.1;6.5;6.3;6.8;6.5;6.6;6.2;6.9;6.7;5.8;6.9;7.0;6.30;6.97;7.16;7.09;6.40;6.13;6.39;6.55;5.29;;6.76
Kurnool;Andhra Pradesh;6.6;6.3;6.0;6.1;6.4;5.7;6.0;5.6;5.7;5.4;5.8;5.9;6.3;6.0;6.1;5.8;5.7;5.4;5.6;5.4;5.60;5.62;5.74;5.83;5.77;5.77;6.28;5.79;5.86;;5.86
Kurukshetra;Haryana;4.7;6.6;7.1;6.5;5.6;6.2;6.8;5.2;6.1;6.3;6.5;6.2;6.2;6.5;6.4;6.8;6.5;6.2;6.5;6.4;6.85;6.24;5.97;6.54;;;;;;;6.28
Kushi Nagar;UP;;;;;;7.3;4.4;5.3;6.1;8.7;9.1;8.0;8.5;7.6;6.0;6.2;5.9;5.4;4.9;6.5;7.73;7.19;4.40;7.48;6.67;9.10;5.13;6.41;7.56;;6.72
Kachchh;Gujarat;4.6;6.1;8.1;7.3;5.4;3.9;6.7;9.0;6.6;4.6;6.5;8.6;6.9;4.6;6.7;8.6;6.8;4.8;6.4;8.5;6.59;5.42;6.82;7.72;7.30;4.17;6.79;8.95;6.81;;6.59
Lakhimpur;Assam;3.6;3.7;3.4;3.4;3.5;3.6;3.5;3.5;4.0;4.1;4.1;4.2;4.1;4.2;4.0;3.7;3.7;3.6;3.6;3.6;3.62;3.58;3.53;3.57;3.57;3.47;3.74;3.74;4.22;;3.73
Lalganj;UP;3.5;4.1;5.0;4.7;3.8;3.5;4.2;3.8;4.8;4.7;4.4;4.4;4.4;4.4;4.4;3.7;5.2;4.0;4.7;4.7;4.69;4.67;4.38;3.96;;;;;;;4.34
Latur;Maharashtra;5.6;5.8;5.0;5.3;4.8;6.0;6.3;5.2;6.0;5.6;5.0;5.6;5.8;6.2;5.8;5.4;5.1;4.8;5.5;5.2;6.45;5.54;6.22;5.77;5.31;5.12;5.58;5.44;5.40;;5.54
Lohardaga;Jharkhand;;;;;;6.3;8.1;7.6;7.5;6.8;7.1;7.1;7.2;6.9;7.1;7.1;7.1;7.2;7.2;7.3;6.96;7.10;7.01;7.02;;7.29;6.96;6.88;7.42;;7.14
Lucknow;UP;;;;;;6.2;5.5;5.8;5.6;5.8;5.7;5.7;5.6;5.8;5.6;5.8;5.6;5.9;5.6;5.7;5.61;5.66;5.66;5.66;7.33;5.60;6.08;5.46;6.25;;5.80
Ludhiana;Punjab;3.6;3.7;3.6;3.5;3.6;3.7;3.5;3.5;4.0;3.7;3.8;3.6;3.6;3.6;3.7;3.6;3.7;3.5;3.5;3.5;3.58;3.51;3.51;3.73;;;;;;;3.63
Machhlishahr;UP;4.5;4.1;4.6;4.6;4.3;4.7;3.8;4.2;4.9;4.4;4.3;4.9;4.6;4.6;5.0;4.4;4.3;4.3;4.5;4.3;4.47;4.88;4.16;4.35;;;;;;;4.47
Machilipatnam;Andhra Pradesh;6.0;6.0;7.2;7.0;6.0;5.3;6.6;7.4;6.7;5.8;6.5;7.1;6.6;6.4;6.6;6.9;6.8;6.1;6.3;6.9;6.63;6.20;6.66;6.76;6.25;6.72;6.00;6.32;7.54;;6.53
Madha;Maharashtra;5.5;5.5;5.5;5.6;5.6;5.6;5.6;5.6;5.5;5.5;5.5;5.6;5.5;5.6;5.6;5.5;5.4;5.4;5.5;5.5;5.59;5.60;5.61;5.61;5.61;3.96;3.87;4.39;4.62;;5.36
Madhepura;Bihar;4.2;5.5;5.7;5.1;5.0;4.3;5.3;5.2;5.5;5.4;5.3;5.1;5.1;5.3;5.0;5.5;5.1;5.4;5.2;5.4;5.09;5.43;4.82;5.61;;;;;;;5.19
Madhubani;Bihar;;;;;;6.4;6.1;5.8;6.2;6.2;6.2;6.1;6.3;6.3;6.3;6.4;6.3;6.3;6.4;6.3;6.31;6.38;6.31;6.29;;;;;;;6.25
Chennai Central;Tamil Nadu;;;;;;5.3;8.5;3.9;7.4;9.4;8.1;8.2;8.3;8.5;4.2;6.8;8.2;3.7;6.4;8.4;8.57;6.36;4.11;4.35;9.10;4.38;7.79;8.93;7.77;;6.94
"Chennai North";Tamil Nadu;3.3;3.3;;;;5.0;6.2;4.9;6.7;7.3;7.4;7.4;6.6;6.9;5.0;6.4;7.1;4.2;6.1;6.9;6.90;6.16;5.48;5.70;7.98;4.11;6.79;7.64;6.61;;6.08
"Chennai South";Tamil Nadu;;;;;;5.4;7.5;3.6;8.9;9.9;9.6;9.9;9.8;9.8;4.0;7.9;9.6;3.6;6.4;8.6;9.11;8.38;3.90;4.12;9.59;3.44;9.68;9.81;7.93;;7.52
Madurai;Tamil Nadu;6.2;5.3;5.1;5.1;6.5;6.0;5.4;5.7;5.2;5.7;5.3;5.8;5.4;5.6;5.2;5.7;5.5;5.9;5.6;6.0;5.71;5.86;5.52;5.75;5.54;6.17;5.20;5.23;5.22;;5.59
Mahabubabad;Andhra Pradesh;4.9;7.1;6.9;7.0;7.0;6.7;6.7;3.6;6.7;3.7;6.4;6.7;6.7;6.8;6.8;6.7;3.7;3.6;6.6;6.7;6.71;3.66;3.71;6.63;3.55;5.71;6.90;7.79;7.23;;5.96
Mahabubnagar;Andhra Pradesh;7.3;8.0;6.7;7.5;7.1;7.4;7.9;7.4;7.7;7.1;7.8;7.5;7.9;7.4;7.9;7.3;7.6;7.5;7.8;7.3;7.71;7.74;7.35;7.30;7.51;7.28;9.14;9.32;8.84;;7.66
Maharajganj;Bihar;;;;;;5.6;6.6;5.5;6.8;6.3;6.5;6.4;5.9;6.7;6.4;6.4;6.3;6.0;6.5;6.1;6.60;5.80;6.64;6.13;;6.93;7.50;7.40;6.77;;6.43
Mahasamund;Chhattisgarh;4.7;5.2;6.1;5.9;7.4;5.2;5.7;5.8;5.7;5.7;5.7;5.8;5.7;5.7;5.9;6.0;6.1;6.0;6.0;6.2;6.38;6.44;6.38;6.64;6.86;4.11;5.94;4.89;6.23;;5.87
Mainpuri;UP;;;;;;3.9;4.7;4.6;4.8;4.9;5.0;5.1;5.1;5.1;5.3;4.8;4.7;4.6;4.7;4.4;4.54;4.50;4.64;4.53;6.00;6.03;5.02;5.42;5.02;;4.89
Malakajagiri;Andhra Pradesh;4.9;5.3;4.7;4.9;4.9;5.1;5.6;5.7;6.3;5.9;6.1;6.1;6.4;6.1;6.3;5.9;5.7;5.5;5.6;5.7;5.60;5.56;5.46;5.19;6.00;7.55;5.56;5.17;6.62;;5.70
Malappuram;Kerala;6.8;6.7;7.3;5.8;7.5;6.9;9.5;6.4;7.6;8.1;7.4;7.4;8.7;8.9;6.7;6.5;7.0;5.4;6.4;7.6;9.59;7.12;6.34;6.93;6.54;5.70;6.54;6.41;4.05;;7.02
Mandi;Himachal Pradesh;7.0;7.5;7.4;7.5;7.3;5.8;7.6;6.3;7.1;7.4;8.1;7.4;7.5;7.3;7.7;7.9;7.5;6.9;7.2;7.9;8.04;7.68;7.04;6.71;;;;;;;7.33
Mandla;MP;4.0;3.8;3.6;3.8;3.6;3.7;3.7;3.6;3.7;3.7;3.7;3.6;3.5;3.6;3.5;3.5;3.7;3.6;3.6;3.6;3.63;3.67;3.66;3.68;;;;;;;3.66
Mandsour;MP;3.4;3.5;3.4;3.5;3.4;3.5;3.3;3.4;3.6;3.6;3.4;3.5;3.5;3.5;3.5;3.4;3.4;3.4;3.4;3.4;3.37;3.50;3.38;3.42;;;;;;;3.43
MANDYA;Karnataka;6.2;6.5;6.4;6.8;7.1;6.4;7.2;6.9;6.9;7.2;7.1;7.0;6.8;6.6;6.5;6.3;6.4;6.4;6.5;6.3;6.20;6.36;6.29;6.37;6.53;6.16;6.24;6.73;6.87;;6.59
Mangaldoi;Assam;3.9;3.6;3.6;3.7;3.9;3.8;3.8;3.5;4.1;4.3;4.1;4.4;4.5;4.2;3.8;3.7;3.8;3.4;3.5;3.5;4.03;3.97;3.46;3.60;3.39;3.38;3.42;3.47;3.51;;3.77
Mathura;UP;4.1;4.6;4.0;4.0;4.4;3.9;3.8;4.2;4.6;4.3;4.7;4.6;4.9;4.4;4.1;3.8;3.8;3.8;4.4;4.0;3.76;4.90;3.73;3.68;3.52;;;;;;4.15
Mathurapur;West Bengal;5.0;5.9;6.8;6.5;6.0;7.9;7.9;8.0;8.2;8.6;7.9;8.0;8.0;7.6;7.8;8.3;8.4;8.4;8.5;8.4;8.04;7.69;7.72;7.63;7.55;5.00;5.28;6.92;7.44;;7.42
Maval;Maharashtra;7.8;7.8;7.8;7.8;7.8;9.1;9.1;9.1;9.1;9.1;9.1;9.1;9.1;9.1;9.1;9.1;9.1;9.1;9.1;9.1;9.11;9.11;9.10;9.11;9.10;6.27;6.26;6.30;6.32;;8.50
Mavelikkara;Kerala;7.6;9.3;9.4;9.5;9.4;9.0;8.6;9.8;9.6;9.5;9.3;9.0;8.8;8.6;8.1;8.6;9.0;9.1;9.0;9.1;9.22;9.17;9.25;9.54;9.75;8.80;9.61;9.45;9.23;;9.11
Mayurbhanj;Odisha;5.0;5.3;5.3;5.2;5.0;5.0;5.5;4.9;5.4;5.3;5.3;5.1;5.5;5.7;5.4;5.5;5.3;5.0;5.4;5.2;5.28;5.17;5.14;5.21;10.00;5.97;6.28;5.56;5.64;;5.49
Medak;Andhra Pradesh;8.0;6.6;5.3;6.9;7.8;6.8;6.3;6.6;6.7;7.1;6.8;6.8;7.4;7.1;7.2;6.7;6.5;6.7;6.7;6.3;6.08;6.72;6.60;6.69;6.21;5.88;6.87;7.35;7.35;;6.77
Meerut;UP;5.3;4.5;5.7;4.6;4.9;4.8;6.5;5.3;5.1;4.7;5.1;4.9;4.9;5.0;4.9;5.1;6.3;5.3;5.0;4.9;5.10;4.99;4.76;5.27;;;;;;;5.12
Mehsana;Gujarat;5.7;7.0;7.3;7.2;6.7;3.4;6.7;8.9;6.6;3.9;7.1;9.4;6.7;3.9;6.8;8.5;6.3;4.7;7.1;7.7;5.66;5.00;6.55;6.69;6.06;5.63;6.79;7.24;7.86;;6.51
Mirzapur;UP;;;;;;5.8;4.2;4.6;5.9;5.7;5.2;5.8;5.5;5.5;6.2;5.6;5.0;5.2;5.5;5.6;5.04;6.10;5.08;5.28;;6.22;5.50;4.62;6.27;;5.45
Misrikh;UP;4.6;5.5;4.6;5.0;5.1;4.8;4.7;4.7;4.6;5.3;4.8;5.0;5.0;5.0;4.8;5.1;4.9;4.9;5.0;4.9;4.79;5.09;4.80;4.93;;;;;;;4.90
Mohanlalganj;UP;5.4;5.1;5.8;5.7;5.5;5.7;5.3;5.9;5.3;5.8;5.4;5.7;5.6;5.7;5.6;5.7;5.6;5.8;5.7;5.6;5.52;5.55;5.72;5.92;;;;;;;5.61
Moradabad;UP;;;;;;4.0;5.0;4.8;5.0;4.9;4.9;4.9;4.9;4.8;5.0;4.4;4.7;4.6;4.7;4.5;4.86;5.04;4.42;4.11;5.33;4.24;5.50;5.26;5.28;;4.79
Morena;MP;4.6;4.7;4.6;4.8;4.6;4.1;4.5;3.6;4.2;3.9;5.0;4.4;4.0;4.3;4.3;4.4;5.6;4.6;4.1;4.6;4.95;4.32;4.28;4.79;;;;;;;4.46
Mumbai North;Maharashtra;6.7;6.7;10.0;;;6.7;5.7;5.8;5.3;5.2;5.2;4.9;5.0;5.3;5.3;5.2;5.1;4.7;5.0;5.1;5.37;4.70;4.88;5.22;4.55;5.84;4.92;4.70;4.53;;5.46
Mumbai North-Central;Maharashtra;;;;;;4.8;3.6;3.8;4.6;3.9;3.6;3.9;4.3;5.2;4.9;4.1;3.7;3.6;3.6;3.7;3.69;3.55;3.53;4.11;5.45;6.06;4.38;3.52;3.62;;4.13
Mumbai North-East;Maharashtra;3.3;3.3;3.3;3.3;3.3;4.6;5.0;5.4;6.1;5.8;5.7;5.9;5.7;5.6;5.3;5.1;5.0;5.1;5.1;5.0;5.00;4.98;5.05;5.05;5.57;4.84;5.03;5.52;5.28;;4.95
Mumbai North-West;Maharashtra;5.0;5.0;8.3;8.3;8.3;5.3;6.2;5.5;6.8;6.3;6.4;6.8;7.1;6.8;7.0;6.2;6.6;5.9;5.6;6.7;7.19;6.17;5.36;6.36;6.98;5.52;5.40;6.74;5.94;;6.41
Mumbai South;Maharashtra;;;;;;4.5;4.5;4.5;4.8;5.1;5.0;4.8;4.7;4.8;4.6;4.6;4.5;4.7;4.6;4.6;4.60;4.41;4.41;4.56;3.33;4.28;4.68;5.24;5.62;;4.64
Mumbai South-Central;Maharashtra;3.3;;;;;4.1;4.5;4.7;5.4;5.5;5.6;5.5;5.4;5.3;5.3;4.8;4.6;4.6;4.6;4.7;5.02;4.85;4.61;4.62;5.21;4.41;4.62;4.99;4.98;;4.85
Munger;Bihar;;;;;;4.7;5.8;5.0;6.0;4.8;5.9;4.9;5.9;5.0;6.0;4.9;6.0;5.0;5.9;4.9;5.93;4.89;5.96;4.80;;5.81;4.55;5.77;4.55;;5.34
Muzaffarnagar;UP;5.0;4.6;5.8;4.8;4.8;4.5;5.6;5.0;5.3;5.4;5.4;5.4;5.3;5.3;5.3;5.4;5.7;5.4;5.5;5.4;5.39;5.14;5.07;5.34;;;;;;;5.23
Muzaffarpur;Bihar;;;;;;4.3;4.6;4.6;4.8;5.1;5.1;5.1;5.0;5.0;4.8;4.7;4.8;4.7;4.7;4.9;4.87;4.89;4.47;4.43;;6.42;4.17;6.71;6.67;;4.99
MYSORE;Karnataka;5.6;6.3;6.7;7.0;6.9;6.5;6.7;7.0;6.9;7.1;6.9;7.0;7.2;7.2;7.1;7.0;7.0;7.0;7.0;7.1;6.88;7.30;6.92;6.97;6.86;6.50;6.25;6.82;7.19;;6.86
Nabarangpur;Odisha;5.2;5.2;4.9;5.1;4.9;6.4;6.5;6.4;6.5;6.7;6.8;6.9;6.9;7.0;7.0;6.6;6.7;6.6;6.9;6.9;6.63;6.68;6.66;6.84;;;;;;;6.37
Nagapattinam;Tamil Nadu;5.8;4.7;5.3;5.2;5.8;5.5;5.8;5.0;5.0;6.6;6.2;7.0;7.1;6.8;6.8;5.8;5.4;4.8;5.0;5.5;5.64;5.04;4.81;5.93;5.95;7.40;6.16;6.20;5.25;;5.77
Nagarkurnool;Andhra Pradesh;5.7;5.2;5.6;5.1;5.5;5.6;6.0;5.8;5.5;5.7;5.7;5.9;6.0;6.2;6.0;5.8;5.5;5.6;5.9;5.6;5.54;5.76;5.69;5.70;6.67;5.86;5.47;5.69;4.21;;5.67
Nagaur;Rajasthan;;;;;;7.9;7.6;6.9;7.8;8.0;7.9;7.8;7.7;7.7;7.4;7.0;6.9;6.5;6.6;6.8;7.01;7.39;6.99;7.12;;7.07;8.43;8.34;7.28;;7.39
Nagina;UP;4.5;4.6;4.6;4.5;4.5;4.9;4.7;4.5;4.8;4.8;4.6;4.9;4.6;4.6;4.7;4.5;4.8;4.7;4.5;4.6;4.71;4.91;4.44;4.27;;;;;;;4.63
Nagpur;Maharashtra;5.9;5.3;5.7;4.7;4.7;5.5;5.9;5.8;6.0;6.0;6.7;6.8;7.0;7.0;7.1;6.7;6.8;6.8;6.9;7.0;7.39;7.26;7.36;7.25;7.41;5.81;6.20;6.31;7.20;;6.42
Nainital-udhamsingh Nagar;Uttarakhand;4.9;6.3;4.9;5.9;5.2;6.5;6.5;6.4;6.7;6.7;6.6;6.7;6.4;6.9;6.6;6.4;6.4;6.4;6.5;6.4;6.59;6.62;6.44;6.41;;;;;;;6.31
Nalanda;Bihar;;;;;;5.0;4.9;4.9;5.3;5.0;4.9;5.1;5.3;5.2;5.0;5.1;5.0;5.1;5.1;5.1;5.02;5.11;5.15;5.43;;4.64;6.72;5.10;5.78;;5.17
Nalgonda;Andhra Pradesh;5.8;5.2;5.3;5.4;5.3;6.2;6.4;6.1;5.8;6.0;6.1;6.1;6.1;6.1;6.3;5.8;5.9;5.9;6.0;6.0;6.03;6.09;6.10;6.31;6.30;5.86;6.34;6.25;6.23;;5.97
Namakkal;Tamil Nadu;6.7;6.8;4.4;4.0;4.5;5.2;3.5;6.4;6.6;6.0;7.7;7.7;8.1;8.3;7.5;7.0;6.9;6.5;6.2;6.6;3.55;5.36;6.05;6.12;5.96;6.46;5.98;5.93;5.44;;6.11
Nanded;Maharashtra;3.5;6.0;6.5;6.2;5.6;4.6;6.4;6.4;6.5;6.4;6.4;6.5;6.3;6.5;6.4;6.4;6.5;6.2;6.4;6.5;7.23;6.68;6.61;6.72;7.11;7.33;7.69;7.36;8.17;;6.45
Nandurbar;Maharashtra;6.4;7.3;7.5;6.3;7.0;5.8;6.4;7.0;7.1;6.4;6.5;6.7;7.2;6.7;7.4;6.6;6.4;6.5;6.9;6.6;6.37;6.98;6.27;6.65;7.13;5.88;6.94;6.84;6.41;;6.70
Nandyal;Andhra Pradesh;4.3;6.0;6.7;6.4;6.6;4.6;5.1;6.0;6.3;6.2;6.0;6.0;6.0;6.1;6.2;6.2;6.2;6.0;5.8;6.1;6.11;5.85;5.78;5.99;6.21;7.07;5.52;6.07;6.21;;5.99
Narasaraopet;Andhra Pradesh;4.7;5.8;7.8;6.8;5.6;4.7;6.7;7.6;6.2;5.3;6.7;7.3;6.1;5.6;6.7;7.0;6.0;5.7;6.6;6.9;5.91;5.73;6.78;6.84;5.99;4.33;6.57;7.77;6.58;;6.28
Narsapuram;Andhra Pradesh;6.6;6.3;6.6;6.8;6.6;6.5;6.0;6.5;6.9;6.4;6.2;6.5;6.8;6.4;6.2;6.4;6.7;6.5;6.3;6.4;6.59;6.51;6.35;6.39;6.43;5.92;6.09;5.97;6.12;;6.42
Nashik;Maharashtra;7.3;6.5;6.7;5.7;6.4;7.0;7.1;6.9;6.3;5.5;5.9;6.6;7.0;7.4;7.0;6.7;6.4;6.2;6.5;6.9;6.85;6.68;6.71;6.49;6.41;5.91;6.21;6.11;6.20;;6.53
Nawada;Bihar;;;;;;4.4;5.5;4.9;5.3;5.0;4.8;5.1;5.2;5.2;5.1;5.1;5.0;4.9;5.4;5.2;4.98;5.01;5.00;4.89;;3.67;6.00;4.08;4.25;;4.96
Nellore;Andhra Pradesh;4.1;6.6;8.8;6.5;4.5;5.0;6.6;7.9;6.3;5.3;6.7;8.0;6.9;5.6;6.6;7.6;6.4;5.3;6.7;8.1;6.93;5.54;6.82;7.43;5.84;5.25;6.44;7.60;6.35;;6.47
New Delhi;Delhi;;;;;;6.3;6.1;5.1;7.3;6.5;5.9;7.1;6.4;6.0;7.0;6.3;5.7;6.4;5.5;6.1;6.19;5.26;4.80;6.52;;;;;;;6.13
Nilgiris;Tamil Nadu;4.5;5.4;5.4;5.3;5.1;4.4;5.1;4.7;5.2;4.9;5.3;4.9;5.3;4.9;5.3;4.8;5.3;4.8;5.2;4.9;5.26;4.90;5.04;5.00;5.16;4.26;5.46;4.83;5.18;;5.02
Nizamabad;Andhra Pradesh;5.0;6.2;5.3;6.1;5.3;5.7;5.6;5.9;5.6;6.0;5.6;5.9;5.5;5.7;5.2;5.9;5.6;5.9;5.7;6.1;5.60;6.04;5.60;6.04;5.34;6.14;6.29;6.13;6.37;;5.76
North East Delhi;Delhi;;;;;;5.9;5.2;5.8;5.4;5.7;5.5;5.6;5.7;5.7;5.6;5.7;5.7;5.7;5.7;5.5;5.65;5.73;5.79;5.61;;6.37;6.04;6.03;5.74;;5.72
North Goa;Goa;6.8;7.1;6.8;6.9;7.3;7.6;7.0;7.0;8.2;8.2;7.4;7.6;8.1;8.4;8.4;7.8;7.2;6.9;7.2;7.1;7.08;7.49;6.71;8.27;7.26;7.75;7.38;7.61;7.74;;7.46
North West Delhi;Delhi;;;;;;5.0;6.1;4.6;5.6;5.1;4.9;5.3;5.3;5.1;5.3;5.5;5.5;5.3;4.9;4.6;4.92;4.46;4.27;5.21;;5.36;5.26;5.41;4.93;;5.13
Nagaon;Assam;4.9;4.4;5.0;5.0;5.7;4.8;4.7;5.1;5.0;5.9;4.9;5.2;5.5;6.1;5.5;5.0;4.9;4.6;5.3;4.8;5.96;5.16;4.69;4.81;4.22;4.47;3.99;4.36;4.72;;4.99
Ongole;Andhra Pradesh;4.9;5.8;6.2;6.0;5.9;5.7;6.0;6.0;6.0;5.9;5.8;5.8;5.8;5.8;5.9;5.9;6.0;5.9;6.0;6.0;5.87;5.91;6.11;6.20;6.14;6.35;6.43;6.53;5.23;;5.93
Osmanabad;Maharashtra;4.2;3.9;4.3;4.8;4.6;4.7;4.9;4.2;3.8;3.8;3.8;3.7;3.7;3.8;3.8;4.2;4.5;4.5;4.8;5.1;5.52;5.35;5.46;5.37;5.35;3.39;3.36;3.62;4.71;;4.38
Palamau;Jharkhand;;;;;;6.8;5.5;5.5;5.8;5.7;5.6;5.8;6.3;6.4;6.3;5.8;5.8;5.5;5.9;5.6;5.74;5.62;5.77;5.30;;7.53;5.47;5.27;7.00;;5.90
Palghar;Maharashtra;5.3;4.9;4.5;4.5;4.3;5.1;4.3;4.2;4.9;4.5;4.3;4.2;4.7;5.1;4.9;4.4;4.2;4.2;4.2;4.1;4.15;4.03;4.16;4.28;5.19;5.70;4.19;4.78;4.15;;4.52
Palakkad;Kerala;6.7;6.7;6.7;6.7;6.9;6.8;6.9;7.0;7.1;7.4;7.4;7.6;7.8;8.0;8.3;7.9;8.1;7.7;7.9;7.5;7.56;7.38;7.30;7.29;7.31;7.10;7.23;7.47;8.40;;7.38
Pali;Rajasthan;;;;;;7.8;6.6;6.6;7.3;6.4;7.3;7.1;6.0;6.9;6.6;6.3;6.7;6.6;6.5;6.6;7.32;6.65;6.87;6.45;;5.73;6.09;6.48;5.82;;6.63
Panchmahal;Gujarat;5.5;6.9;7.5;6.4;7.2;4.0;6.4;8.8;8.2;6.5;5.7;6.7;6.8;5.2;5.7;8.1;8.2;6.5;5.5;6.4;7.06;6.04;5.99;7.31;6.80;4.34;6.07;8.15;7.48;;6.60
Parbhani;Maharashtra;3.7;6.0;6.0;5.8;6.4;4.5;6.6;6.4;6.1;6.6;6.2;6.0;5.8;6.1;6.1;6.1;6.1;6.0;6.1;6.2;7.24;6.95;6.39;6.64;6.50;6.85;7.49;7.38;7.06;;6.25
Paschim Champaran;Bihar;;;;;;5.3;5.4;5.3;5.7;5.4;5.5;5.5;5.8;5.5;5.2;5.7;5.5;5.6;5.3;5.5;5.52;5.14;5.14;5.58;;4.00;5.17;4.83;5.33;;5.33
Pataliputra;Bihar;;;;;;6.6;6.4;6.4;3.6;6.4;3.9;6.4;5.7;6.4;4.6;5.6;4.7;5.4;6.3;4.2;6.31;3.85;6.20;3.70;;6.67;4.67;4.78;5.00;;5.38
Patan;Gujarat;3.9;5.1;7.7;8.6;6.2;4.5;6.6;7.6;6.6;5.3;6.6;7.6;6.7;5.9;6.3;7.3;6.7;6.1;6.4;6.8;6.67;6.09;6.70;6.91;7.03;4.38;5.26;7.59;8.10;;6.45
Pathanamthitta;Kerala;6.4;6.7;7.1;6.4;6.3;6.4;6.5;7.1;7.4;7.7;7.0;7.1;7.5;7.6;7.9;7.1;6.7;6.6;6.9;7.1;6.95;6.98;6.55;6.04;5.41;6.95;6.06;6.72;6.61;;6.82
Patiala;Punjab;;;;;;4.0;3.8;3.8;4.2;3.8;3.8;4.1;4.4;4.4;4.4;4.0;4.0;3.8;3.8;3.8;3.79;3.74;3.72;3.83;;3.68;3.65;3.68;3.77;;3.92
Patna Sahib;Bihar;;;;;;4.6;5.1;5.1;5.2;5.2;5.1;5.0;5.2;5.2;5.2;5.1;5.2;5.2;5.1;5.1;5.17;5.21;5.19;5.09;;5.93;7.24;6.75;6.17;;5.36
Peddapalli;Andhra Pradesh;6.9;7.3;7.1;7.1;7.1;5.8;6.8;6.9;6.9;7.3;7.2;7.5;7.5;7.5;7.4;7.2;7.3;7.3;7.0;7.0;7.19;7.16;7.06;6.81;6.73;6.28;6.93;7.33;7.15;;7.06
Perambalur;Tamil Nadu;7.2;8.3;7.2;6.4;3.6;6.2;6.5;5.6;6.3;6.0;4.9;6.9;6.3;6.1;6.6;6.5;5.3;4.9;6.0;6.0;5.57;6.10;5.90;6.00;6.79;4.02;4.69;5.03;5.63;;5.94
Phulpur;UP;;;;;;5.6;6.7;4.9;6.9;6.2;5.3;6.4;6.2;5.5;6.5;5.9;6.0;6.1;6.5;5.5;6.32;6.19;5.42;5.59;;6.02;5.71;6.08;6.73;;6.01
Pilibhit;UP;4.7;6.5;7.5;6.4;6.0;5.7;6.3;6.7;6.3;6.3;6.3;6.3;6.2;6.2;6.3;6.2;6.2;6.3;6.1;6.4;6.19;6.32;5.99;6.33;;;;;;;6.23
Pollachi;Tamil Nadu;5.6;6.0;5.3;4.5;4.0;4.6;5.4;4.8;5.4;4.8;5.4;4.9;5.2;4.8;5.3;4.9;5.2;4.9;5.3;5.0;5.30;4.85;5.24;5.02;5.32;4.80;5.32;5.20;5.17;;5.08
Puducherry;Puducherry;5.6;7.4;8.3;8.0;7.1;6.7;6.5;6.9;7.1;7.8;6.8;7.2;7.6;8.4;7.9;7.5;7.1;6.8;7.0;7.2;6.99;6.78;6.47;5.93;5.16;6.48;6.72;6.68;6.61;;6.98
Ponnani;Kerala;7.3;6.7;7.8;5.7;8.0;7.7;8.0;6.6;7.2;8.1;7.2;7.3;8.5;8.3;6.2;6.0;7.0;5.6;6.3;7.3;9.58;7.64;6.61;6.82;6.65;5.04;7.33;7.69;7.47;;7.16
Porbandar;Gujarat;3.4;6.7;9.8;6.5;5.6;3.8;6.3;9.5;7.1;4.7;6.3;8.3;6.6;4.7;6.3;8.6;7.0;4.8;6.3;8.0;6.62;4.66;6.47;8.32;6.87;4.02;6.53;9.27;6.34;;6.52
Pratapgarh;UP;3.8;4.1;4.4;5.1;3.6;3.7;4.1;3.8;4.4;4.6;4.5;4.0;4.3;4.1;5.0;3.6;4.7;4.2;4.3;4.0;4.56;4.59;4.13;3.64;;;;;;;4.21
Pune;Maharashtra;6.7;7.3;7.3;5.3;4.7;6.1;3.8;4.2;9.0;5.9;4.8;7.2;8.0;6.6;8.4;5.2;4.9;3.5;4.0;5.2;3.45;3.94;3.85;5.50;4.55;6.75;4.36;6.05;3.87;;5.54
Puri;Odisha;6.5;6.6;8.2;6.9;7.8;7.2;8.5;7.4;8.0;7.7;8.7;8.1;7.9;7.0;7.2;8.1;8.8;8.2;5.6;7.1;8.82;7.73;7.19;8.13;;;;;;;7.64
Purnia;Bihar;;;;;;4.1;5.5;4.9;5.2;4.9;5.3;4.8;5.4;4.8;5.3;4.9;5.2;4.9;5.2;4.8;5.12;4.73;5.39;4.54;;3.70;5.89;4.51;4.51;;4.94
Purvi Champaran;Bihar;;;;;;5.8;4.6;5.4;5.1;5.1;5.8;5.1;5.8;6.1;4.8;5.3;5.2;5.2;5.4;5.3;5.22;5.31;4.93;5.95;;5.30;4.70;5.08;5.63;;5.31
Rae bareli;UP;5.3;7.5;4.5;6.8;5.1;5.4;6.1;7.2;7.6;6.8;5.4;5.5;7.7;7.4;6.6;5.3;5.0;5.7;5.2;6.3;5.91;6.86;5.95;5.56;4.44;7.08;6.22;5.39;6.36;;6.07
RAICHUR;Karnataka;5.6;5.7;5.4;5.5;5.6;5.2;5.6;5.6;5.8;5.7;5.5;5.6;5.6;6.0;5.8;5.8;5.7;5.5;5.5;5.5;5.50;5.70;5.44;5.37;5.30;5.85;5.98;5.83;6.15;;5.64
Raigad;Maharashtra;6.8;6.8;6.8;6.8;6.8;6.8;6.8;6.8;6.9;6.8;6.8;6.8;6.8;6.8;6.8;6.8;6.8;6.8;6.8;6.8;6.77;6.76;6.76;6.76;6.75;3.78;3.78;3.74;3.73;;6.37
Raigarh;Chhattisgarh;5.7;6.6;7.7;7.1;7.6;6.4;6.8;7.0;7.2;7.1;7.1;6.9;6.7;6.9;6.9;6.9;6.8;6.8;6.8;7.1;7.29;7.46;7.44;7.44;7.62;5.67;6.36;7.31;7.12;;6.96
Raipur;Chhattisgarh;4.7;5.3;6.4;6.4;6.7;4.9;5.6;6.3;6.2;5.8;6.2;6.5;6.5;6.3;6.3;6.5;6.4;6.2;6.3;6.3;6.35;6.52;6.25;6.20;6.88;5.06;6.11;7.14;6.93;;6.18
Rajahmundry;Andhra Pradesh;6.3;6.1;6.3;6.5;6.3;6.1;5.7;5.8;6.1;6.1;5.8;6.3;6.3;6.2;6.1;6.3;6.3;6.3;6.3;6.2;6.29;6.30;6.29;6.16;6.07;5.24;5.97;6.33;6.52;;6.16
Rajampet;Andhra Pradesh;6.1;6.9;6.3;6.7;7.6;6.1;6.2;7.3;7.1;7.4;7.2;7.0;6.5;6.7;7.1;6.9;6.9;7.5;6.9;6.7;7.23;7.62;7.67;7.49;7.01;;;;6.67;;6.95
Rajgarh;MP;3.8;4.9;3.7;4.0;3.5;3.6;4.5;3.6;6.1;4.5;4.6;4.4;5.0;5.5;3.9;4.1;4.1;4.3;3.9;4.6;5.06;5.25;3.72;3.79;3.33;;;;;;4.31
Rajkot;Gujarat;3.4;6.5;8.6;6.6;5.9;3.4;6.6;9.3;5.8;5.2;7.1;6.7;7.3;6.8;5.4;6.8;7.6;6.0;6.1;7.0;6.40;6.98;6.71;5.82;6.98;3.46;6.60;8.91;6.84;;6.44
Rajmahal;Jharkhand;;;;;;4.3;5.2;4.8;5.3;4.9;5.3;5.5;4.8;4.8;4.6;5.0;5.3;5.3;5.3;5.0;5.30;5.22;4.74;4.66;;6.12;6.37;6.20;6.24;;5.22
Rajnandgaon;Chhattisgarh;4.1;5.0;6.6;7.0;7.7;5.7;6.3;5.9;5.4;6.0;6.7;7.1;7.0;7.1;6.9;6.8;6.7;6.3;6.3;6.4;6.35;6.61;6.63;6.83;5.80;4.39;6.03;7.17;6.79;;6.33
Rajsamand;Rajasthan;;;;;;7.8;7.6;7.1;7.0;7.5;7.2;7.4;7.3;7.0;6.7;7.1;7.3;7.4;7.2;7.4;7.18;7.21;6.78;5.72;;7.03;7.68;7.09;6.16;;7.12
Rampur;UP;4.1;5.6;4.4;4.7;4.9;4.4;5.0;4.8;4.8;4.9;4.8;5.0;4.9;4.9;4.9;4.8;5.1;4.8;5.0;4.8;4.86;4.96;4.69;4.53;;;;;;;4.81
Ramtek;Maharashtra;4.8;5.2;5.1;5.7;6.4;4.5;4.7;4.9;5.1;5.2;5.3;5.3;5.3;5.5;5.4;5.4;5.2;5.2;5.2;5.1;5.26;5.13;5.08;5.19;5.52;5.60;5.42;5.43;5.09;;5.25
Ranchi;Jharkhand;4.8;4.7;4.6;3.9;3.6;4.9;4.2;4.0;4.1;3.9;3.9;4.2;4.5;4.4;4.2;4.0;4.0;3.9;3.9;3.8;3.95;4.14;4.32;4.78;;;;;;;4.19
Ratlam;MP;3.5;3.4;3.4;3.4;3.4;3.4;3.3;3.4;3.3;3.3;3.3;3.3;3.4;3.4;3.4;3.4;3.4;3.4;3.3;3.3;3.33;3.33;3.33;3.35;;;;;;;3.36
Ratnagiri-Sindhudurg;Maharashtra;4.1;5.1;5.4;6.0;4.8;3.8;4.2;4.5;5.0;5.8;5.7;5.3;4.9;4.6;4.5;4.7;4.7;5.0;5.1;5.0;5.00;5.05;4.63;3.83;10.00;3.96;5.72;5.44;4.98;;5.06
Raver;Maharashtra;6.2;7.6;6.6;6.9;6.2;7.4;6.5;7.0;7.2;6.7;6.7;6.9;7.0;7.1;7.2;6.7;6.4;6.5;6.8;6.8;6.56;6.90;6.93;7.12;7.59;6.64;6.41;6.31;5.77;;6.77
Rewa;MP;3.4;3.5;3.4;3.5;3.5;3.8;4.0;3.7;4.1;3.9;4.0;3.9;3.9;3.9;3.8;4.0;4.1;4.0;3.8;3.8;3.87;3.84;3.62;3.68;;;;;;;3.78
Robertsganj;UP;4.4;3.9;4.3;4.6;4.3;4.5;3.7;4.1;4.7;4.5;4.2;4.5;4.6;4.5;4.9;4.2;4.0;4.2;4.4;4.2;4.26;4.93;4.12;4.16;;;;;;;4.34
Rohtak;Haryana;6.8;6.3;6.3;6.7;6.6;7.9;6.7;6.1;6.2;6.4;6.8;8.1;8.1;7.1;6.6;6.6;6.2;5.9;6.3;6.0;6.38;6.08;5.78;7.87;;;;;;;6.65
Sabarkantha;Gujarat;3.9;6.4;8.5;6.6;5.9;3.8;6.2;9.2;6.6;5.3;6.2;7.7;6.5;5.5;6.7;7.6;6.6;5.6;6.5;7.5;6.75;5.69;6.89;7.54;6.93;5.78;5.22;7.79;7.60;;6.51
Sagar;MP;5.1;5.2;5.0;5.0;4.9;4.6;4.6;4.7;5.1;4.7;4.7;4.8;4.7;4.7;4.7;4.6;4.6;4.7;4.6;4.6;4.60;4.74;4.64;4.70;;;;;;;4.75
Saharanpur;UP;4.7;4.7;5.1;5.1;4.9;4.7;5.4;4.9;5.3;5.4;5.3;5.3;5.3;5.2;5.1;5.2;5.6;5.2;5.3;5.1;5.20;5.23;5.05;5.16;4.51;;;;;;5.11
Salem;Tamil Nadu;6.8;6.6;6.5;6.2;5.3;6.3;3.4;6.5;6.4;6.6;6.5;6.6;6.5;6.4;6.5;6.4;6.3;6.3;6.2;6.5;3.46;6.68;6.52;6.31;6.26;7.06;6.40;6.40;5.88;;6.20
Salempur;UP;5.2;5.8;5.3;5.7;4.8;5.2;5.7;4.6;6.0;8.3;8.3;6.5;5.4;6.5;5.8;5.5;5.8;6.0;5.9;5.6;6.14;4.97;5.83;5.72;;;;;;;5.86
Samastipur;Bihar;;;;;5.0;4.9;5.5;4.6;4.5;4.5;4.5;4.6;4.7;4.8;4.8;4.9;4.8;4.7;4.6;4.6;4.56;4.64;4.59;4.44;;;;;;;4.71
Sambalpur;Odisha;5.3;6.1;5.6;5.7;5.4;5.4;5.5;5.6;6.1;6.1;5.9;6.1;6.1;6.4;6.0;6.2;5.8;5.6;5.9;5.6;5.69;5.87;5.32;5.40;;;;;;;5.77
Sambhal;UP;3.8;5.4;4.4;5.0;4.7;4.3;5.2;4.7;5.0;4.9;5.1;4.9;5.0;4.9;5.0;4.6;4.9;4.9;4.8;4.7;4.82;5.07;4.71;4.46;5.19;;;;;;4.81
Sangli;Maharashtra;6.2;5.2;5.2;5.9;5.5;6.3;6.2;5.9;5.9;6.5;6.4;6.0;5.8;6.0;5.9;6.2;6.2;6.3;6.3;6.4;6.30;6.00;6.11;6.09;6.00;6.14;6.86;6.39;6.72;;6.09
Sangrur;Punjab;3.5;3.5;3.4;3.5;3.4;3.7;3.4;3.5;3.9;3.5;3.4;3.4;4.2;3.7;4.4;3.4;3.4;3.4;3.4;3.4;3.37;3.43;3.41;3.75;;;;;;;3.54
Sant kabir Nagar;UP;5.4;6.2;5.9;5.9;5.0;5.6;5.9;4.4;6.3;7.8;7.8;5.9;4.9;6.3;6.4;5.6;6.1;5.5;6.2;5.7;6.46;5.27;5.73;5.87;3.33;5.60;5.67;5.98;5.88;;5.80
Saran (Chhapra);Bihar;;;;;;3.9;4.8;4.5;4.8;4.6;4.8;4.8;4.9;4.8;4.8;4.7;4.8;4.7;4.9;4.8;5.00;5.06;4.88;4.60;;5.37;6.30;5.40;6.07;;4.93
Sarguja;Chhattisgarh;6.0;6.7;7.4;7.1;7.3;6.4;6.8;7.5;7.2;7.4;7.5;7.2;7.3;7.3;7.3;7.1;7.2;7.0;7.1;7.0;7.36;7.45;7.44;7.37;7.60;6.51;6.83;7.33;7.69;;7.15
Sasaram;Bihar;6.3;7.2;7.2;7.9;7.9;6.0;7.3;6.6;7.0;7.2;6.9;7.1;6.9;7.0;4.8;6.4;7.5;6.3;5.5;7.2;6.93;6.99;7.72;5.69;;;;;;;6.81
Satara;Maharashtra;5.9;5.1;5.2;6.0;5.3;5.8;6.4;5.9;6.1;6.8;7.6;6.3;6.4;6.4;6.3;6.3;5.7;6.1;6.0;6.6;6.58;5.98;6.07;6.02;5.83;6.02;6.70;6.55;5.84;;6.13
Satna;MP;3.4;3.4;3.4;3.4;3.4;3.5;3.4;3.4;3.9;3.6;3.8;3.7;3.9;3.8;4.0;3.5;3.4;3.4;3.4;3.4;3.54;3.71;3.39;3.50;;;;;;;3.54
Secunderabad;Andhra Pradesh;3.3;3.3;6.7;6.7;6.7;5.0;5.4;5.9;6.2;6.1;6.1;5.9;5.5;5.8;5.6;6.0;6.1;5.9;5.9;5.6;5.85;5.96;5.84;5.76;5.22;4.31;4.86;5.02;4.85;;5.56
Shrirampur;West Bengal;6.5;6.5;7.1;8.6;8.7;6.4;6.4;6.7;7.1;7.8;8.3;8.1;7.6;7.0;7.0;7.3;7.6;8.0;8.0;7.7;7.57;7.28;7.47;7.82;8.08;4.77;6.45;7.95;7.56;;7.35
Shahdol;MP;;;;;;3.4;3.4;3.3;3.4;3.4;3.4;3.3;3.4;3.4;3.4;3.3;3.3;3.3;3.3;3.3;3.33;3.33;3.34;3.35;;3.38;3.33;3.35;3.33;;3.35
Shahjahanpur;UP;4.8;4.2;4.8;4.6;4.5;4.7;3.9;4.7;5.1;4.7;4.7;5.1;4.9;4.9;5.1;4.5;4.3;4.5;4.8;4.4;4.41;5.41;4.26;4.16;3.33;5.79;4.38;4.21;5.38;;4.63
Sheohar;Bihar;;;;;;5.3;5.0;5.1;5.2;5.1;5.0;5.0;5.2;5.1;5.1;5.1;5.1;5.1;5.1;5.1;5.12;5.17;5.07;5.07;;3.97;3.89;4.13;4.05;;4.91
Shillong;Meghalaya;3.7;3.8;3.9;4.0;4.7;4.5;4.9;4.1;4.1;5.2;5.8;5.9;6.0;6.0;5.9;5.7;5.2;4.6;4.5;5.0;5.43;5.71;5.73;5.43;5.01;5.04;6.68;5.36;5.53;;5.08
Shimla;Himachal Pradesh;6.9;7.7;7.2;7.5;6.9;5.9;7.4;6.2;7.2;6.8;7.3;7.1;7.2;7.1;7.6;7.4;7.4;7.3;7.5;7.3;7.41;6.72;7.30;7.08;;;;;;;7.13
SHIMOGA;Karnataka;6.0;7.0;6.8;6.6;7.0;6.2;6.8;6.7;6.6;6.4;6.5;6.6;6.5;6.6;6.7;6.7;6.8;6.8;6.9;7.0;6.84;6.77;7.03;7.09;6.89;5.51;6.98;6.71;6.58;;6.67
Shirdi;Maharashtra;7.0;6.9;7.0;7.3;7.7;7.1;7.1;7.2;7.4;7.4;7.4;7.7;7.7;7.7;7.6;7.5;7.4;7.4;7.5;7.4;7.40;7.41;7.55;7.44;7.51;7.17;7.00;6.73;7.16;;7.33
Shirur;Maharashtra;6.3;6.5;6.3;6.4;6.2;6.6;5.6;5.8;7.1;6.4;6.0;6.8;7.2;7.2;7.5;6.6;6.4;5.9;5.7;6.3;5.60;5.66;5.55;6.43;6.28;6.54;4.73;4.99;4.30;;6.16
Shrawasti;UP;;;;;;5.4;5.8;6.6;6.1;6.4;6.1;6.5;6.2;6.5;6.3;6.3;6.2;6.4;6.1;6.4;6.03;6.05;5.69;5.15;;6.38;5.80;6.34;5.84;;6.10
Sidhi;MP;3.4;3.4;3.4;3.4;3.4;3.4;3.4;3.4;3.4;3.4;3.4;3.4;3.4;3.4;3.4;3.4;3.4;3.4;3.4;3.4;3.36;3.35;3.35;3.35;;;;;;;3.36
Sikar;Rajasthan;;;;;;5.5;6.1;5.5;6.1;5.8;5.8;6.1;6.2;5.8;6.3;5.9;5.6;5.5;5.6;5.6;5.37;5.80;5.48;5.26;;5.28;4.97;5.95;6.00;;5.72
Silchar;Assam;4.8;4.8;4.8;4.8;4.8;6.1;5.0;5.0;5.2;5.8;5.0;5.0;5.6;5.5;5.7;5.4;5.2;5.0;5.0;5.0;5.30;5.70;4.99;5.34;5.60;5.59;5.56;5.56;5.70;;5.26
Singhbhum;Jharkhand;5.6;5.4;4.7;3.5;3.9;5.7;3.9;3.6;4.1;3.9;4.0;4.3;4.5;4.2;3.9;3.8;4.1;3.7;3.9;4.0;4.29;4.40;4.66;5.89;;;;;;;4.33
Sirsa;Haryana;;;;;;5.9;7.0;5.3;5.3;5.9;5.7;5.9;6.2;5.9;5.8;5.8;5.9;6.0;5.8;5.7;5.79;5.76;5.03;4.81;;5.24;7.08;6.45;5.41;;5.81
Sitamarhi;Bihar;;;;;;6.4;5.8;5.7;5.7;5.9;5.6;5.8;5.8;5.9;5.8;6.1;6.0;6.1;5.9;5.9;5.99;6.03;6.01;6.21;;;;;;;5.92
Sitapur;UP;6.7;6.6;6.7;6.6;6.5;6.6;6.7;6.9;6.7;6.9;6.6;6.7;6.6;6.9;6.6;7.0;6.7;6.7;6.8;7.0;6.54;6.69;6.68;6.29;;;;;;;6.69
Siwan;Bihar;;;;;;7.5;8.1;8.2;8.2;7.7;7.7;7.9;7.9;7.5;7.7;7.3;7.1;7.0;7.9;7.4;7.93;7.31;7.15;5.89;;7.60;7.43;6.90;6.93;;7.48
Solapur;Maharashtra;5.6;5.3;5.3;5.3;5.4;5.4;6.3;4.9;4.3;4.2;4.3;4.1;4.1;4.1;4.2;4.9;5.1;5.3;5.5;5.7;5.88;5.63;5.73;5.53;5.55;3.87;3.82;4.31;4.76;;4.99
Sonipat;Haryana;;;;;;4.4;6.1;4.4;6.4;6.4;7.3;6.9;6.6;7.5;6.4;6.0;6.5;5.5;5.3;6.3;6.74;4.98;4.64;4.52;4.86;6.36;7.02;6.62;4.17;;5.92
South Delhi;Delhi;;;;;;6.1;5.4;6.1;5.5;5.8;5.7;5.8;5.7;5.7;5.7;5.7;5.7;5.7;5.7;5.8;5.71;5.70;5.69;5.67;;6.07;5.65;5.89;5.72;;5.75
South Goa;Goa;5.1;5.3;5.1;5.4;5.5;5.3;5.4;4.9;6.4;6.1;5.9;6.7;6.9;7.1;6.8;5.5;4.9;4.4;5.0;5.4;5.54;5.82;5.18;5.63;6.86;5.32;4.87;5.10;5.51;;5.62
Srikakulam;Andhra Pradesh;4.3;4.3;4.3;4.3;4.3;4.4;4.3;4.4;4.5;4.4;4.4;4.4;4.4;4.5;4.5;4.5;4.5;4.5;4.5;4.4;4.39;4.39;4.39;4.40;4.39;7.33;6.67;6.67;7.33;;4.76
Sriperumbudur;Tamil Nadu;5.5;5.8;5.7;5.4;5.7;5.2;6.0;6.7;6.0;6.1;6.0;6.9;6.6;6.6;5.7;6.0;5.9;5.8;6.1;6.2;5.85;6.53;6.59;6.02;6.61;5.66;6.20;6.37;6.42;;6.07
Sultanpur;UP;;;;;;3.6;3.7;3.6;4.5;4.8;4.2;3.9;4.1;4.2;4.4;3.6;4.7;4.2;4.0;3.8;4.71;4.37;4.02;3.99;;4.24;4.27;4.72;4.64;;4.18
Sundargarh;Odisha;;;;;;6.9;6.6;6.0;6.4;6.4;6.2;6.6;6.4;6.3;6.4;6.3;6.4;6.6;6.3;6.2;6.67;6.57;6.16;6.21;;;;;;;6.39
Supaul;Bihar;;;;;;4.6;4.9;4.8;5.4;5.5;5.6;5.4;5.3;5.2;5.2;5.0;4.8;4.8;4.9;4.9;4.90;4.85;4.72;4.42;;6.58;5.67;5.92;6.08;;5.19
Surat;Gujarat;4.7;6.5;8.1;6.9;6.0;5.0;7.0;8.8;6.6;4.5;6.8;8.7;6.4;4.9;6.6;7.2;6.7;5.5;6.6;7.7;6.57;5.52;6.67;5.91;6.99;3.73;6.69;8.85;6.77;;6.51
Surendranagar;Gujarat;4.2;6.4;7.1;6.5;5.9;4.7;6.2;7.5;7.3;4.9;6.0;8.3;6.7;5.6;5.9;7.0;7.0;5.7;6.8;7.0;7.15;6.55;6.27;7.74;5.98;3.94;6.18;8.92;6.62;;6.41
Tezpur;Assam;4.4;4.5;5.3;4.3;4.3;4.2;4.9;5.2;7.3;7.6;5.2;7.0;7.4;7.6;5.4;5.1;4.8;4.1;5.1;4.3;4.70;5.27;5.32;5.04;6.67;3.33;5.00;5.00;6.67;;5.35
Thane;Maharashtra;;;;;;4.3;3.4;4.1;6.3;6.2;4.3;6.0;5.0;6.6;7.3;3.8;3.6;3.5;5.9;3.6;7.88;5.52;3.96;3.96;4.97;6.60;3.62;4.49;4.96;;5.00
Thanjavur;Tamil Nadu;3.6;3.5;3.7;3.6;3.6;3.9;3.6;3.8;4.0;4.1;4.1;4.2;4.1;4.3;4.2;4.2;4.0;4.0;4.0;4.2;3.81;4.04;3.97;3.72;4.02;4.31;3.78;3.87;4.15;;3.94
Theni;Tamil Nadu;7.0;7.6;7.1;6.7;7.1;6.2;6.4;6.4;6.6;6.8;7.0;7.6;7.7;7.7;7.4;6.9;6.6;6.6;6.7;6.7;6.96;7.16;7.29;7.28;5.42;7.12;6.85;7.03;7.03;;6.93
Thirvananthapuram;Kerala;4.1;6.4;7.0;7.0;6.7;6.2;7.2;7.0;7.2;7.0;7.0;6.9;6.9;7.2;7.0;6.8;6.8;6.6;6.7;7.1;7.29;7.42;6.98;6.89;7.14;4.44;6.55;7.30;7.30;;6.77
Tikamgarh;MP;3.4;3.6;3.5;3.6;3.5;4.2;3.4;3.5;4.1;3.7;3.6;3.6;3.9;3.7;3.6;3.4;3.4;3.4;3.4;3.4;3.42;3.84;3.44;3.52;;;;;;;3.59
Tiruchirappalli;Tamil Nadu;5.5;5.5;4.5;6.4;6.6;4.3;4.5;6.6;6.7;7.9;5.0;7.4;7.6;6.8;7.2;6.6;6.5;4.7;6.0;6.8;4.68;6.48;5.86;3.91;6.06;9.07;6.57;6.45;4.33;;6.09
Tirunelveli;Tamil Nadu;5.1;5.8;5.9;6.1;6.2;5.8;6.0;6.0;5.7;5.6;5.6;5.9;6.4;6.1;6.2;5.6;5.7;5.8;6.0;6.0;5.73;5.84;6.02;6.77;5.70;5.59;6.27;6.43;4.94;;5.89
Tirupathi;Andhra Pradesh;4.9;5.1;5.2;5.4;5.2;4.9;4.9;5.1;5.4;5.3;5.3;5.3;5.3;5.2;5.5;6.9;5.5;5.3;5.1;5.3;4.83;4.89;4.93;4.72;4.97;3.47;4.38;5.00;3.61;;5.06
Tiruppur;Tamil Nadu;4.6;5.7;5.9;5.8;5.3;4.8;6.1;6.4;6.4;6.2;6.2;6.3;6.1;6.0;5.9;6.1;6.1;6.1;6.2;6.4;6.16;6.09;6.12;6.24;5.91;4.95;6.10;6.88;6.49;;5.98
Tiruvallur;Tamil Nadu;5.8;5.6;5.0;5.1;5.6;6.8;6.1;6.0;5.8;6.7;5.8;5.7;5.2;6.0;5.5;5.5;5.5;5.4;5.3;5.2;5.50;5.85;5.28;5.46;5.45;6.31;5.92;5.64;6.09;;5.69
Tiruvannamalai;Tamil Nadu;6.2;6.6;5.4;5.2;5.6;5.5;5.2;5.8;6.3;5.4;6.1;6.9;6.4;6.7;5.8;6.3;5.5;4.8;5.5;5.9;4.32;5.37;6.15;6.47;6.77;6.04;5.19;5.79;4.77;;5.79
Tonk-Sawai Madhopur;Rajasthan;6.8;7.1;6.5;6.5;5.5;6.8;6.8;6.7;7.3;7.4;7.3;7.0;6.8;6.8;7.1;6.7;6.6;6.4;6.6;6.6;6.66;6.77;6.47;6.49;;;;;;;6.73
Thrissur;Kerala;7.4;7.4;7.3;7.3;7.4;4.4;5.2;5.6;5.9;5.5;5.5;5.4;5.4;5.6;5.5;5.8;5.8;5.5;5.7;5.7;5.53;5.41;5.72;5.95;5.46;4.51;5.54;5.46;5.30;;5.80
Tripura East;Tripura;6.4;5.7;6.5;6.9;7.4;6.9;6.5;6.1;7.0;7.0;7.0;7.0;7.7;7.5;7.4;6.9;6.3;5.7;6.2;6.6;7.48;6.81;6.13;6.68;6.81;6.67;6.60;6.86;6.87;;6.74
Tripura West;Tripura;6.4;5.7;5.5;5.1;5.5;6.0;6.9;5.9;6.8;6.1;6.0;6.4;7.4;6.6;6.2;5.4;5.7;4.9;5.6;6.2;6.42;5.46;5.03;5.54;5.78;5.39;5.51;5.38;5.02;;5.86
TUMKUR;Karnataka;6.2;5.6;5.4;5.4;5.5;6.0;5.8;5.6;5.6;5.5;5.6;5.7;5.9;5.8;6.1;6.1;5.8;5.9;5.8;5.8;5.68;6.09;5.48;5.36;5.00;6.22;5.73;5.40;5.28;;5.70
Tura;Meghalaya;3.4;3.4;3.4;3.4;3.4;;6.7;;;;;6.7;;;3.3;6.7;;;;;;;;;;6.67;6.11;6.06;6.30;;5.02
Udaipur;Rajasthan;3.7;4.1;4.5;4.4;4.2;4.2;5.7;4.3;4.7;4.6;5.3;4.7;4.5;4.5;4.3;4.7;5.5;4.6;4.7;4.6;4.82;5.08;5.08;5.15;;;;;;;4.66
Udupi Chikmagalur;Karnataka;5.2;5.7;5.2;5.8;5.8;6.4;6.5;6.6;6.6;6.9;6.5;7.0;6.9;7.3;6.8;6.3;6.3;6.3;6.6;6.5;6.50;6.45;6.48;6.83;7.02;5.29;5.67;5.71;5.44;;6.29
Ujiarpur;Bihar;4.8;4.9;4.6;4.6;4.6;5.3;6.0;4.6;4.4;4.6;4.6;4.8;4.8;4.7;4.8;4.6;4.6;4.6;4.5;4.6;4.58;4.63;4.48;4.52;;;;;;;4.72
Ujjain;MP;3.5;3.5;3.5;3.4;3.4;3.4;3.4;3.4;3.4;3.4;3.4;3.4;3.5;3.4;3.6;3.4;3.4;3.4;3.4;3.4;3.39;3.41;3.37;3.47;;;;;;;3.42
Uluberia;West Bengal;5.0;6.6;7.9;7.1;6.5;4.4;6.1;7.9;6.5;5.4;6.1;7.1;6.6;5.9;6.4;7.1;6.8;6.0;6.5;7.1;6.59;6.16;6.58;6.75;6.55;3.61;6.33;8.00;6.73;;6.42
Unnao;UP;3.9;4.4;3.6;4.3;4.0;4.0;5.5;4.3;5.0;4.3;4.2;4.4;4.8;4.9;4.5;4.3;3.9;4.5;4.0;4.6;4.35;4.58;4.10;4.05;;;;;;;4.35
UTTARA KANNADA;Karnataka;6.4;6.1;5.9;5.6;5.5;5.9;6.0;5.8;5.8;5.6;5.8;5.8;5.8;5.6;5.6;5.9;5.7;5.7;5.5;5.6;5.52;5.61;5.63;5.49;5.58;8.33;7.53;7.39;7.39;;6.00
Vaishali;Bihar;6.0;5.6;4.7;4.2;5.9;4.9;5.5;5.5;5.3;5.6;5.5;5.6;5.5;5.5;5.4;5.5;5.5;5.6;5.5;5.6;5.52;5.49;5.00;4.91;;;;;;;5.38
Valmiki Nagar;Bihar;;;;;;4.8;5.5;5.2;5.3;5.9;6.0;5.6;5.6;5.9;5.1;5.6;5.8;5.8;5.6;5.2;5.68;5.50;5.72;5.74;;;;;;;5.56
Valsad;Gujarat;5.1;5.3;7.5;6.6;6.4;3.6;6.8;9.7;7.0;4.9;6.6;8.4;6.4;4.4;6.5;8.3;6.9;5.4;6.7;7.4;6.46;5.53;6.65;7.13;7.06;4.05;5.94;7.87;7.07;;6.47
Varanasi;UP;;;;;;6.8;5.6;5.7;5.7;5.9;5.7;6.0;5.6;6.0;5.9;5.9;5.7;5.9;5.8;5.9;5.69;5.67;5.62;5.18;;7.75;6.42;6.92;6.75;;5.99
Vellore;Tamil Nadu;3.9;4.8;7.7;6.3;6.1;4.1;6.5;8.7;5.1;7.7;5.8;8.4;8.1;8.1;5.6;6.8;5.5;6.0;7.3;6.9;6.75;6.57;6.83;5.47;6.90;5.15;7.30;6.95;6.00;;6.45
Vidisha;MP;3.5;3.7;3.5;3.5;3.6;3.8;3.5;3.4;3.7;3.6;3.5;3.7;3.7;3.7;3.5;3.5;3.5;3.4;3.4;3.5;3.46;3.44;3.42;3.61;;;;;;;3.54
Vijayawada;Andhra Pradesh;5.5;5.1;7.7;8.1;5.3;5.3;5.6;7.8;7.3;5.5;5.8;7.4;7.8;7.2;7.0;7.4;6.8;5.5;6.2;7.3;6.80;6.36;6.67;6.75;5.75;4.76;6.12;8.53;7.01;;6.57
Viluppuram;Tamil Nadu;6.9;6.2;5.9;5.9;6.8;5.1;4.9;5.9;6.2;6.8;6.6;6.9;7.0;6.9;6.5;5.9;5.7;5.5;5.7;5.8;5.69;5.61;5.31;5.01;3.64;7.44;5.27;6.32;6.22;;5.98
Virudhunagar;Tamil Nadu;6.7;5.0;6.7;8.3;8.3;8.3;6.7;6.7;8.3;6.7;6.7;6.7;6.7;6.7;8.3;8.3;6.7;6.7;6.7;5.0;5.00;6.67;6.67;5.00;6.67;;;;;;6.80
Visakhapatnam;Andhra Pradesh;6.6;6.6;6.7;6.7;6.6;6.7;6.4;6.3;6.6;6.6;6.4;6.5;6.5;6.5;6.5;6.6;6.6;6.6;6.6;6.5;6.36;6.60;6.55;6.46;6.43;6.30;5.56;5.93;5.56;;6.44
Vizianagaram;Andhra Pradesh;4.9;5.6;4.9;4.9;5.3;5.3;5.2;5.3;5.2;5.2;5.2;5.2;5.2;5.2;5.3;5.3;5.3;5.3;5.3;5.2;5.17;5.24;5.20;5.22;5.16;4.39;4.61;5.27;4.50;;5.13
Warangal;Andhra Pradesh;4.6;4.8;4.6;4.7;5.2;4.7;4.2;4.5;4.6;5.3;4.4;5.0;5.7;6.1;6.0;4.9;4.4;4.4;4.5;4.4;4.39;4.36;4.48;4.52;4.27;;;;;;4.76
Wardha;Maharashtra;7.2;7.5;7.2;7.4;6.7;6.8;7.1;7.2;7.4;7.5;7.4;7.3;7.5;7.4;7.4;7.2;7.3;7.2;7.3;7.1;7.18;7.00;6.97;6.94;6.64;5.80;6.36;5.96;6.23;;7.04
WAYANAD;Kerala;6.1;6.8;7.6;7.5;6.6;6.4;6.2;7.2;7.3;7.0;6.6;6.6;6.6;6.6;6.5;6.7;6.6;6.4;6.6;6.7;6.78;6.69;6.64;6.36;6.18;5.57;5.44;7.35;7.59;;6.67
West Delhi;Delhi;;;;;;6.4;6.2;6.3;6.9;6.9;6.8;7.0;6.7;6.9;6.6;6.1;6.0;5.7;5.6;6.0;6.03;6.31;6.10;6.56;;6.84;6.90;6.80;6.34;;6.43
Yavatmal-Washim;Maharashtra;5.32;6.16;5.76;6.39;5.87;5.81;5.93;6.19;6.02;6.31;6.15;6.58;6.29;6.53;6.24;6.87;6.51;6.4;6.26;6.56;6.37;6.25;6.17;5.86;6.14;5.51;5.56;6.09;5.29;;6.12
Zaheerabad;Andhra Pradesh;5.6;6.91;7.65;6.85;6.32;5.52;6.6;6.89;6.65;6.81;7.32;7.32;7.11;7.03;7.02;7.02;6.94;6.72;6.82;6.96;7.09;7.05;6.78;6.74;6.91;6.21;6.09;6.90;6.96;;6.79
Grand Total;;5.32;5.73;5.9;5.8;5.73;5.35;5.68;5.72;5.95;;5.86;6.01;5.98;5.94;5.88;5.82;5.74;5.51;5.68;5.77;5.81;5.74;5.57;5.67;6.07;5.63;5.92;6.14;5.95;;5.73